2021/11/19 18:05,是正品药，和药店味道一模一样！价格还便宜一点！需要买常用药，处方药可以买这家店的很好！
2021/11/15 12:53,小孩家庭药备用药，效果较好，双十一优惠多多
2021/11/12 15:06,"LH价格也很划算??,药比药店便宜??,相当不错的选择?,和药店里买的999一样的?,有防伪标识?,买几盒在家有备无患12??,阿里大药房还是不错的??,这次用了红包更便宜??,喝着暖暖的特别舒服??,效果一样的?,看起来应该是正品?,想不到那么快就到了！五星好评超赞??,为了预防冬天感冒?,咳品感冒上午收到了了??"
2021/11/10 13:47,"ym双十一活动优惠?券拍的便宜,没有副作用??,发热十分均匀。跟药??店卖的一模一样,有防??伪标识,咳嗽很快止住??。阿里的东西很不错,??疗效很大,效果特别不??错没有子的。跟药店买??的一样,价格很实惠。??是正品,"
2021/11/19 9:46,三九感冒药效果非常好 跟药店一模一样还比药店便宜
2021/11/15 18:58,买了很多药，备用中，正品很好，活动实惠，推荐购买
2021/11/14 15:05,阿里大药房的药，有保证，比药店买要划算一点，变天了，防止感冒，提前屯点感冒药还是非常有必要的，包装也很完整，专用的logo包装，没问题。
2021/11/15 9:40,买了几次了，比实体划算，正品新日期有保证
2021/11/8 21:03,"ag在网上买很方便??,用的效果给力,客服服??务很好。现在是感冒多??发事件正好用的上,咳??嗽很快止住,没有副作??用。日期满意,有防伪?标识,这次用了红包更??便宜,疗效很大,大家??放心够买。阿里的东西??很不错,"
2021/11/15 20:15,是正品，店里很优惠，此外面便宜，还不错
2021/11/16 13:28,宝贝收到物流很快，是正品质量很好生产日期新。
2021/11/14 19:03,买的药收到了，非常好用，效果非常好，已经回购了很多次了，值得推荐。
2021/11/16 19:56,物流很快，第二天就到了，值得购买哦，跟药店一样的。
2021/11/19 13:13,老买家了，经常在这边购买一些日常保健用品，价格实惠，感冒冲剂也很方便。
2021/11/15 12:16,家庭备用药，是正品经常购买！
2021/11/15 17:40,感冒灵颗粒收到了很好很好不错
2021/11/11 19:48,"yk家里备用,咳嗽??很快止住,疗效很大。日??期满意,用的效果给力??,非常好。没有副作用??,不用担心有假。客服&spades;服务很好,有防伪标识??,质量很过关,对够称??。品质有保障,家中常??备药品。比药房买的便??宜一点,"
2021/11/14 10:57,物流和产品都不错，性价比高，赞赞赞??????冬天到了，感冒颗粒必备神器。
2021/11/9 21:37,"网上查过了。一模一样价格也很划算,没有副用担心有假。日期也很嗽很快能止住,日期都个牌子,咳嗽很快止住选择zuu，好多朋友看我用，你还说只要内物没破是普通人早就没耐心了要的是方便，建议购买特别不错，比药店卖的品，而且价格实惠，发灵已收到，发货很快，"
2021/11/14 14:49,挺好的，比药店便宜，买了以备不时之需
2021/11/16 0:02,真的是家中必备！现在这两种外面药房买不到了。每次喉咙痛准备要感冒前混着喝一次基本就好了。真的很好！趁着买赶紧各买三盒备起来！
2021/11/16 12:01,感冒药刚好到，我的病刚好好，简称，药到病除
2021/11/15 11:04,很方便，东西应该没问题
2021/11/17 21:50,999感冒灵颗粒，冲剂型，效果还好。
2021/11/17 14:46,999暖胃哈哈哈哈哈，真品真品
2021/11/12 20:48,包装很严实，日期也很新鲜，秋冬天换季容易感冒，家里真的得多备两盒。
2021/11/16 16:29,家中常备药～买来备用，正品！发货特别快，隔天就到
2021/11/14 8:33,可以可以，买的比我们这里的药店实惠
2021/11/14 14:01,冬天到了，先屯着以备不时之需，推荐
2021/11/18 9:54,买过很多次，和在药店买的一样
2021/11/17 18:06,冬季，家庭必备常用药！   有备无患
2021/11/19 14:58,挺好的，发货快，价格便宜，日期也比较新鲜
2021/11/15 15:15,包装很好，没有让我失望，值得购买！
2021/11/15 23:31,这次物流很快，超乎想象，商品一如既往地好，物美价廉
2021/11/11 23:50,买药不要太方便了，昨天下单今天今天早上就送到了，是正品，包装严实，日期也是到很久的，价格还实惠！不要太满意啦！
2021/11/16 20:14,太满意了，囤货买的，怕冬天来了，感冒多。
2021/11/16 12:57,收到货了、想不到这价格能买到这么好质量好颜色好、很合适、蛮满意的、款式又喜欢必须推荐大家购买
2021/11/15 16:16,非常好，放在家里备用。
2021/11/17 9:12,先说商品质量：产品总体不错，包装严实。再说商家服务：点赞啦。最后点评快递：发货很快。其他就希望店家多多优惠，及时通知老客户，祝生意兴隆。
2021/11/19 10:34,很方便，是正品双十一买的也还划算，每年冬天的必备品
2021/11/12 8:31,从来没有在网上买药，也是收到一张优惠券，报着试试的心态，收到后，惊到了，不错，是正品，下次需要，毫不犹豫的下单了
2021/11/11 13:08,很好，都是正品，外面现在已经买不到感冒药了，来阿里大药房还能买，冬季容易着凉感冒，囤货用。
2021/11/19 11:45,药品比药店买便宜很多！刚好感冒了，喝了几袋！效果和药店的是一样的！
2021/11/12 14:52,大药房速度快，过年了备点常用药安心，老牌子999灵效果挺好的。
2021/11/17 8:05,东西不错，做活动的时候屯点家庭常备药，比药店便宜太多，也不用去医院排队挂号。很方便。。。
2021/11/10 10:44,"发货速度特别快,而且比药店里面便宜多了。送到的时候包装也很好,没有破损,而且保质期时间都很新鲜,时间很久。"
2021/11/18 15:46,完美！下次还来
2021/11/11 18:21,物流速度真的是没话说，就是一个字：快。商品从外包装来看非常高档，真是一分钱一分货，贵有贵的道理在这里选购安全方便快捷??，快递小哥态度非常好，这个价格非常给力??，十分推荐，会继续回购一次很好的购物体验，服务周到，物流快速，配送也很周到，态度也很好，物有所值啊，果断好评！?已经多次购买了，家庭必备，购买价格实惠，送货速度很快，??包装也很精美
2021/11/14 22:18,家中常备，更安心。
2021/11/17 14:51,总体而言还算不错
2021/11/18 16:25,还不错，有效果
2021/11/14 8:39,很好会回购
2021/11/18 22:33,比实体药店便宜，效果一样，赞赞赞
2021/11/18 9:55,是正品 第一次在网上买药 真的很划算 也很方便 物流也很快 好评啦??
2021/11/8 16:46,好用，网上大药房质量有保证，和实体店一样的，主要是便宜，效果很好，感冒受凉一盒就好了??
2021/11/11 22:34,13.9应该比药店要优惠一些吧，也没去对比，应该是正品
2021/11/14 12:28,感冒好几天了才买的 三盒买是便宜的 正品噢
2021/11/14 13:16,家庭常备，有点儿不舒服可以吃，不用特地去买。
2021/11/8 14:28,不用说，超级好，特别是降温常备。因为特别容易感冒，而且比药店便宜，快递很快，一天就到了
2021/11/15 21:30,熟悉的配方，熟悉的味道
2021/11/15 17:26,好，备用
2021/11/14 20:30,挺好滴
2021/11/16 22:46,还不错，家里备点常用药，以备不时之需，双十一价格合适
2021/11/8 20:53,效果很好很不错，感冒立竿见影，价格便宜送货迅速
2021/11/8 18:10,发货很快，包装完整，价格实惠，以后有需要的可以再买&hellip;&hellip;
2021/11/13 13:44,包装很好，卖的也不贵，跟店里的没区别，效果很好
2021/11/17 11:57,东西不错，经济实惠，下次还来
2021/11/17 17:58,等我感冒好了在追评。
2021/11/15 17:50,从网上凑单买的三九，趁着阿里大药房包邮发货抓紧凑个单，正好也是家中常备药
2021/11/18 8:49,包装很好，价格合适公道，质量没问题
2021/11/16 0:46,阿里健康大药房赠的券买的，便宜多了，日期也是新的，包装完好。
2021/11/15 20:33,家里备点
2021/11/16 10:30,双十一买的，价格合理实惠，多次购买了。
2021/11/17 14:04,发货快，备用的！
2021/11/15 19:33,天猫超市买东西，真的方便又实惠，满意。
2021/11/14 14:42,价格便宜。比实体店便宜。质量一样
2021/11/13 14:02,线上买药放便快捷还有优惠
2021/11/14 19:57,便宜实惠，效果不错，值得推荐
2021/11/14 15:00,非常的不错，和药店里买的一样，不错不错，下次还会回购
2021/11/8 12:57,很快就送到了，喝完我的感冒也好得差不多，很不错哈哈哈(?&omega;?)hiahiahia
2021/11/19 13:19,经常买，很好用，价格实惠，一直用这个牌子
2021/11/16 16:19,好东西，发货快
2021/11/14 21:00,感冒药收到了，包装挺好的，跟药店买的一样
2021/11/15 19:57,买点常备药，每个都是新日期，都是真真的，相信阿里健康
2021/11/14 18:09,套餐价比较实惠，家中常备999感冒灵。
2021/11/14 10:02,便宜，比店里便宜很多，双十一就更便宜了。发货快，有保障。
2021/11/18 22:54,学校封校了冬天又很容易感冒这样在网上买真的很方便啊而且超级快
2021/11/15 17:06,很好，囤货用
2021/11/13 15:09,一直在阿里健康大药房买药，正品发货快，价格实惠，五星好评，有需要还在再来。
2021/11/17 20:16,比药店便宜，是正品，给家里备点药
2021/11/16 13:28,划算还是正品
2021/11/13 18:05,一如既往的好，可以囤着，万一感冒有个预备
2021/11/14 15:21,包装很好，不错
2021/11/14 19:17,可以的，有时候吹风会头疼，就习惯泡一包板蓝根颗粒喝，热热的喝下去就会舒服点。常备999感冒灵颗粒也是防止着凉感冒。快克的板蓝根有点淡
2021/11/14 15:42,药很好用，用一次，效果很好，用完还会再来购买。
2021/11/17 15:52,感冒跟快就好了，比店里的还便宜
2021/11/19 8:23,正品，棒棒哒，价格很优惠，总而言之挺好
2021/11/16 9:34,收到货后第一时间拆开了快递，拿到手后总的来说感觉还挺不错，之后如果有需要会考虑再来这家店铺购买，精挑细选之后算得上是物有所值，感觉好的话都会给大家力荐的。
2021/11/11 11:56,挺好的 还很快 包装完好
2021/11/19 23:24,挺好的，打算屯着以后用，快递挺快的
2021/11/9 20:29,感冒吃好的快，价格也优惠。
2021/11/14 12:36,看着是正品，可以的
2021/11/15 11:08,又快速又实惠，认准阿里
2021/11/14 19:37,冬天常备药，小伤风感冒的效果很好。
2021/11/9 15:11,药非常的管用，非常不错，下次还会来买的。
2021/11/11 22:47,大品牌，见效很快，一直家中常备
2021/11/14 18:12,宝贝已收到??，超级喜欢，颜值高又实用，超级喜欢！???
2021/11/13 13:18,货品已经收到！先要感谢细心负责的快递小哥，辛苦啦！卖家发货速度很快，货品包装非常仔细、严实，送达时完好无损，绝对的物美价廉，产品质量很好很满意！
2021/11/14 5:48,第2次买了，买来留着备用，之前买的一盒效果特别好，吃了几天。就没有感冒了。
2021/11/19 17:55,嗯 看着很新鲜
2021/11/8 21:09,和药店里的一样
2021/11/10 11:56,和实体店买是一样的效果，现在会在阿里大药房买，实惠又方便
2021/11/19 22:02,不错 价格实惠
2021/11/15 19:05,价格相当实惠
2021/11/15 12:12,很棒，因为每次喝的都是这个，习惯了
2021/11/14 20:31,趁有活动囤点家庭常备药品，价格很实惠，满意好评。
2021/11/11 8:36,大药房买药很方便，发货很快，比药店要优惠
2021/11/14 19:09,一直囤货一直买！有点症状就用！用来预防！风寒风热感冒也能一起用！很不错！
2021/11/16 12:19,还不错，挺好的，价格便宜实惠
2021/11/18 22:34,双十一买点家庭备用常规药。
2021/11/14 15:10,囤着来预防感冒用的，每年必囤货的东西。
2021/11/16 10:09,多次购买，价格合适
2021/11/18 21:51,跟店里的一样，买起来很方便
2021/11/17 19:06,家里常备的药，挺好的，这些都是中药成分。很好的，感谢能给发货，价格和本地差不多，也很方便的，很感谢。
2021/11/16 16:17,家中常备，活动很划算！
2021/11/14 16:10,不错哦正好有个券就买了备着
2021/11/9 21:42,先备着，价格比去药店买好！
2021/11/16 10:57,效果非常好，比我想象中的要好，值得购买。
2021/11/16 9:35,备用的，双十一应该便宜
2021/11/15 17:55,实惠！家里常备！
2021/11/19 8:54,货已收到很好商家讲信用快递很快
2021/11/14 13:06,第二次购买了 是正品
2021/11/2 18:26,有防伪标识，效果特别不错，比药店卖的便宜？比实体店买划算；包装完好无损，没有副作用，非常有成效，想不到那么快就到了！五星好评
2021/11/16 15:53,收货超级快，是真品！
2021/11/15 9:00,搞活动的时候买划算
2021/11/16 9:22,上海下雨天确实是冷 湿气也阴测测的往身上钻 买点999下雨天喝预防一下 感觉还是很有用的！
2021/11/17 17:59,物美价廉，很OK，比实体店优惠太多了
2021/11/9 13:09,查了一下感冒颗粒是正品，这个价格比药店便宜，真心不错
2021/11/8 8:23,不错，非常好，就是999比别的感冒药都好用。
2021/11/11 16:20,非常的好，比药店便宜很多
2021/11/14 11:22,买了备用，比较划算
2021/11/16 14:08,阿里大药房药价实惠
2021/11/14 19:59,双十一屯的，个人感觉999的感冒灵超好用，大人小孩都能喝??????
2021/11/8 10:43,感冒流涕吃上效果很好，价格不贵，质量安全有保证，吃完继续买。
2021/11/15 10:29,已收到，没有用呢，希望是正品
2021/11/8 17:05,感冒灵是真的，很好，很好喝，大家放心
2021/11/13 8:49,便宜实惠，治流鼻涕，效果杠杠滴
2021/11/14 20:51,非常好正品非常方便
2021/11/14 17:08,家中常备储备药品，有感冒症状前预防喝最好。
2021/11/19 16:21,比实体药店便宜
2021/11/14 17:22,备点，比药店便宜。
2021/11/8 18:19,很适合卫衣内搭 ，也很暖和，洗了一遍不掉色不掉毛，很适合南方的冬天，一件高领一件羽绒服简直完美，店里的其他内搭也很好，好了大概就是这样
2021/11/19 11:43,东西收到啦（??&forall;??）?
2021/11/15 20:46,实惠常备。
2021/11/14 19:21,实惠，囤货
2021/11/16 13:19,很满意，比药店实惠，质量也很好
2021/11/14 12:43,备用，划算 方便！
2021/11/14 20:19,好耶！坚持早中晚饭后各一包，一个星期过去感冒就好啦~而且999一点都不难喝！
2021/11/17 12:50,感冒冲剂效果很好
2021/11/17 20:48,很好，我正常买你们药，老客户了，正品。
2021/11/16 14:54,发货快，买来备用，比药店便宜
2021/11/18 15:41,多年老字号，每年都会屯一点以备不时之需。
2021/11/18 21:26,便宜，比药店便宜的多
2021/11/16 13:56,没事囤两包感冒药??
2021/11/14 12:58,阿里健康的正品
2021/11/12 20:46,非常的不错，继续的支持
2021/11/19 23:25,发货速度快，包装完好无损，是真品
2021/11/15 14:45,方便快捷便宜哦
2021/11/11 12:49,跟药店差不多，就是比药店还便宜挺多的，实惠又量多，五星好评
2021/11/14 22:05,应该是真品
2021/11/18 14:16,收到后前一天，感冒好了，????！有备无患吧
2021/11/15 15:44,扫码验货都是真的，还有赠品，很贴心
2021/11/14 21:15,已经买两次，是正品，很管用
2021/11/17 16:40,还可以，正品，家里常备的感冒药
2021/11/17 11:23,冬季常备感冒颗粒
2021/11/13 16:41,家里常备药，非常好
2021/11/14 21:21,不错哦优惠的
2021/11/15 7:48,价格公道，比药店卖的优惠
2021/11/15 15:03,好，效果明显
2021/11/10 19:41,便宜，实惠，和线下一样
2021/11/18 23:00,跟店里买的一样
2021/11/17 19:56,好好好 是正品
2021/11/16 21:30,正品很好
2021/11/12 8:47,前两天用了咳嗽也好多了来个好评价格实惠继续光顾
2021/11/3 21:38,"。效果特别不错?没有子的。。家里?备的感冒包装高大,,绝对够称称af用的效?给给力,咳品感冒?上午收到了了，快?换季了买来提前预月月最新的，价格实惠口药?第第二天zu就到?，非庭预防防还是?不错的选班就怕感冒冒！伪标识，怀念这包装?拿拿到手里货神速?这次家里备备"
2021/11/14 13:25,东西不错很方便
2021/11/16 20:41,很好不错，多次购买了，值得信赖，喜欢好评。
2021/11/12 20:30,双11搞活动屯药，
2021/11/4 18:45,日期满意，我一感冒吃它就好了，比药店实惠点，效果一样的
2021/11/14 9:48,和店里一样
2021/11/15 20:44,家庭备用药，已经回购第二次了
2021/11/10 12:04,双十一第一波活动买的，收到货第一时间拆包装，感觉质量还是比较好的，与宝贝页面描述的还是一致的，非常满意，发货速度比较快，客服服务态度一级棒，运送速度很快，总的来说这次是很满意的一次购物！！！！
2021/11/12 21:12,好！相信阿里。
2021/11/14 8:13,性价比非常好
2021/11/15 18:55,看起来还不错
2021/11/11 19:19,物流超级快，昨天下单，今天到了
2021/11/16 0:41,感谢马老师的红包
2021/11/17 14:16,包装很有意思！
2021/11/16 14:45,疫情期间必备的药品，用着方便实用。
2021/11/15 12:52,收到，确实方便，下面药铺都买不到了
2021/11/8 21:32,是正品，比药店里卖的便宜，以后可以放心在这里下单了。
2021/11/19 12:58,价格实惠，推荐
2021/11/11 19:41,日期很新 快递很快 第二天就到了
2021/11/18 10:29,日期新，正品，非常好
2021/11/4 22:49,此用户没有填写评论!
2021/11/13 17:04,挺好的，家中常备感冒灵，挺好喝的
2021/11/15 22:39,幸亏有阿里大药房    冬季存点感冒药是必须的  比药店方便多了而且还省事
2021/11/12 12:37,怎么说呢，快递箱被压坏了，里面的小盒子都有毁坏，希望在包装上可以做好一点防护，特别是双十一物流量大，物品更加容易挤压，商品里面应该没什么问题，如果防护措施做得更好一点就更好了。
2021/11/9 20:25,很好，买给别人的很快到了。
2021/11/17 17:49,特感谢商家发货神速，感冒药比药店便宜，????
2021/11/13 17:43,挺好的哈
2021/11/18 10:28,换季刚需品，家中常备的感冒灵
2021/11/17 10:55,包装的很好
2021/11/14 14:53,喝起来就很快的一个消耗品。。
2021/11/16 11:45,家里常用药备货，送货及时很满意阿里健康产品
2021/11/16 22:53,包装仔细
2021/11/14 17:55,快递很快就送到了，服务非常好，价格也合理
2021/11/15 15:40,物流快包装好 相信大药房
2021/11/13 12:44,物流非常快，验过了，是真的
2021/11/18 20:35,买来备用的，相信阿里大药房
2021/11/3 16:29,比药房买的便宜一点，正好买来备用，日期不错，吃这个见效快！阿里药房还是值得信懒的！主要是放心，不用担心有假。
2021/11/14 20:14,不错，价格实惠，发货快。
2021/11/13 23:29,热心卖家，下次再来。希望你下次有机会合作。祝你生意兴隆，质量非常好。出乎我的意料。包装很小心。谢谢您们。祝你生意兴隆。
2021/11/18 18:25,发货速度超快，果然第二天就到了，给力
2021/11/15 17:36,收到还没有用，先给好评
2021/11/19 9:08,是正品，喝了两次，就好了，好评
2021/11/18 20:17,是正品，能扫描出防伪码
2021/11/3 11:16,包装物流都很好， 双十一活动优惠券拍的便宜??，拍来家里备用，五星好评！
2021/11/19 14:33,是正品，价格也不贵，很满意。
2021/11/17 17:59,天冷，预防感冒用新日期
2021/11/16 19:10,扫码验证是正品！好评
2021/11/18 10:22,家庭常备药，以备不时之需！
2021/11/16 16:29,凑单买的，送货上门非常好，全五星
2021/11/9 16:49,宝贝收到了，是正品一直都是在他家买的，质量有保证。
2021/11/15 14:50,感冒喝它很快就好了
2021/11/14 22:30,非常好！居家必备神器！
2021/11/6 14:26,阿里的东西很不错，是正品，跟药房一样。感冒灵很好。留着先囤货。
2021/11/19 14:46,我喝了两包就好了不错不错
2021/11/14 13:25,发货速度快包装严实
2021/11/17 17:09,方便快捷，一如既往的好
2021/11/14 19:55,宝贝挺好的
2021/11/19 21:40,不错，价格实惠 ！
2021/11/16 12:53,，客服态度也挺好的，值！以后有需要还会来买
2021/11/17 16:13,发货速度很快物流速度也很快，真的次日达????
2021/11/16 8:44,预防感冒，家庭必备999
2021/11/19 19:36,挺有效果的   喝了几包  好很多了
2021/11/11 17:11,刚好姐姐感冒了，吃了两次效果不错，又拍了几盒，放到家里备着。
2021/11/16 20:26,天气冷了，家里准备一点感冒药，很不错
2021/11/14 17:35,预防感冒用的，家庭必备
2021/11/14 22:59,送货上门，为快递小哥点赞??加分
2021/11/19 12:48,多次购买了，是正品
2021/11/17 16:08,东西不错，价格双11最华算了，用全五分好评好代表想说的，照片就不照了，双11下单几十款东西，一个个照太花时间了。如果下次有需求会再来的。
2021/11/10 0:27,身边常备药
2021/11/17 18:49,售后服务真的好极了！夸夸客服们！！
2021/11/17 15:13,挺好！速度快！五颗星
2021/11/18 15:28,非常好用。方便，快捷。
2021/11/8 21:55,整体不错.价格实惠
2021/11/16 18:35,药效杠杠的，一包就好了
2021/11/11 16:24,三九是一直都在买的一种感冒药啦，个人感觉一如既往的好，治疗普通感冒也很快啦，而且也是正品。
2021/11/11 23:58,上网上买方便多了，阿里健康还有专门的药师为你推荐合适的药，很方便。
2021/11/19 14:08,正品保证 值得信赖
2021/11/18 13:54,日期都是近期的，方便快捷，好评。
2021/11/17 13:06,是正品 发货很快
2021/11/11 18:48,多次购买了，很不错
2021/11/19 12:13,家中常备！！防感冒必备
2021/11/15 14:07,效果不错，感冒退散
2021/11/13 13:33,冬天到了，害怕疫情严重无法购买，提前给家人和孩子买了几盒感冒发烧咳嗽常用药，日期都是新日期的，保质期还有两三年，满意！
2021/11/3 21:27,跟药店买的一样，价格还便宜，日期也新鲜，一直吃这个药 冬天家里多备一些安全放心
2021/11/18 22:52,第二次购买了，质量很好
2021/11/14 23:17,还可以感冒药常备的！
2021/11/18 19:30,给狗子买的，希望他的感冒快快好
2021/11/19 10:52,便捷，快速，非常感谢！
2021/11/15 18:00,好久没买感冒冲剂了，包装这么小吗？疫情期间多备点以备不时之需，速度挺快的
2021/11/14 10:46,这个季节，家里备点感冒药，预防感冒
2021/11/18 11:51,很方便，也很负责任～
2021/11/12 17:07,快递给力今天就到了，满意。
2021/11/14 19:02,连续买了好几次，不错的。
2021/11/18 9:28,有效果，必备药品
2021/11/17 23:10,在这买还是挺放心的
2021/11/16 22:27,超级快    一天就到了
2021/11/11 16:14,是正品，比药店便宜，网上买药也很方便快捷
2021/11/5 13:43,很棒很棒哈哈哈第一次在网上买药！ 既方便又卫生 省的去药店里买了！ 在学校还是应该多备一些感冒药
2021/11/15 17:39,常用药备在家里
2021/11/18 23:48,一直以来都很好。
2021/11/15 13:38,到货快，是正品
2021/11/18 17:45,买过多次，好好好好好好好
2021/11/17 12:52,备一点常用药物
2021/11/15 9:53,储备以备不时之需！
2021/11/8 15:42,包装的很好 三盒药??应该足够对付感冒了
2021/11/15 8:06,正品，家里备用
2021/11/19 13:09,备用囤着的，日期还算新鲜。
2021/11/8 10:00,正品保障，比药店优惠
2021/11/17 14:24,发货快，包装很好，客服服务态度好。满意的购物。
2021/11/18 1:05,感觉不错～好评
2021/11/16 17:39,挺有效的，症状好多了
2021/11/15 16:39,药还可以很好
2021/11/18 8:55,不错，家里喜欢备着三九，放心。
2021/11/13 14:54,物料较快，家里备用的，正品价格实惠，不错
2021/11/17 20:56,好????，质量很好，与卖家描述的完全一致
2021/11/15 19:33,一直喜欢的牌子
2021/11/16 17:48,家庭囤药必备
2021/11/14 19:55,包装很好，没有破损
2021/11/17 19:14,好用 感冒好了
2021/11/18 19:09,家庭常备用药，药效好，发货快??
2021/11/18 13:02,还好，家庭常备
2021/11/15 8:48,快递特给力，天黑还在送十分满意。店家发货也快
2021/11/19 18:15,不错不错，家庭常备！值得购买！
2021/11/8 20:53,快递很快，包装完好。在这店买比实体店便宜多和方便多了，是一次愉快的购物，下次如果还需要的还会回来购买，己经把商家店收藏起来，以后想再买也方便多了！！
2021/11/17 19:26,很快次日到达给个赞
2021/11/14 19:49,迅速，方便，货真价实，值得信赖！
2021/11/13 0:07,一盒里面好多包，划算??
2021/11/15 21:46,不错很优惠 有会员日卷
2021/11/15 9:55,发货快，包装严实
2021/11/18 17:02,的买购买，冬季常备药，有点流鼻涕啥的，喝一包睡觉很快就缓解了
2021/11/19 13:19,趁活动，囤点家中常备药
2021/11/12 12:47,顺丰速运过来的，很满意
2021/11/14 14:47,赠券买的，挺好的
2021/11/15 19:53,备用的，还不错
2021/10/22 18:19,"给家里老人备点常用药；?正品质量有保障 比药店卖的便宜？比实体店买划算；包装完好无损，用来做家里常备药.常用药备着GBG 跟去药店买来的一一对比下,一模一样？是正品,刚好这两天有点感冒？可以冲来吃,一直买这个牌子的。老牌子值得信赖! yf天气渐凉 大小"
2021/11/16 22:43,备用，正品
2021/11/17 11:25,回购的，和实体店比，物美价廉
2021/11/10 18:33,收到，谢谢！
2021/11/11 15:17,一如既往的好，买来防止换季感冒，预防感冒，效果很好
2021/11/13 18:37,囤货，赶上双十一，比实体店便宜挺多！
2021/11/19 19:34,物流超级快，隔夜就到了，跟药店一样，很好
2021/11/16 20:39,储备的，还没有用，用后追评
2021/11/17 10:45,已经买过好多次了
2021/11/14 19:50,感冒一下子就好了
2021/11/16 12:43,及时又暖心
2021/11/19 20:36,不错满意
2021/11/15 21:26,挺好，很快
2021/11/15 18:04,很快！挺好
2021/11/15 10:16,祝你健康
2021/11/15 9:01,速度很快，价格划算
2021/11/19 20:35,买来备用，冬季预防感冒
2021/11/16 8:32,一直回购
2021/11/19 15:56,日常必备
2021/11/14 12:51,收到，很快
2021/11/18 0:03,药效不错
2021/11/15 10:17,买起来备用快递完好
2021/11/15 18:08,买好备着
2021/11/13 18:23,正品，让人相信放心！多次购买了！方便又快捷！
2021/11/19 16:10,很好，多次购买了，很方便
2021/11/9 12:48,很实惠的，都是正品药，有活动就买下
2021/11/18 11:35,应该还行吧
2021/11/19 18:00,快递一天时间就到了，好快
2021/11/6 17:35,质量很过关，品质有保障，相当不错的选择，好多朋友看我用都想买，我都推荐了
2021/11/16 10:33,还没用，放家备着
2021/11/15 9:44,太方便了
2021/11/18 3:03,非常好，发货快，日期好，非常满意。
2021/11/19 22:21,OK 快递很快 一天就到了
2021/11/13 13:18,备着风寒感冒用的，省的去线下买了，还便宜
2021/11/13 23:37,效果还好，比药店便宜，值得购买
2021/11/14 15:56,买来备着的，双十一凑单不错的。
2021/11/15 16:25,?(???&thinsp;??????? ?)?
2021/11/6 7:56,此用户没有填写评论!
2021/11/17 14:22,不错，价格实惠
2021/11/19 9:49,价格优惠方便快捷
2021/11/14 15:02,快递很快，东西很好，很满意的一次购物。
2021/11/15 20:20,质量不错，希望尽快恢复。
2021/11/16 19:51,物流蛮快的，家里常备药
2021/11/12 20:53,很有效果，我是第二次购买了，效果非常好
2021/11/18 9:28,趁着双十一囤货啦趁着双十一囤货啦
2021/11/16 21:10,家中常备，预防感冒！
2021/11/16 17:35,家中常备，预防为主！
2021/11/19 1:54,双十一，日常囤货备货
2021/11/17 20:28,预防感冒家里常备
2021/11/14 22:40,很好，快递速度快，感冒药还没有吃，备用起
2021/11/18 13:05,也买过好多次了
2021/11/5 14:01,家里备用，是正品，发货快，下价格实惠。
2021/11/17 9:43,物流很快，早上7点多下单，改天就到了
2021/11/16 9:16,谢谢卖家，雪中送炭，非常感谢
2021/11/13 12:55,效果很好，着凉感冒冲热水喝一包，效果很好。
2021/11/15 1:32,物流快，这家药，很不错，特赞，一直很有效
2021/11/15 10:07,和小柴胡混着冲效果好
2021/11/15 12:27,快递很快，效果不错
2021/11/12 8:35,外面药店买不到，上网买方便便宜
2021/11/19 23:50,快递挺快，派上用场了
2021/11/14 19:56,家中常备感冒药
2021/11/14 14:38,快递快！赶紧喝药！好！
2021/11/16 10:47,正品，不错。
2021/11/19 11:22,见效快 两袋感冒就好了
2021/11/10 9:53,送了10元优惠卷 优惠下来3.9很划算的
2021/11/11 18:01,速度快，正品，有点感冒喝几袋就OK了，家里常备。
2021/11/15 22:24,买来家里备用着。
2021/11/17 16:37,可以的。要放在家中常备。
2021/11/13 20:41,正品，价格比药店便宜，还会继续回购
2021/11/9 22:24,不错，很方便，买来备用放在家里的，以防不时之需，可惜小儿鼓翘买不到
2021/11/11 13:12,比实体店买便宜，家中常备
2021/11/14 12:55,价格很实惠。
2021/11/17 20:49,快递很快，而且比我们家卖的便宜了一倍的价格，扫码验真伪了，放心。
2021/11/19 17:34,买来屯着备用的
2021/11/11 12:53,比药店便宜，家里囤点备用。
2021/11/8 12:14,宿舍囤货没有了 刚好趁着这时候买一些，最近温度降得多，就预防一下
2021/11/17 14:20,回购过好几次了，不错
2021/11/15 17:33,正品，管用，买就完了
2021/11/14 21:43,和药店买的一样，日期很新，物流很快
2021/11/19 19:06,不错，上午下单，下午到
2021/11/18 9:44,买来备用，很好用，物流也很快，给个赞。
2021/11/15 20:21,收到了，冬天囤货，家庭常备！
2021/11/17 13:59,到货快，很满意。
2021/11/17 20:29,很好，很实用，很好用。
2021/11/14 15:16,999家中常备
2021/11/15 18:38,快递很快就到了
2021/11/19 17:03,很快发货
2021/11/13 15:38,此用户没有填写评论!
2021/11/9 7:55,东西是正品有追溯码
2021/11/17 23:23,阿里的物流服务不错，交货速度很快，当然卖的产品质量不错。
2021/11/13 17:41,家长常备～习惯性囤货
2021/11/2 18:49,产品很好，跟药店卖的一模一样，有需要的可以下手！！
2021/11/8 13:19,和药店买的一样，999大品牌放心
2021/11/13 13:18,家中秋冬必备，很划算。
2021/11/8 19:36,N次购买了，经济实惠！好评！
2021/11/9 20:43,有券刚好可以买来囤着
2021/11/13 8:21,价格便宜，真心不错，药也没什么好拍的
2021/11/18 18:50,用了红包买的，很便宜。
2021/11/18 21:05,家常备货
2021/11/17 19:39,正在试喝
2021/11/14 15:02,囤货备用
2021/11/17 12:17,冬季备用
2021/11/17 16:11,囤货备着
2021/11/9 0:13,用优惠券买的，便宜很多
2021/11/5 16:47,物流很快，正版好货，好评(o^^o)，十分实惠
2021/11/4 12:43,是正品 凑单买的 便宜
2021/11/16 15:54,很好，家里备的。
2021/11/14 17:34,买给闺蜜的
2021/11/15 21:30,囤着备用的
2021/11/15 20:53,速度很快，第二天就拿到了，病好的也及时，不错
2021/11/13 21:00,对比实体店要划算！
2021/11/13 19:42,包装很不错，双十一囤货的不错选择
2021/11/18 16:11,很少在网上买感冒药，价格应该和实体药店差不多，只不过要自付运费，也使用不了医保卡，收货还是挺快的嘛，药品应该是正品，放在家里备用
2021/11/14 11:42,不错，速度快。
2021/11/16 12:02,大品牌值得信赖，一天多鼻涕就基本控住住了，就是吃完药有点瞌睡
2021/11/15 17:08,快递很到位?? 货真价实~
2021/11/12 20:11,小包装很不错的，双十一买的，收到第一个快递
2021/11/19 15:45,正品，发货迅速
2021/11/8 10:16,备用的，发货很快，收到的也挺快，一直在阿里药房买药，正品保障
2021/11/10 16:02,和药店卖的一样，包装完好，不错
2021/11/19 6:09,真的够快，头一天下单，第二天就收到了。
2021/11/11 21:06,很方便，和药店一样。不错不错
2021/11/19 9:27,正品家庭常备药
2021/11/9 13:30,比药店买的便宜，挺好的
2021/11/10 0:44,领到优惠券，很便宜，
2021/11/14 21:45,物流很快，价格实惠，满意
2021/11/10 7:45,实惠！老顾客了！
2021/11/12 22:22,比实体药房实惠
2021/11/10 18:23,运输速度快 及时 屯药不错选择 有备无患
2021/11/4 21:15,超级方便，扫苗追溯码保真品，阿里药房是居家备用药品的不二之选啊
2021/11/15 18:04,很好，家用常备药
2021/11/11 16:39,正品药，适合普通感冒用。
2021/11/13 19:35,真棒，我觉得今天的天气真的是超级好的，我的心情也是超级好的买的东西也是超级好的哇哦，什么都超级好的。
2021/11/9 21:39,之前同学给了我一袋还挺管用
2021/11/11 10:25,很方便，比药房便宜
2021/11/12 17:59,东西收到，多次回购服务好物流快五星好评
2021/11/5 11:25,比药店便宜多了，阿里大药房还是不错的，买几盒在家有备无患。
2021/11/15 18:28,快递很给力，宝贝正
2021/11/12 10:01,比店里便宜一点
2021/11/9 21:27,挺好的比药店便宜
2021/11/13 16:49,东西收到了，是正品。但我还没收到感冒就好啦哈哈
2021/11/13 20:05,包装盒完整，双十一那么多货物我还想着他盒子会变形啥的，但到我手里盒子跟新的是的，方方正正，非常好，值得表扬，当然里面的东西也没有损坏，药是买来备用的，所以没有使用反馈
2021/11/8 20:02,三九老品牌，感冒打喷嚏流鼻涕，喝了三包就好了，一直值得信赖的品牌，晚上下单第二天中午就收到了！
2021/11/13 14:46,就是这个包装换了，喝起来跟之前的没啥区别，反正还不错，屯着以后继续用
2021/11/13 17:16,双十一囤一些 便宜
2021/11/19 11:03,很好，日期都很新
2021/11/16 11:45,挺好的，效果不错
2021/11/18 11:27,不错，药效很快
2021/11/8 19:35,和店里买的一样，放心购
2021/11/15 13:58,备着待用，应该不错。
2021/11/11 10:42,速度快，还不错，经常在这买药，方便又齐全
2021/11/12 17:47,一直用这个预防和治疗感冒，家中常备没错。
2021/11/18 19:59,很好，家中常备
2021/11/19 0:11,家里常备。
2021/11/10 13:24,备用，实惠。
2021/11/14 17:16,凑单免邮的。
2021/11/18 13:17,快递还是蛮快的
2021/11/9 19:37,备用，平时服用效果很好
2021/11/11 1:35,宝贝收到咯????，真的很棒呀！??质量真是没话说，非常满意！??开心开心??物流速度真的是没话说，就是一个字：快。商品从外包装来看非常高档，真是一分钱一分货，贵有贵的道理
2021/11/15 18:03,物流很快，第一次在淘宝上买到次日达
2021/11/8 13:31,阿里健康大药房会继续回购，好评满分！
2021/11/19 9:16,一直使用这个牌子，一年一次感冒，喝一包就好了
2021/11/14 0:28,"很好,是正品,价格实惠,发货快"
2021/11/12 19:39,家庭常备，效果很好
2021/11/16 12:04,速度很快!
2021/11/14 2:19,网上买药方便快捷，也确实是比药店划算的多，药店的真的太贵了买不起嘤嘤嘤
2021/11/8 23:58,止咳糖浆效果太好了。
2021/11/15 9:40,很好，老品牌
2021/11/8 20:20,和实体店买的一模一样
2021/11/8 11:51,可以，效果很好
2021/11/8 22:09,快速方便便宜！
2021/11/14 23:00,物流很快，大药房值得购买
2021/11/18 11:34,好是好，为什么又不发新疆了
2021/11/15 19:40,很好，备用药
2021/11/14 12:52,一次购买了很多种，留着家里备用，比实体便宜很多，当地快递问题等的有点久，商品很满意
2021/11/8 10:04,药很好，室友的新冠治好了。
2021/11/9 9:44,非常好，正品，价格便宜
2021/11/9 15:04,非常的好，感冒药非常管用，下次还会来买的。
2021/11/3 21:40,双十一凑单商品，以备不时之需，希望用不到这个，大家都平安健康。
2021/11/3 21:32,妙啊妙啊  为了预防冬天感冒  双十一买了厚厚的衣服鞋子和感冒灵??
2021/11/9 20:32,和实体店买的一样
2021/11/11 14:27,正版药 物流速度也很快点赞点赞
2021/11/11 16:05,发货速度超级快，正好赶上家里药吃完了
2021/11/11 9:39,比药店里方便多啦，，阿里健康大药房好评！
2021/11/12 13:58,是正品挺好的
2021/11/11 9:43,很好是正品
2021/11/11 6:43,和外面药店一样
2021/11/15 15:19,备用的，好评
2021/11/15 19:32,值得购买！
2021/11/13 11:34,很方便便宜
2021/11/15 10:02,发货速度很快，很方便
2021/11/11 18:13,预防，效果很好
2021/11/14 20:04,挺好的，备用的
2021/11/8 19:52,挺便宜的，方便
2021/11/12 13:51,很有效果，喝完睡一觉就差不多了
2021/11/10 10:34,方便快捷，价廉物美，家居常备
2021/11/9 20:27,发货快，东西齐全，价格便宜
2021/11/9 14:09,效果立竿见影
2021/11/11 11:55,有券优惠
2021/11/8 11:34,非常好物流也快每次买起来家里备用起来放着很好
2021/11/10 19:00,家里常备药，药效好，正品。
2021/11/19 2:21,买回家备用。
2021/11/16 22:18,很快就发货了，满意
2021/11/9 21:23,不错子 甜甜的 凉凉的
2021/11/8 15:26,东西收到了.跟药店的一样，快递十分快，值得购买
2021/11/9 22:33,领到了9.8的购物券，买了一盒在药店13块的感冒灵，特别值！换季正好用得上。
2021/11/9 12:27,效果非常好。
2021/11/9 16:11,此用户没有填写评论!
2021/11/13 10:27,这个组合真不错。
2021/11/7 20:52,医生推荐的药很好 感冒已经好很久了 现在才来评价
2021/11/10 7:59,挺好喝【？】大概半盒，感冒就好了
2021/11/8 10:39,跟药店的一样
2021/11/9 10:49,家中必备的药品，非常好的感冒药，推荐
2021/11/11 21:20,很实体药店一样的，值得购买！
2021/11/15 12:27,物流发货很快，正品产品
2021/11/8 15:32,比药店便宜多了，到的也很快。
2021/11/12 8:34,不错，经济实惠！！！
2021/11/17 20:47,相当的nice，疫情管控本地一些不良商家开药店乱卖药，我阿里健康登记一下就可以直接买走了，很赞很方便，拯救了我的感冒，感谢
2021/11/9 14:52,冬天常备三九感冒灵，暖暖的，很贴心
2021/11/9 18:03,冬天到了，这个季节有备无患，先备上
2021/11/9 19:56,好用，正品，安全放心
2021/11/11 12:53,发货快，比药店便宜。
2021/11/12 9:19,阿里自营店，可以放心购买
2021/11/8 19:48,挺好的，挺不错，和药店买的一样，很实惠
2021/11/8 7:17,非常好，价格划算
2021/11/12 8:18,大品牌值得信赖，买着备用
2021/11/8 21:10,包装正常，保质期也不错，留着备用
2021/11/4 18:06,用了优惠券，还不错
2021/11/9 13:12,糖浆还不错，喝过嗓子很舒服
2021/11/2 8:59,价格比店里美丽多了，冬天的常备药。
2021/11/9 19:04,很信赖，阿里健康，买来预防用的
2021/11/2 22:08,挺好的，之前买过一次，效果不错，天冷了家里适合屯一些。
2021/11/9 22:51,快递真给力，第二天就到了，是正品，值得购买，
2021/6/15 12:18,此用户没有填写评论!
2021/11/12 15:44,本来优惠屯着的，哪知道买了还用上了
2021/11/11 10:03,第一次网购买药 还不错
2021/11/11 16:26,第二次买啦，可以可以
2021/11/11 7:27,效果不错，已经买了几次了
2021/11/9 19:50,信赖往往创造出美好的境界
2021/11/11 12:34,线下买不到，就在网上购买了，现在疫情又赶上冬天还是备一些
2021/11/13 13:42,正品，愿意无限次回购
2021/11/8 10:24,家里常备，预防感冒很有用。
2021/11/16 14:17,趁着活动囤些，就是快递包装有些潦草，有好几盒东西的包装盒都压扁了，打开那一刻看到挺无语的，希望在这方面能改善一下
2021/11/9 14:10,发货速度快，价格实惠，很满意的一次购物。
2021/11/16 23:49,救我狗命
2021/11/8 13:19,冬天到了，难免会感冒的，提前备好，大人小孩都可以哦
2021/11/8 19:46,是正品哈哈哈哈，睡不好的时候冲一包，包你睡到天亮
2021/11/12 16:06,非常好，又来回购点备着
2021/11/13 20:01,物流还是很快的，双十一这么忙，居然两三天就到了。
2021/11/11 16:11,很不错的宝贝哦！
2021/11/9 23:14,买来家里备用，希望用不着，哈哈哈哈！
2021/11/10 20:45,第一天下单第二天就到了 很快
2021/11/12 16:44,买来存着，小感冒应该挺好用的
2021/11/8 21:31,正品，价格公道
2021/11/8 10:50,赞赞赞物流很快是正品
2021/11/8 16:48,及时 对付感冒 比较好
2021/11/15 21:17,一个字快！
2021/11/10 15:04,质量好，包装用心，发货快，很满意！
2021/11/8 14:27,很好，和药店的一样。
2021/11/8 14:06,家中常备的药，到了秋冬就总不小心感冒，备着点好
2021/11/5 12:46,看门口的，生产日期新。推荐这个冲剂，喝了不会困。
2021/11/17 22:56,收到了  希望永远用不上
2021/11/9 21:40,很快很好，下次还来。
2021/11/9 9:36,一直吃感冒灵效果好
2021/11/8 15:38,送货很快，效果很好
2021/11/13 19:53,虽然是双十一但是很快送到我手上，感谢
2021/11/10 22:16,一看就是正品！赞??
2021/11/17 13:16,东西和物流都挺好的
2021/11/9 20:47,速度很快，也都是正品。
2021/11/8 17:01,是正品，运输也很安全
2021/11/13 23:01,家中常备预防感冒。昨天下雨淋了雨，回到家冲一杯喝下去就感觉身体暖了起来
2021/11/11 1:08,超级棒，物流也比较快，救人于水火之中哈哈哈
2021/11/12 13:41,很不错，和药店买的一样
2021/11/9 20:55,效果不错 值得购买
2021/11/11 10:24,国民老字号，没毛病
2021/11/8 8:05,很好，正品，速度快。
2021/11/10 22:08,物流非常快，晚上十一二点买的，第二天下午就到了
2021/11/3 9:55,预防感冒前的准备，喝着暖暖的特别舒服
2021/11/10 21:50,清微感冒还是有效的
2021/11/9 10:53,家庭常备，感冒首选
2021/11/12 18:44,发货速度快！品质保证!支持阿里健康大药房
2021/11/8 20:41,是正品发货也快
2021/11/11 7:59,给哥哥买的，希望他能早点好起来
2021/11/6 22:26,跟药店里的一样，只是药店不卖要去医院，淘宝真是给人以方便
2021/11/11 11:32,可以直接送到家，很方便！
2021/11/6 13:54,此用户没有填写评论!
2021/11/11 11:31,买了多次很实惠
2021/11/12 19:00,挺好的挺好的挺好的挺好的挺好的挺好的挺好的挺好的我很满意
2021/11/10 9:06,当天拍第二天就到货了，挺好的，满意满意。
2021/11/9 13:59,超级快 很好 方便
2021/11/8 9:00,物流快，效果也可以，又买了点囤在家
2021/11/13 9:38,"挺好的，这几天太冷，怕孩子感冒了想先留着,药听好的下次需要再来"
2021/11/10 12:54,和平时喝的一样
2021/11/9 21:50,买了三盒   还是可以的
2021/11/3 20:58,双十一活动 收货有迟缓 可以理解。
2021/11/11 18:42,每次都在阿里买药，发货快，棒棒的
2021/11/7 19:42,和药店买的一模一样，价格优惠，包装完好
2021/11/11 20:43,挺实惠的，日期新鲜
2021/11/11 14:12,发货很快，价格也比较合算，是正品～～
2021/11/8 16:33,比药店便宜很多，天气转凉了，备用点感冒药
2021/11/19 21:30,秋冬温差大备一些家庭必备药，以防万一。物流速度快，到货前电话通知。
2021/11/14 0:28,和药店买的一样，不错
2021/11/8 10:27,秋冬季必备备用药
2021/11/13 13:23,药很好，经常购买！
2021/11/12 20:05,冬季备用，非常好。
2021/11/8 17:10,感冒常备，刚备好，又感冒了
2021/11/3 13:26,发货很快，阿里买东西也放心，趁着活动屯点！！！
2021/11/8 14:24,家用备药，有备无患！
2021/11/11 19:20,预防感冒很有效
2021/9/3 10:38,此用户没有填写评论!
2021/11/8 12:43,是正品，速度又快，第天就收到了
2021/11/8 14:13,喝了就感冒好了，及时雨啊
2021/11/8 7:36,很快就到了 不错
2021/11/17 10:56,老师肯定开心开心奶凶奶凶男的女的没得嘛等你
2021/11/12 16:16,发货还挺快，家里备点感冒药。
2021/11/8 14:49,赞，这药真的有用
2021/11/8 20:59,非常满意好评
2021/11/7 19:15,物流很快。和药店买的一模一样很划算
2021/11/7 11:59,囤一盒
2021/11/11 23:38,好，家里还是备点感冒灵比较安心。
2021/11/11 8:52,高原旅行必备。
2021/11/12 15:41,不错不错，发货很快，价格实惠
2021/11/9 13:25,正品，非常好
2021/11/12 10:29,家中常备的药品，天气冷了，买点放家里预备着
2021/11/2 10:04,这个季节特别适用，方便快捷，健康安全，品质保障，相当可以，价格便宜，999值得信赖，不知道够了60没，大家一定一定一定要买，买买买，不要错过不要错过，买它买它，先这样吧，太多了
2021/11/17 10:17,效果不错，
2021/11/13 9:36,快递速度快，还送货上门  好评
2021/11/2 10:08,宝贝收到了，和医院一样一样的
2021/11/16 13:10,每一盒我都扫了一下，都是扫码一人。 生产日期还是比较近的
2021/11/12 19:34,一直购买，常年备用的感冒好药。
2021/11/13 0:14,比药店里面买便宜很多，不错！
2021/11/16 10:07,速度好快感动*了
2021/11/13 10:20,基本在这里买的，疫情先备点
2021/11/9 13:58,天气冷了，备点常用药品
2021/11/8 21:06,物流速度很快，下次会再来。
2021/11/9 17:14,价格很划算！！！
2021/11/2 16:28,棒，有用啊，感冒必喝，没病屯着
2021/11/1 16:17,日期都蛮新鲜的！价格比在实体店优惠！网上够药很方便  一直买这个牌子的 用的效果给力  咳嗽很快止住 留在家里备用的 跟店里的一样 在网上买很方便 是正品
2021/11/13 8:20,好评，家庭备用药品，预防感冒
2021/11/12 15:50,应该可以
2021/11/19 15:49,质量好，很好
2021/11/8 8:18,很实惠不错
2021/11/12 15:07,发货快 挺好
2021/11/8 14:06,买来备用的，挺好的，已经买了好几次了
2021/11/13 19:11,发货快，已经第二次购买了。
2021/11/15 18:07,收到了，好评
2021/11/12 12:47,吃了2天就差不多好了
2021/11/9 21:40,回购多少次
2021/11/10 17:44,??值得购买
2021/11/13 19:29,此用户没有填写评论!
2021/11/11 7:22,家中常备，好
2021/11/11 10:54,买来预防感冒的 很好 物流很快
2021/11/8 18:37,快捷，正品
2021/11/5 14:43,东西很好，看起来应该是正品，之前感冒一直吃三九感冒灵，提前买买好，家中常备
2021/11/4 12:31,味道很正，入口柔一线喉
2021/11/18 21:05,服务很好
2021/11/17 14:31,发货很快，很好
2021/11/9 9:31,是正品，和药店的是一样的，说明书都有
2021/11/11 12:59,发货挺快，常备，搞起来
2021/11/9 18:12,正品 物流快
2021/11/17 17:53,物流快，服务好，质量好
2021/11/11 21:59,很好方便、
2021/11/17 17:50,物流很快的哦
2021/11/16 12:13,双11还是实惠很多的，嗯嗯，囤在家里，有时候偶尔可能又有一点小感冒，上次感冒的时候花了我100多块钱，而且还只是买药，心疼呢，还是买这种预防一下比较好。
2021/11/9 17:10,很好很好，吃了就好了。
2021/11/9 15:56,速度很快，质量很好，服务态度很好。一次比较不错的购物体验。
2021/11/9 17:54,很快很好??
2021/11/12 21:16,方便快速
2021/11/8 17:43,很便宜 爱了
2021/11/5 17:30,发货快，和店铺描述的一样
2021/11/10 20:44,非常不错。
2021/11/9 5:50,日期不错的
2021/11/13 12:19,换季必备呀，
2021/11/6 9:23,药品非常好，和实体店的一模一样，价钱合理，最主要的是方便，建议购买
2021/11/11 23:08,不错不错，非常的好用快递也非常的快质量也不错商家服务态度也好很喜欢很不错很好的一家店
2021/11/12 16:02,速度相当快，非常好。
2021/11/13 15:58,发货及时，价格实惠
2021/11/12 21:42,喝了很有效
2021/11/10 12:33,信任这里，一直在这买，不错
2021/11/3 21:01,家中常备，以备不时之需。
2021/11/18 12:58,客服态度很好，物流也很快，赞！
2021/11/13 14:02,经常来 物流很快 很满意
2021/10/31 17:48,此用户没有填写评论!
2021/11/13 21:50,快递很快，而且物品保真
2021/11/11 19:45,挺好的，价格很合适
2021/11/12 18:04,到货快，效率高，方便
2021/11/8 22:05,此用户没有填写评论!
2021/11/8 15:08,药效强筋 物流迅速
2021/11/11 14:59,喝起来凉凉和
2021/11/13 8:59,经常买，很多次了
2021/11/8 12:33,好评，是正品。
2021/11/13 12:59,第二次购买了
2021/11/7 11:42,家庭常备药，发货快，快递派送及时，送货上门，为师傅点赞??
2021/11/15 10:31,药效不错。
2021/11/9 20:31,习惯性好评！！
2021/11/9 10:24,快递第二天就收到了
2021/11/2 13:53,感冒灵四季必备，
2021/11/2 16:36,宝贝很好，家庭必备。
2021/11/12 9:51,喝下暖暖的，家里常备
2021/11/13 8:01,非常好！快递速度快！
2021/11/12 23:41,发货，快递很快！这些是冬天的必备品
2021/11/6 13:38,一盒九包，发货特别快
2021/11/2 21:22,此用户没有填写评论!
2021/11/19 18:15,喝一包感冒就好了，是真牛*，昨天晚上十点多买的，今天就送到了
2021/11/9 3:59,快递收到、物流很快，药品保证，好评！
2021/11/11 20:51,头一次买，有优惠
2021/11/13 13:02,好，发货速度快
2021/11/13 18:38,双十一凑单囤货
2021/11/9 7:39,已经吃完了
2021/11/7 8:32,很好，正品，感冒已经好了
2021/11/10 23:09,nice啊
2021/11/9 0:04,挺好的 物流也很快
2021/11/17 9:35,备用药，挺好的。
2021/11/12 13:02,常备着，冬天到了
2021/11/10 17:58,刚给她买就分手了
2021/11/4 15:57,味道好极liao。
2021/11/11 14:43,在感冒症状比较轻的时候，冲几包，就没什么问题了，家中常备一点很安心，尤其是在疫情时候。
2021/11/12 9:58,直接送货上门，方便。好评
2021/11/3 18:12,发货速度快，比药店要便宜不少
2021/11/13 22:40,收到啦，很不错，非常喜欢，值得购买
2021/11/10 12:44,999感冒灵，暖暖的很贴心，买的比较划算，还没有感冒，还没吃
2021/11/9 12:23,满意，发货快购买方便
2021/10/26 14:51,er马上下单了999?，刚好这两天有点感冒?，宝贝和描述一样?，想不到那么快就到了！五星好评?，客服服务很好??，现在是感冒多发事件正好用的上??，在网上买很方便?，一直都是吃这个药效果很好??
2021/11/12 12:04,买过好几次，发货快
2021/11/12 14:30,家里常备些
2021/11/11 22:32,有活动囤药
2021/11/10 7:51,天冷备在家里，很不错
2021/11/12 9:20,凑单囤货用的
2021/11/11 6:47,疗效待检验
2021/11/12 12:54,家中常备品
2021/11/10 14:18,常备的家庭药
2021/11/7 11:04,健康就好
2021/11/8 13:20,快递速度很快！
2021/11/2 11:10,此用户没有填写评论!
2021/11/10 22:40,挺管用的，吃了两天感冒全好了
2021/11/11 17:39,买来备用的，快递很快，信赖阿里大药房
2021/11/4 21:14,换季必备
2021/11/4 14:47,家常必备
2021/11/11 16:45,年轻人抵抗力是真好，感冒那天下的单，物流也挺快的，两天就到了，然而今天感冒已经好了??
2021/11/13 11:40,很好 物流很快
2021/11/14 16:16,和实体店产品一样。
2021/11/15 8:48,东西是正宗的，反正我吃了还可以，止咳化痰应该起到作用了
2021/11/7 13:15,高端大气上档次，低调奢华有内涵。奔放洋气有深度，狂拽炫酷*炸天。
2021/11/12 10:58,发货很快，和药店买的一样
2021/11/13 8:29,日常备货
2021/11/15 13:08,挺好的，病好了，流感季貌似过去了，留着备用吧。
2021/11/9 13:36,需要就买吧
2021/11/10 1:01,很好，支持这个牌子
2021/11/12 16:54,凑单，备用
2021/11/8 10:35,价格优惠，质量有保证，值得信赖
2021/11/11 21:41,物流真棒
2021/11/3 19:00,特别好，
2021/11/8 20:54,多次购买了，值得购买
2021/11/11 10:18,多次购买了，满意
2021/11/6 20:20,家里常备，预防感冒
2021/10/25 11:11,"ivw包装很好,没有副作用,需要再回购。疗效很大,发热十分匀。三九感冒灵颗粒感冒灵冲剂包装很好,有防伪标识,绝对够称。三九感冒灵颗粒已收到,效果不错。咳嗽很快止住,值得购买。送货到家好方便,用的效果给力"
2021/11/9 16:20,发货很快，包装完好
2021/11/9 19:07,发货及时，放在家里备用的，中成药副作用小
2021/11/8 21:00,物流贼快
2021/11/11 18:44,物流超快啊
2021/11/8 20:33,物流公司服务态度很好，运送速度很快！
2021/11/4 9:24,寄到感冒好了
2021/11/12 20:53,天气冷了，家里备着点感冒灵，认准三九感冒灵！
2021/11/9 14:48,旗舰店，值得信赖
2021/11/12 14:23,正品，非常满意
2021/11/19 19:46,感冒的时候买的，到了就好了，就这备用吧
2021/11/5 8:15,比实体店实惠 实体店只会推荐一些杂七杂八的东西
2021/11/5 22:35,物流快价格划算
2021/11/10 17:23,快递及时，头天晚上下单第二天晚上就到了。感冒药效果也不错，吃了两袋基本上感冒都好了一大半
2021/11/13 22:42,隔天就能到，发货与送货速度好评
2021/11/9 14:05,好的，谢谢，哦冥冥中
2021/11/10 10:35,买了备着
2021/11/10 9:31,和描述一下 购买方便
2021/11/8 8:46,evergood
2021/11/19 9:13,这是我重新拍的，第一次拍的物流明明是第二天送达，结果中间公费旅游，去蕲春玩了，终于好不容易到了，结果不派送，直接寄回去了。简直大无语，你们公司要是开不下去了，或者想去见一眼bd，大可不必这样。这简直跟玩一样。客服也是，说解决方案，方案就是你别生气，我没错。牛了，你们客服简直硬气的不要不要的。虽然这第二次没出什么差错，但是奈何第一次不行啊，宝。差评是肯定要给你的，不然枉费我等了这么多天，还有哦，退款也是，感觉一个大公司还怕你吞钱一样，别家的退款怎么秒到账，你们家就扣扣搜搜，是给自己攒的gc本么？服务态度极差！简直不要太恶劣。出了事情的解决方案就这态度，以后谁还敢在你家买啊，各位都长点心吧，就这，说不定还假货呢。
2021/11/16 21:38,我今年在淘宝买东西太生气，不发货，也不给理由，我等了好久。就说是系统出错。我问了好多次客服投诉到消费者协会才给我处理。
2021/11/11 14:25,纯粹凑单的，好评
2021/11/16 21:09,价格实惠，日期正常，而且在小镇上很容易买到假药，光看看主页面的用药指导感觉一般的感冒都能清楚用什么药了，比医生说的还清楚。疫情期间提前备好
2021/11/10 23:19,很好，感冒好了
2021/11/10 9:12,家里常备药，发货速度快
2021/11/11 16:01,不错，可以的
2021/11/13 23:19,好评！发货速度快，第二天就收到了
2021/11/2 20:18,还行吧??还行吧??挺有效果的????????????????????????????????????????????????????????????????????????????????????- ??(?????)王?( ?????&omega;????? )?&lt;－biubiu－&sub;(`&omega;&acute;&cap;)
2021/11/17 18:33,上午买的下午就到了简直太给力了
2021/11/3 10:00,味道不错，比较清淡 有一股淡淡的清香，很好闻，用完还会回购的。
2021/11/4 16:52,东西很好，是正品，比药店便宜，而且又方便
2021/11/8 16:13,很不错，是真的
2021/11/14 20:00,冬天了，日常囤药
2021/11/10 12:02,正品，好评
2021/11/11 19:16,正品，不错
2021/11/8 20:11,发货速度快，家庭备用
2021/11/12 21:11,给女朋友买的 她感冒了 买一些给她备着
2021/10/22 21:43,"需要再回购,我就是有优惠券才买的,昨天下午就到了,感冒药吃了就好了,马上下单了999,还单品包邮?,卖家发货速度很快,一直都是吃这个药效果很好,跟店里的一样!"
2021/11/9 18:32,发货很快，天气冷了，要备着才有安全感！
2021/11/7 7:57,家庭常备药都是阿里健康买，优惠又真，真好
2021/11/9 19:00,收到了，很高
2021/11/15 4:22,第一次在阿里大药房买东西，买了19种东西，以为都是同一个店发货的，直到看到发货动态才知道分了五六家店发过来的??好在发货都很及时所以整体购物体验良好，就是能在一家店发完会更好，个方面品质非常好
2021/11/8 14:19,发货很快，和外面卖的一样，价格也实惠。
2021/11/2 20:16,很快就到了，新日期正品，包装很仔细，没有问题
2021/11/3 16:04,店家服务好，物流快。值得大家放心购买。
2021/11/13 8:30,挺好的，价格也不贵
2021/11/5 9:18,这是第二次回购，现在疫情要登记，买来备用的，日期很新，物流也快
2021/11/5 15:11,东西不错 质量挺好 完美的一次购物
2021/11/9 18:19,买来囤着的，买了大人和小孩的。比医院药店都便宜的多
2021/11/7 22:17,常备药，买来在宿舍备着
2021/11/10 10:00,快递速度很快，好评
2021/11/13 13:06,挺好的，很实惠！
2021/11/5 16:54,效果很好，跟药店里里面的一样
2021/11/13 21:23,客服很细心，服务很好??
2021/11/9 20:46,很好！满意！
2021/11/9 9:49,备用的，家用常备药。
2021/11/8 20:24,存货，预防万一
2021/11/13 12:00,挺好的，常备。
2021/11/8 11:11,流感季节买了预防
2021/11/10 15:58,收到了，买来备用
2021/11/4 15:02,宝贝很好，老板很客气，值得购买。赞
2021/11/18 22:16,家庭常备感冒药，看见便宜，所以备份一点。多次购买这个冲剂，效果一般吧。
2021/11/2 23:54,应该是正品，还没用，店铺比较放心
2021/11/6 18:39,正品，跟药店没有区别，还便宜，喜欢！
2021/11/4 20:52,好，比药店做活动还便宜几块钱呢
2021/11/5 15:48,蛮好的，网购非常方便，而且也是正品，值得推荐购买
2021/10/30 13:02,感冒药收到了，包装完好，没有破损，价格也很划算，凑单很方便，999感冒药副作用小，吃着放心，天猫大药房买的放心，肯定是正品。
2021/11/10 0:21,物流快，非常好
2021/11/5 20:53,一如既往的又快又好，比药店的还便宜一些，会再来购买的，祝店家生意兴隆！
2021/10/28 18:14,"ae包装完好无损,??疗效很大,效果好。给家??里老人备点常用药,有??防伪标识,绝对够称。??跟去药店买来的一一对??比下,没有副作用,可??以冲来吃,发热十分匀??。刚好这两天有点感冒?,就买了三盒,用的效??果给力,"
2021/11/13 15:45,药收到了，物流快，包装好！扫了一下是正品
2021/10/23 14:01,一直都是用这个牌子，效果特别不错，有一点点小感冒，喝了立马见效，而且价格比实体店实惠好多
2021/11/12 17:58,物流很快，可以的
2021/11/9 18:57,买来备用的。
2021/11/5 21:02,真心喜欢，颜色、款式都非常棒！
2021/11/16 15:36,还没用，买来先摆着
2021/11/2 17:16,宝贝很好，实惠好用，称心满意！
2021/11/7 18:09,正品，非常好，因为这段时间天气变化大，所以买了预备着。快递非常给力。
2021/11/6 21:45,很好，是正品，而且价格实惠，发货快
2021/10/23 14:04,家里一直都备着这一款，价格比实体店实惠好多，而且效果特别好，用完了还会来买着备用
2021/11/5 16:11,活动期间屯一点，比外面便宜一些
2021/11/5 23:55,物流发货速度快，双十一买划算备点常用药，有备无患。
2021/11/12 20:12,物流快，挺好的
2021/11/10 19:16,有点贵，比实体店方便快捷，次日就到了
2021/11/2 17:50,感冒灵很好，日期也很新鲜。
2021/11/18 14:48,还没喝，感冒已经好了
2021/10/27 9:12,作为夜里饿了的小零食非常合适，一箱各种味道的都有了，价格也很便宜，生产日期是当月最新的，价格实惠口味口感都不错，满意。
2021/11/15 8:15,没吃，家庭必备药
2021/11/4 7:33,赞哦，双十一买比线下还便宜哈哈哈哈
2021/11/12 19:16,正品，有用，昨天下午两点下的单，今天下午五点就到了，物流很快
2021/11/18 20:33,快递速度很快。
2021/11/4 16:44,多次购买，方便实惠。
2021/11/5 9:52,包装严实，东西完美，冬季了，大家注意保暖，不然感冒哦
2021/11/5 8:21,多次购买，非常实惠
2021/11/2 17:24,价格实惠，储备一些以备不时之需。
2021/11/4 12:38,效果很好，吃了几天，感冒好的差不多了
2021/11/4 11:13,应该是正品 还是在网上买方便
2021/11/4 8:01,家庭常备药！比实体店便宜！
2021/11/7 19:08,发货速度快，直接送上门，这大店买的东西基本上都是正品，放心购。
2021/11/11 12:45,这次的快递有点慢，家里常备药都是在他家买的，价格比较实惠
2021/11/7 10:01,此用户没有填写评论!
2021/11/2 13:39,搞活动购买的，包装快递都非常完美，感冒药居家必备，赶紧购买吧。
2021/11/3 16:09,和药店一样，价格还便宜
2021/11/6 18:33,非常满意的两次购物，是正品。以后还会回购
2021/11/5 21:47,和药店一样，价格实惠
2021/11/3 18:00,很好，我们寝室集体感冒，睡前喝了一包，第二天就好很多了。是正品，包装也完好无损，发货也挺快的。
2021/11/6 14:00,检验是正品，留着预防感冒
2021/11/2 16:33,经济实惠又方便。
2021/11/3 14:44,挺好的，便宜，效果好，以后需要还会回购
2021/11/4 19:51,包装很好，颜值不错，质量也没有问题
2021/11/4 10:30,次日到达，跟实体店买的一样，效果很好。
2021/10/31 16:49,此用户没有填写评论!
2021/11/16 15:46,快递很快就到了。
2021/11/12 8:27,家中常备，999的感冒灵真的太有用了。感冒了，冲两包，睡一觉，就好了。
2021/11/6 16:14,很好的宝贝
2021/11/19 8:05,老牌子了，秋冬交替季节容易感冒，买来预防用的
2021/11/4 21:01,日期新鲜，保质期长，比实体药店便宜40%，方便快捷
2021/11/6 16:46,挺不错的，价格也合适。
2021/11/2 11:56,平时会备点感冒药，效果挺好的！
2021/11/5 21:47,天冷了，趁活动便宜备点。
2021/11/6 13:59,挺不错的，比药店便宜
2021/11/7 11:39,挺好的，和药店里的一样，价格很便宜。
2021/11/10 22:58,物流很快，药物有效
2021/10/30 18:57,跟药店里买的一样 是正版的999 入冬备一下预防感冒
2021/11/7 12:19,不错呢价格合适
2021/11/3 0:39,冲剂比较喜欢 喝完身体暖暖的 睡一觉就会好很多
2021/11/6 12:07,实惠又方便
2021/11/4 18:56,有优惠券买的，很划算
2021/11/4 23:42,和实体店一样的  冬天必备
2021/11/2 10:42,这药好，跟卖家描述的一样，请放心购买
2021/11/2 21:36,便宜，管用，速度快
2021/11/19 18:20,还要登记，好烦，药没问题
2021/11/6 11:08,比药店便宜 性价比高
2021/11/4 11:04,一天就送到了，家庭常备药，比药店买的还便宜一些。
2021/11/4 10:51,老品牌，效果还是那么好
2021/11/4 19:22,挺好的，比药店便宜，疫情时代常备药还是要备一点的
2021/11/13 16:51,发货超快，满意
2021/11/7 9:36,比实体店便宜????
2021/11/13 16:42,好。  好朋友是什么事呢&hellip;&hellip;这种人就是这么着你去做的就是让我们好好学习好好生活中成长
2021/11/6 10:45,冬天了备着，应该正品
2021/11/4 13:03,物美价廉 质量高 发货快
2021/11/8 17:48,物流很快呢
2021/11/8 19:24,发货速度非常快
2021/11/5 14:59,一直都在用这个牌子的，很好用，不会过敏，一直用这个牌子
2021/11/5 7:20,比实体店实惠
2021/11/7 11:36,天冷了必备的药品，阿里大药房发货很快，下次还会再来的
2021/11/15 9:13,为了防止意外感冒，家里还是预备点感冒药为好。只是药店不让卖，必须去医院买，还得挂号。
2021/11/5 23:58,和药店的一样哈   很便捷
2021/11/5 18:08,很快，方便划算。
2021/11/4 20:22,好像跟药店比，要便宜一些
2021/11/6 20:37,东西很快就到了！超级不错！
2021/11/7 2:12,第二次购买了，不错，实惠
2021/11/6 20:35,提前囤点常用药品，购物非常方便，到货很快。
2021/11/2 21:08,999你值得拥有
2021/11/16 17:16,物流太忙了 感冒都要好了 药才刚到
2021/11/6 2:15,用红包买便宜
2021/11/2 20:03,领取券买的，划算
2021/11/7 15:58,正好遇到感冒了，用上了
2021/11/6 18:02,已经拆包喝了 一模一样啊
2021/11/3 15:15,到货快 是正品
2021/11/6 10:12,不错是正品药
2021/11/5 8:31,很好，家中常备，非常实惠
2021/11/7 21:38,挺好，和药店里面买的一样，下次再来
2021/11/4 12:00,效果很好，很快就到了
2021/11/4 15:18,非常值得安利，很满意，药很放心，是正品
2021/11/7 21:42,便宜哦 性价比高
2021/11/5 17:55,领券下单的，不知道是否是正品
2021/11/3 18:51,正品，比药店便宜
2021/11/2 15:05,很好喝，见效果快
2021/11/3 21:56,很便宜，很划算
2021/11/2 11:43,发货快，第二天就收到了，最近天气变化比较大，准备预防预防
2021/11/2 9:41,效果非常不错??
2021/11/4 21:54,感冒灵这药和药店价格差不多
2021/11/5 18:52,收到，很划算
2021/10/30 20:46,三九感冒灵性价比还行，望药效显著且安全，若有需要下次再光顾！
2021/11/2 13:30,很好，是正品，和在药店买的一样
2021/11/6 14:10,包装好，邮寄快，购买方便，价格不贵！
2021/11/6 19:23,三九感冒灵已收到，发货很快，包装很严实，物流非常给力，满意
2021/11/2 13:40,最近入秋，感冒的高发期，买点感冒灵囤着，以备不时之需。
2021/11/4 20:28,优惠很好
2021/11/5 21:07,挺好的 划算
2021/11/7 11:55,家里备用药，价格实惠
2021/11/3 16:55,验证了是正品
2021/11/12 14:00,今啊出的天于他可不以你能大嘻  最最爱你了，支持下我就能胜利啦！
2021/11/3 12:55,很好很有效，价格又很实惠
2021/11/7 20:22,速度挺快的，日期也比较新，买过很多次，一直相信，希望越来越好，
2021/10/23 1:51,在网上买很方便，又实惠。想不到那么快就到了！五星好评，非常好。
2021/11/5 19:41,双十一领红买来备用，价格实惠，日常家庭备用药囤一些有备无患，， ，
2021/11/4 15:04,很好喝很好喝，味道很棒，一天100包
2021/11/5 21:49,好好是正品
2021/11/5 21:31,跟超市卖的一样
2021/11/3 8:21,还想，这个价格蛮不错的
2021/10/23 20:14,家里常备的感冒药，正好看到搞活动，就买了三盒，价格比在实体店优惠
2021/11/4 12:24,到货很快，包装很可
2021/11/4 15:12,是回头客了，宝贝很好，值得信赖的大品牌
2021/11/4 22:11,家里需要备着，毕竟冬天已经到来，几盒还是要备着的??
2021/11/6 20:24,女朋友非常感动
2021/10/27 6:25,真的真的真的真的不错，药品是正品。没问题，在网上查过了。大家放心够买。天气变冷了大家注意保暖，别像我一样感冒了
2021/11/2 12:10,正品，速度快，五星好评
2021/11/14 19:35,日期很新，卖家发货及时，收到完整。
2021/10/31 16:39,可以查询真伪，也可以溯源查询，价格很实惠，日期也很新，流感季节到来，用来家庭预防还是很不错的选择
2021/11/3 19:52,包装很好，质量也没有问题
2021/11/8 15:19,最近感冒了 在药房买药 需要核算 所以在阿里药房买了
2021/11/13 20:31,很不错，快递很快，服务也很好，好好好好好好！！！！！！！！！！！！！！
2021/11/2 22:08,不错的宝贝值得购买！
2021/11/6 16:22,999不错的，感冒喝一袋，马上就好了
2021/11/7 22:49,很快到货，天冷了，备着预防感冒用
2021/11/9 17:44,快递速度非常快，非常快，前一天半夜下的单，第二天中午就到了，而且感冒灵一点都不苦，喝完没有什么副作用，大家快买呀
2021/11/12 11:24,备着点没毛病
2021/11/7 12:57,赶在双十一了我感冒都要好了药才到?_?
2021/11/4 21:14,可以正品，很快送货
2021/11/3 20:24,相当不错，物美价廉，快递很快就到家了，有需要还会来这里购
2021/10/23 14:02,价格真心好实惠，果断的再买了一盒，这个是家里的必需品，谢谢店家这么实惠
2021/11/5 10:50,感冒药还是去实体店买比较好
2021/11/3 19:53,希望感冒早日康复，希望药能甜一点
2021/11/5 1:05,收到了，是真品，物流给力五星好评！
2021/11/12 19:12,感冒好麻烦，备好
2021/11/10 21:57,满意，物流很快，家庭备用药，好评
2021/11/3 15:28,东西还不错
2021/11/6 19:50,东西非常好
2021/11/2 9:40,真实有效
2021/11/3 21:26,多次购买备用了 物有所值
2021/11/2 20:06,还行不错
2021/11/5 18:50,跟药店买的一样，天冷了，买来备着预防感冒
2021/11/3 21:57,很好，价格很便宜。学校里很多人都感冒了，为了以防万一就买了。999的味道比其他感冒药好多了
2021/11/2 15:21,快速 首单优惠力度很大                          。
2021/11/6 18:19,我一直在这里买的，相当不错??????
2021/11/7 19:24,老品牌，信得过。凑单神器，哈哈
2021/11/2 19:55,药到病除，下次继续光顾??
2021/11/8 18:33,物流很快，正品
2021/11/3 15:25,价格实惠，送货时间也快。
2021/11/3 17:56,日期新鲜，很适合屯在家里哦！
2021/11/3 9:47,阿里买药真是方便快捷，赞赞赞
2021/11/1 21:16,和药店里买的999一样的，这次用了红包更便宜，到货真快
2021/11/7 9:10,已收到，999大品牌，还是不错的。
2021/11/3 21:42,好牌子，关键效果不错。
2021/11/6 10:39,第二次购买，下次还会回购。
2021/11/6 0:22,家中常备药.而且阿里药房送货也太快了吧，第二天就到，真的很喜欢这个
2021/11/3 20:25,备用着。一直这里买。适合自己。
2021/11/7 21:09,很好，很快就到了，买来放着以备不时之需！
2021/11/3 22:01,好喜欢健康大药房的盒子！！！！
2021/11/6 9:06,非常好 预防感冒很有效
2021/11/5 15:48,买来备用的，比药店贵，五分好评
2021/11/3 21:07,包装非常好，很严实，快递很快
2021/11/4 7:40,正品。冬天必备。
2021/11/3 17:56,效果不错，才一包就舒服多了
2021/10/26 17:47,"tb跟去药店买来的??一一对比下,用的效果给??力,非常好。包装完好??无损,咳嗽很快止住,?发热十分均匀。非常有??成效,有防伪标识,我??就是有优惠券才买的。??一直买这个牌子的,没??有副作用,绝对够称。?比药店卖的便宜"
2021/11/3 16:11,物流挺快，双十一给自己备的药，天冷怕感冒??
2021/11/2 9:52,家中一直常备。效果不错
2021/10/29 18:14,经典配方，冬日必备，买来预防，身体健康(?ˇ&forall;ˇ?)?
2021/11/4 17:25,买着备用，预防，相信阿里??品。
2021/11/4 10:56,快递很快 比实体店优惠
2021/11/3 19:38,快递小哥服务非常好，送货上门还特意打电话给我，为快递小哥点赞。
2021/11/3 11:38,满意，比实体店便宜
2021/11/4 14:44,药品很有效果wu～好评
2021/11/5 12:06,货真，可以放心购买
2021/11/3 19:38,储备必需品，有备无患！哈哈哈
2021/11/3 20:46,日期也不错，五星好评
2021/11/7 18:38,阿里买药方便，不用去药店了，冬天了，买来备用的。
2021/10/29 19:52,和药店里的一样，价格实惠，家里备用的。
2021/11/4 22:30,快递速度很快，收到后包装完好。
2021/11/2 7:47,可以  一包就有效果
2021/11/7 14:40,寒冬来了家庭应急必备
2021/10/26 10:49,超级快的，孩子这两天感冒了，药店买不到药，第二天就到了，非常棒，下次还会光顾。
2021/11/2 14:05,这是回购，备用备用，还是很赞的。
2021/11/6 12:20,买来屯着预备着很不错
2021/11/7 22:22,挺好(? &bull;?_&bull;?)?
2021/10/30 16:52,"af生产日期是当月??最新的,没有副作用,咳??嗽很快止住。是正品,??需要再回购。在卡券包??里发现了一个红包,有??防伪标识,一直买这个??牌子的。值得购买。好??评满满,效果不错。疗??效很大,效果好。有一??点点小感冒,"
2021/11/6 7:22,是正品，药效可以
2021/10/29 11:41,足不出户   第二天就能喝上了  一直安利此家店铺！ 比药店便宜
2021/11/6 21:37,一直就是这家店 放心
2021/11/6 9:34,非常快，弟二天就收到
2021/11/3 8:57,买回来备用，相信阿里
2021/11/6 19:01,感冒灵颗粒，已收到货，与实物相符。我对这个药挺管用的，前几天淋了雨感冒了，一直没有去医院买，于是就在淘宝上买，毕竟便宜一点儿。
2021/8/24 22:27,此用户没有填写评论!
2021/11/4 14:48,日常备用，正品，不错。
2021/11/1 18:55,味美量足，满满四袋，还会回购
2021/10/24 21:07,比实体药店便宜，效果一样好。值得购买！
2021/11/2 16:53,999感冒灵家中常备了，一感冒就喝，没有问题的
2021/11/4 19:59,挺好，比药店便宜点
2021/11/2 12:27,换季家里必备，好使
2021/11/8 10:55,买来放在药箱里储备的 冬天备点感冒药才安心 上海药店卖药太贵了 简直生不起病
2021/11/2 15:15,发货神速，包装到位，服务周到。
2021/11/6 16:31,速度快，感冒标配呜呜
2021/11/2 8:46,有效缓解鼻塞流涕。
2021/11/5 13:20,看着不错，家庭备用
2021/11/18 18:59,想起了《铁齿铜牙纪晓岚》有个片段。 和珅安排下人牵出来一条狼狗，问纪晓岚：&ldquo;纪侍郎啊，是狼（侍郎）是狗？&rdquo; 有个御史附和：&ldquo;侍郎是狗。&rdquo; 纪晓岚不紧不慢地回答：&ldquo;看看尾巴，上竖（尚书）是狗，下竖是狼。&rdquo; 然后又看着御史说：&ldquo;遇肉吃肉，遇屎（御史）**。&rdquo; 谐音梗真好玩，不过这个桥段应该是编剧创作的。
2021/11/4 21:22,非常好，及时高效
2021/11/2 18:27,物流速度很快，是正品。在阿里买质量有保障。
2021/11/4 16:34,给家人买的 家中常备，预防感冒
2021/11/4 12:46,都是正品，很好
2021/11/7 11:40,配送很快呀，帮家里老人买的。
2021/11/8 0:58,送来得挺快，买来备用
2021/11/4 20:08,很棒，999老牌子了
2021/11/6 13:04,放在家里预防挺好的
2021/11/5 12:18,家庭必备，预防为主。
2021/10/29 20:21,比店里便宜好多，效果也是一样的
2021/11/2 10:43,xt望药效显著且安全，孩子这两天感冒了，出来上班就怕感冒！感冒灵上午收到了，屯着先，家中常备药品，超级划算，通常我买东西可能要呃两三天才能到的
2021/11/19 22:42,到货了，物流和包装都可以。药还在吃暂时不知道效果
2021/11/3 18:33,可以 发货很快 日期也很新
2021/11/7 21:13,很好很好很好就斤斤计较急急急急急急
2021/11/4 21:35,日期很新 发货快
2021/11/4 17:44,回购，会继续支持
2021/11/3 10:21,很好，喝完以后感觉好多了，挺有效果的
2021/11/6 14:58,可以预防感冒
2021/11/2 15:13,挺好的，和药房买的一样
2021/11/2 15:19,物流发货很快 到时候很及时 999的放心
2021/11/4 21:38,买来备用的，挺不错的
2021/11/6 18:31,家庭必备良药，效果好，不错。
2021/11/7 21:53,好，已经喝完了
2021/11/4 21:43,备用 一直信赖39
2021/11/7 18:18,很快就送到家啦，非常方便
2021/11/6 16:33,发货快，日期比较新，冬天降温囤货
2021/10/30 11:35,和药店的一样。网上还包邮
2021/11/7 13:23,买来备用的先好评
2021/11/7 22:18,太好了，方便管用
2021/11/3 17:11,备着的，先好评，没验真伪。
2021/11/3 21:35,很不错，便宜
2021/11/4 19:59,家庭常备，正品
2021/11/2 14:24,孩子在学校感冒了，我离孩子学校也几百里路程，做父母的很着急，多亏了万能的淘宝，发货速度很快，价格比实体药店便宜。感谢卖家
2021/11/6 0:31,感冒初期，喝这个很管用，效果杠杠的。快递送货很快，第二天就到了
2021/10/30 17:55,正品 比药店便宜多了
2021/11/5 20:29,很棒很快，也不贵
2021/11/4 16:38,配额送超快，与药店买的无差异
2021/11/5 11:20,物流很快家庭常备药实用很好
2021/10/21 10:58,非常好 家里 单位各留一盒 给老公备一盒
2021/11/18 19:36,淘宝这么多年我基本都是好评，唯独这次让我上火了，东西到半路给发回去了，客服说丢件了，第二天又说疫情原因叫回去，那几天东北天气不好我能理解到时给我实话啊，同一天买的东西在路上也是耽误好几天我照样好评，问问到底怎么回事哪天给我补发，天天敷衍我，又说48小时过了两天又说48小时核实五天在补发，不管你叫回去还是你说丢件为什么还要48小时＋五天，最后15号补发了客服16号还不知道，这次太上火
2021/11/3 11:43,不错，感冒好的很快。挺好的
2021/11/5 11:25,一如既往的支持
2021/11/6 14:52,可以。正品
2021/11/4 13:40,还是一如既往的好用 ，
2021/11/7 20:46,预防感冒用的，一直都是999
2021/11/5 17:46,这药现在药店要自费，每年到11月都要备点网上买挺方便的
2021/10/22 15:52,比在药店买便宜，天冷了买点感冒药放家里
2021/11/3 0:03,很好啊家中常备
2021/11/5 14:32,家庭必备药物
2021/11/4 21:57,活动买的，很便宜
2021/11/6 12:54,疫情期间必备
2021/11/4 15:15,多次回购了
2021/11/4 15:03,挺好的，划算了
2021/11/5 15:42,常用药居家常备。
2021/11/2 21:49,买药快捷方便
2021/11/5 11:28,非常好??，对感冒有很好的帮助。
2021/11/6 21:40,不错，有优惠
2021/10/24 17:09,昨天拍的，今天就到了，太快了，多次在这里买，比药店便宜好多，五分好评！
2021/11/6 12:06,特效好，好的也快
2021/11/5 10:36,网上购药，方便快捷。好评！
2021/11/6 11:59,吃了几包，加快感冒好的进度，现在已经恢复健康了，最近流感多发，要注意防护。
2021/11/9 21:50,物流速度yyds，昨天下午五点半下的单，今天下午四五点就到了，可以驱赶感冒啦！
2021/11/5 15:34,非常可以
2021/11/5 9:55,不错不错挺满意
2021/11/4 13:13,发货快 很好
2021/11/2 22:03,很方便，又便宜
2021/11/7 10:20,挺好的不错??
2021/11/4 21:33,不错很满意
2021/11/3 23:16,可以，很好，正品
2021/11/4 21:57,很好，还没拿到手，感冒就好了
2021/11/6 8:26,比较方便。价格也不贵
2021/11/7 19:48,合在药房买的差不多
2021/11/7 10:11,希望质量好好的～
2021/11/13 19:00,是理想中的产品??，质量不错，物流也很快，值得点赞！
2021/11/2 21:33,还不错，囤货
2021/11/4 12:30,一如即往的好
2021/11/3 0:15,药效真的很好。
2021/11/3 10:20,好，家中常备
2021/11/4 3:07,应该没问题
2021/11/3 10:28,一直很相信！
2021/11/4 14:53,药到的挺快的，吃了两包感冒就好了
2021/11/5 14:55,店家服务的很周到，店家的宝贝我很满意！
2021/11/6 13:21,不错，购买方便，常备药物，好评。
2021/11/7 21:46,还不错，有点小贵
2021/10/22 20:37,药品的质量很好，正品保证，效果很好。
2021/11/4 11:07,很好很便捷
2021/11/4 21:34,挺好也挺快的
2021/11/2 20:18,好快完美
2021/11/7 13:45,双十一囤点感冒药。物流真快！发货第二天就收到了。
2021/11/5 11:39,跨省一天就到，完美！
2021/11/10 9:13,买过多次了
2021/11/6 11:04,好药保真！
2021/11/5 15:49,买了两次了，备用的，比药店贵，五分好评
2021/11/4 21:04,比较方便
2021/11/5 21:23,凑单神器
2021/11/3 13:25,必备药品
2021/11/7 21:09,到货很快
2021/11/2 13:36,冬季必备
2021/11/3 13:05,日期很好！
2021/10/23 1:56,此用户没有填写评论!
2021/11/6 21:10,速度很快，验证无误
2021/10/28 13:58,买回来备用的，挺不错的，比药店便宜。
2021/11/6 7:59,很好及时
2021/11/3 11:06,隔天就送到了 超级快！
2021/11/7 14:13,还是很快的
2021/11/5 20:47,备一两盒在身边，前面买的备在家里面
2021/11/10 17:38,挺方便，物流很快
2021/10/23 8:00,是正品，有点小感冒，喝了效果挺好
2021/11/7 19:23,季节交替，999家庭常备
2021/11/10 19:28,天气转冷，容易引起感冒发烧。三九感冒灵冲剂，这么多年家中常备，药效快，值得信赖。
2021/11/6 7:51,品种丰富，送货快捷
2021/11/6 12:44,网上买比实体店价格优惠！！
2021/10/23 11:37,收到了，和描述一样，应该是正品
2021/11/3 12:50,跟药店买的一样。
2021/11/2 19:10,喝了顶呱呱
2021/11/4 7:20,vc好吃
2021/11/6 21:40,很不错，包装很好，物美价廉，值得购买
2021/11/3 23:34,流感季节预防感冒 yyds
2021/11/7 16:52,就很nice
2021/10/30 14:17,第一次在网上买感冒药，扫了是正品，物超所值
2021/10/22 21:11,是正品，质量跟店里的一样，关键比店里便宜，备一盒在家以备不时之需
2021/11/15 19:44,good 不错 是正品。买过多次了。哈哈哈哈。一包见效。。。
2021/11/7 7:24,作为打球人的必备
2021/11/16 20:13,没啥用，买个心理安慰吧，毕竟换季易感冒。
2021/11/3 9:49,挺好的，价格适中
2021/11/4 13:54,好好好，客服也很好，很有保障。
2021/11/5 22:45,买来备用的，有点感觉就喝点，非常时期拒绝感冒，非常实用
2021/10/27 7:24,物流超快！真的很喜欢阿里健康大药房，每次都是急我所需！！打call，又便宜
2021/11/5 11:01,日期赞，放货快，快递哥细心
2021/11/5 15:00,速度快！好。
2021/11/5 9:54,感冒都好了，药才送来
2021/11/7 1:15,物流真给力.不错
2021/11/5 11:48,喝一袋，满血复活了
2021/11/1 16:18,此用户没有填写评论!
2021/11/7 21:09,不错，对感冒很有用。
2021/11/7 7:27,头天下单，第二天就到很满意，物流好快，
2021/11/2 21:47,易感季节，预防感冒
2021/10/28 11:55,囤货ing&hellip;&hellip;比实体店便宜&hellip;&hellip;.
2021/11/14 15:47,凑单买的，左边一盒是药店买的，颜色比较浅，不过阿里大药房的东西应该不会假吧，可能是批次不同，纸盒颜色有点出入
2021/11/13 18:51,很好！物流慢了点
2021/11/6 22:58,物流好快，用着也好
2021/10/30 0:22,家里一直用这个牌子的，效果挺好的，这次也是放哪里做备用的，效期也挺好的
2021/11/16 12:00,刚刚收到，先付款。
2021/11/5 20:01,此用户没有填写评论!
2021/11/2 15:17,货己收到很满意，谢谢！
2021/11/2 11:09,爱了爱了，非常喜欢，好用
2021/11/5 9:36,挺好的，喝了几天感冒好的差不多了
2021/10/24 22:41,还没有吃，买来备用的，等感冒了再吃。人嘛没事的时候备点生活常用药，很有必须。这次买药真是实惠，谢谢平台
2021/11/6 10:42,挺好的 物流也挺快的喔
2021/11/7 10:41,价格合理！发货速度快！
2021/10/22 21:06,买了好几种感冒药一类的，天冷了像三九感冒灵这种家里备一点很需要的&hellip;&hellip;日期都蛮新鲜的&hellip;网上够药很方便&hellip;
2021/10/26 17:58,真的是隔天到 很感谢物流 药也是正品的非常好??
2021/11/7 19:03,准时速度快
2021/11/7 13:29,备用，一直在使用。
2021/11/6 18:34,备用感冒灵收到了，很好????
2021/11/6 22:34,买了几盒家里备用，很实惠
2021/10/23 17:19,速度快，是正品。比实体店便宜很多。
2021/11/5 13:06,很快就送来了，备用的
2021/11/4 17:40,9包/盒。买备感冒的
2021/10/29 21:25,正品，主要这个味道甜甜的很好喝，也管用
2021/11/2 9:35,喝了就好了
2021/11/13 7:01,买了备在那的！
2021/11/6 18:51,宝贝已收到，很满意，
2021/11/5 12:48,货收到日期也很近，满意
2021/11/4 14:33,很好，感冒吃三包就好了
2021/11/4 17:50,今年5月产的，不错。
2021/10/13 13:21,"aa包装很好,非常??有成效,日期很好,支持??退货,薄荷味清凉。质??量好很值得常用,大小??合适,宝贝和描述一样??。比药店便宜,恢复程??度好,发货速度快,绝??对够称。发货快,价格??合适,吃完以后感冒好??的挺快的,"
2021/11/4 21:10,不错快递很快
2021/11/16 11:03,很管用感冒了我一直喝的这个药??
2021/11/5 13:35,日期新鲜，不错！
2021/11/3 19:51,发货真的快
2021/11/6 23:30,速度很快哦
2021/10/22 17:52,有一盒是之前在药店买的，两盒是一模一样的，第一次在淘宝上买药，比实体店优惠多了，冬天来了买来备用
2021/11/1 17:19,买了很多的药，比药店划算
2021/10/29 20:02,很快收到了，质量超好没的说，价格也不贵，真心的不错。
2021/11/7 17:47,不错，家中常备。
2021/11/3 20:18,家中常备，挺好的。
2021/11/3 10:06,常备药，发货快！
2021/11/3 19:03,药效不错，感觉要感冒，喝了一袋感冒颗粒，第二天就感觉好了。
2021/11/5 10:08,物流很快及时 不错
2021/11/4 22:27,物流速度很快，两天就到了
2021/11/4 8:57,先收货，备着
2021/11/5 13:03,家中常备～
2021/11/18 21:49,今夕何夕多喝点好的好的刷卡年纪大超大不擦不打击不洗就熟悉不急是吧相机啥**熟悉不打击必须哒不擦变速必须哒
2021/11/2 16:34,物流很赞
2021/10/21 9:12,这款感冒灵挺好的，主要看到的是效果好！见效特别快。
2021/10/29 13:12,药是正品的，很便宜
2021/10/25 9:22,药是正品，很满意，以后还会回购
2021/11/3 9:45,纯属用券，没有感冒，备用
2021/11/4 17:58,买来备点
2021/11/6 15:28,发货很快，很划算
2021/10/27 22:16,前天买的，昨天就收到了，物流超级快，换季了买来提前预防，家里必备品
2021/10/27 15:06,日常备药，杠杠的，倍儿棒，不用一感冒就跑医院
2021/11/5 9:59,物流挺快的，吃了好多了
2021/11/6 14:26,物流真快
2021/11/3 14:04,不错，多次购买
2021/11/7 14:28,看着挺好的
2021/11/16 15:39,双十一买来备用的，也不知道跟药店比哪个便宜一点。 圆通速递非常垃圾，坚决不送货上门。
2021/11/2 8:30,不错，一直都有用
2021/11/5 8:41,不错第一次在网上买药
2021/10/28 21:13,物流真给力隔天到，是正品满意
2021/11/4 18:53,物美价廉，好高好高
2021/11/2 15:23,药到病除，货真价实。喜欢
2021/11/7 10:47,家里备用药，好评
2021/11/7 13:08,用红包买的，很实惠
2021/10/29 18:16,价格便宜，用了也很有效，买它！
2021/11/4 12:23,挺好的，又便宜送货速度也快
2021/10/21 14:13,日期新鲜，家里常备感冒药，老牌子，值得信赖。
2021/10/24 12:32,挺优惠的，备用
2021/10/22 15:18,发货快，物流快，比较便宜，日期新，趁有活动和红包买了预备着，查了是正品，希望有效果。
2021/10/24 14:36,我第一次网上买药。看来这个阿里药房做的相当成熟。看看人家的发货速度，简直绝了！通常我买东西可能要呃两三天才能到的。他20小时就给我送到了，日期也不错，5月份的。最主要比旁边自己药店买，还便宜。所以我下次再来。
2021/10/29 18:16,药品挺好，买来预防用的，希望自己健健康康，活到100岁
2021/11/8 21:05,唉。班里学生体质太差。我只好常备一些必备药品放在办公室。希望学生们用不到
2021/11/7 22:47,不错的，非常满意
2021/11/5 8:16,不错，推荐购买
2021/11/7 17:46,好用，值得信赖
2021/11/7 18:05,送货速度很快，很好！
2021/10/29 0:03,快递超级快，刚好感冒了买了很快就到了，超级给力。
2021/11/4 19:17,收到了，很快很好很快很好
2021/10/31 14:32,此用户没有填写评论!
2021/10/27 16:58,清理药箱后，对常用药进行补充。效期都是23年的，生产日期都很好。
2021/10/22 17:58,老客户了，一如既往的好，发货神速，这次家里备点药避免生病??大冷天再跑药店??
2021/11/2 19:09,东西是还可以的，家中常备。感冒药基本要填防疫信息，特殊时期能理解的。
2021/10/29 16:27,昨天晚上八点前下单的，今天下午三四点就到了，发货很快，包装很好，买了三盒，建议购买哦～
2021/11/6 15:48,发货速度很快，第二天就到了，很方便
2021/11/6 21:37,不错，挺好哒
2021/11/7 21:55,很好，日期很新
2021/11/5 12:20,发货快，速度快
2021/11/3 11:32,发货快，挺好
2021/11/2 9:48,发货快，挺好的
2021/10/31 18:00,此用户没有填写评论!
2021/10/25 11:22,感冒灵已经收到了，秋天容易感冒，囤一盒感冒的时候喝
2021/10/20 11:09,?跟去药店买来的一一对比下??，一模一样，是正品，刚好这两天有点感冒，可以冲来吃，一直买这??个牌子的，老牌子值得信赖！三九感冒灵颗粒已收到，包装??完好无损，生产日期很新鲜， 质量很好?
2021/11/4 13:32,发货速度很快，很满意，真心好评
2021/10/22 20:28,很不错，包装也很完整，都没有什么污渍，有特殊的阿里大药房的包装很好，辨认和超市买的是一样的，刚刚也和验过了，是正品
2021/10/21 14:29,吹空调，着凉啦，喝几包就好。家里备用良药
2021/11/6 10:12,发货速度好快，全五分
2021/11/5 10:14,介种东西不用咋评价了吧，没毛病，囤点药在家里安心，芜湖
2021/11/6 12:39,是正品，信赖商家。
2021/10/23 19:33,药效不错，喝了两包感冒就好了，客服态度很好，推荐购买
2021/10/25 20:24,999感冒灵冲剂！疫情期间备用！好??
2021/11/2 13:24,挺好的，发货速度很快，已经喝了
2021/11/12 9:32,真 明日达！第二天下午就到了，物流牛！
2021/11/3 19:43,挺好，不错
2021/11/8 13:10,正品！驿站辣鸡！
2021/10/21 16:14,包装太可爱啦
2021/11/7 16:59,还没用，旗舰店的买的应该比较放心。
2021/10/26 14:21,方便又快捷，天冷了，家里备着点。
2021/10/25 21:46,买来治感冒的 不错 有所减轻好评哦
2021/10/31 14:23,东西很不错
2021/11/5 11:26,这几天感冒，从药店买的喝完了，也没好，这家店里的喝了一天就好了，真的，以后还来
2021/11/2 22:24,日期是四月份的
2021/10/23 7:12,感冒灵颗粒收到了，正品价格实惠
2021/11/7 16:08,不错不错，发货速度快，物美价廉
2021/11/6 19:47,质量好，发货快。
2021/11/5 12:57,在阿里大药房买过很多次药，一直没有售后过，唯一一次售后让我以后都不会再阿里下单了。快递员主动联系我快递丢件了我找售后问他能不能快递公司赔钱给他们在给我补发一件过来，他给你反馈个问题要48小时，你投诉人家快递就只给人家24小时处理，除了会说稍等稍等还会说什么？
2021/11/1 12:06,药收到了，买过多次都很好
2021/10/27 11:27,物流神速  值得点赞！ 东西好！
2021/11/16 10:33,是正品，物流很快，有发票，包装完整，赞
2021/11/7 20:56,发货快，质量好。
2021/11/2 8:29,很好，药还没到，感冒就好了。爱了爱了
2021/10/28 19:03,包裹严实，究竟是何种秘密武器？
2021/10/25 19:24,官方药店购买有安全保障的
2021/10/25 21:36,可以的很实用值得购买
2021/11/3 15:45,给朋友买的，我买过好多次了都是给朋友，求求我的朋友照顾好自己
2021/10/26 12:35,毛毡喜字质量很好特别喜庆，祝弟弟弟妹新婚快乐！！！
2021/10/27 20:09,昨晚下单，今天中午就收到了，很快 ，满意
2021/10/25 23:39,活动买的，很优惠，非常不错
2021/11/6 13:54,速度很快，不错
2021/11/3 10:23,买回来在家备着
2021/11/6 22:20,质量很好
2021/11/6 15:49,日常囤货。每次有活动都会囤好多，现在实体店的药价格太高了，囤点这种日常的药能省好多钱！
2021/10/28 14:22,到的很快 买药很方便啦 nice！！！
2021/10/26 12:29,药真的是隔天达的，暖暖的很贴心
2021/10/23 20:46,卖家发货快，用劵买的很实惠
2021/9/26 13:12,此用户没有填写评论!
2021/11/4 22:13,物流快  客服态度好  售后很好
2021/10/27 13:18,感冒灵上午收到了，很好和药店买的是一样的，但这里实惠多了，一次买了3盒，家庭必备常药，物流很快，服务很好，感谢快递小哥给我送货上门了，辛苦啦！
2021/11/2 12:38,很好的商家，货真价实
2021/11/4 9:27,很好，物流很快
2021/10/9 13:57,"ae买了是预防感冒??的,支持退货,我就是有??优惠券才买的。正品质??量有保障,非常有成效??,薄荷味清凉。买感冒??灵作为备用药物,下次??还来。卖家发货速度很??快,有缓解,也是正品??,绝对够称。比外面买?划算多了,"
2021/11/15 22:13,快递挺快的，一天就到了
2021/10/22 11:58,相符
2021/10/25 23:56,现在单位医务室不让开感冒药了，还好网上可以买，不管要先填一下新冠疫情须知。
2021/10/21 5:08,包装非常牢固，物流也特别快，东西拿到很满意，跟描述的一致。总体来讲，非常满意的一次购物。
2021/10/22 12:20,发货超快 日期也还行噢
2021/10/23 20:29,跟我在店里买的一样，价格优惠多了
2021/10/29 0:10,主要现在药店买不了感冒药，就买了点囤着
2021/11/17 17:24,朋友感冒了 去药店居然买不到感冒药。这边管的太严格了。  我就上网买了一些备着
2021/10/23 0:51,还不错 囤着冬天哈哈哈
2021/11/9 21:12,很好！！！！！！！真的好用，感冒灵一直喝感冒灵。
2021/10/27 19:12,感冒药收到了，非常好！！！
2021/11/6 16:04,物流快，药效好
2021/11/6 2:16,非常感谢阿里药房困难时期的服务，因为疫情感冒药全线停售，孩子感冒没处买药，还好这里可以买药
2021/10/25 21:12,二次购买了，挺好
2021/11/2 8:55,学校附近没有药店，当天晚上拍的，第二天中午就到了。速度杠杠的。
2021/10/24 0:49,出来上班就怕感冒，挺温馨的真好
2021/11/6 17:08,很满意的一次购物，很满意
2021/11/8 21:49,用了十块钱的红包，加了点钱买的，备用
2021/11/7 20:25,挺好的，日期还可以，买一盒放在宿舍备用的。
2021/10/28 10:25,很快就到了 和药店的一样 但是却比药店的便宜 可以家里备着
2021/11/1 15:11,效果很好，很nice！
2021/10/31 17:41,季节交换，家里的老人小孩还有自己容易感冒，这款感冒灵颗粒家庭必备，中成药，无副作用，还会继续回购
2021/11/13 23:40,可以，有用
2021/11/1 12:25,药比药店便宜，都是正品挺好的，支持阿里药店，打call
2021/10/12 20:08,此用户没有填写评论!
2021/11/19 10:56,发货很快，还没用，买来备用的，比药店实惠太多了！
2021/10/26 21:41,非常好，足不出户送到家
2021/11/4 18:08,商品非常好，就是包装被压烂了
2021/10/18 16:15,"WO包装完好无损,??发热十分均匀。宝贝和描??述一样。感冒药吃了就??好了,好评满满。没有副作用,价格很实惠。??比药店卖的便宜,非常??有成效,正品质量有保??障,比实体店买划算,??效果也很明显"
2021/10/29 19:02,可以的，生产日期很新鲜，比药店便宜
2021/10/25 10:49,很快到货，正品，不错
2021/10/26 12:11,太好啦，优惠券买的，都不用出门就可以买到，喜欢互联网给我带来的便捷！
2021/11/4 8:34,现在实体店买个药都要核酸证明太麻烦了，家庭正常用药多买点存货，太方便了
2021/10/23 22:09,此用户没有填写评论!
2021/10/27 5:26,这个大药房不错药也不错用券买的，特别的经济实惠，比实体店便宜太多了
2021/10/26 23:08,不错希望下次合作谢谢掌柜~~
2021/10/27 21:56,这款感冒药每年天冷备点，效果特别好，三九牌子东西都很好
2021/11/7 16:38,昨天晚上买的今天就拿到了，就是日期有点久
2021/11/8 10:01,阿里自己的，应该不会骗人吧！我选择相信。
2021/10/26 6:34,冬季备用药物，预防冬季流感。
2021/11/4 10:47,一到冬天就很容易感冒，所以直接买了3盒备用，不然去药店买很麻烦，一直要登记，还不能一次性买很多盒，刚好天猫这边大药房的也不错的。
2021/11/11 22:45,等快递到了感冒都快好了&hellip;
2021/10/22 10:05,和药店一样，是正品，而且比药店便宜不少，满意。
2021/10/27 16:43,性价比很高，是正品比药店便宜。
2021/10/21 23:28,正品有保证，一直用这个牌子，吃完以后感冒好，今天下单明天就到了，比家里买的优惠很多呀，家里一直必备，希望对我有效果，包装高端大气上档次，是正品的！用了优惠很划算！家中常备药品，囤货的感冒药，包装很好，非常有成效，预防感冒的家庭必备，客服服务很好，前天下单的马~
2021/11/5 20:57,居然要填一情圣报哇，好奇怪哦，但是价格还是挺实惠的，凑单买的好的
2021/10/29 18:44,还不错 挺好的 物流也很快哦
2021/11/1 18:44,还没用，过几天试试
2021/10/31 22:08,收到货了不错
2021/11/1 18:53,买给前女友的，她说效果很好，这几天天气比较干燥，她喉咙疼，鼻塞，有时还头疼，买了这个给她后，她找我复合了。
2021/11/4 18:56,偶然得到一个红包，薅到羊毛了好开心！！！！！这么冷的天三九感冒灵必备啊！！太冷了这天
2021/10/25 13:38,发货挺快的，绝对好评
2021/10/21 18:37,转季容易感冒，买点感冒药备的，发货特别快，昨天买今天就到了。
2021/10/21 13:57,有点感冒买来预防一下，还是相信三九感冒灵，日常家中常备，价格也很优惠，下次还会再来购买
2021/11/18 18:35,实体店都买不到了，只能网购。 用了折扣以后价格比实体店便宜。
2021/11/15 16:13,天下事只在人力作为，到水尽山穷之时自有路走，只要切实去做。矢志不渝地去探索去追寻，只有历经重重磨难，只有碰得头破血流，甚至直到山穷水尽，才可能溯本求源知其精髓。
2021/10/26 18:15,第二天就收到了  很快  包装也很严密 比药店实惠很多 有需要再来看看  快递真的太快了
2021/10/30 16:02,配送很快，很满意，希望快点好起来。
2021/10/23 22:28,鞋收到了，真好看，穿着也舒服，物流也快
2021/10/23 15:05,大牌子，不用评
2021/10/25 18:49,价钱实惠效果很好满意
2021/10/23 23:12,活动买的，说实话。很实惠
2021/10/21 20:36,跟实体店一样的效果，但网上便宜多了，值得购买
2021/11/6 15:25,非常满意?????
2021/11/6 11:01,很好的感冒药
2021/10/28 10:47,正好有个优惠券就买了，冬天快到了先囤着
2021/10/27 20:28,是正品，发货速度快，包装很好，好评
2021/11/1 23:07,不错的，很良心，别的地方都涨价，不然就是不卖，这里居然可以买到，还便宜，包邮
2021/11/7 23:26,我喝了好几次999感冒都没好，后面一周，感冒就自己好了
2021/10/25 7:31,和实体店一样的，价格要实惠一点
2021/10/21 19:36,东西质量非常好，与卖家描述的完全一致，非常满意款式很大方，质量非常好，价钱也很合理
2021/11/5 11:21,感冒灵大品牌，感冒必不可少，囤货中
2021/10/27 11:24,好多了
2021/11/5 19:09,快递快，隔天就到
2021/10/12 18:10,"L发货快,没有副作??用,好评满满。包装严实?精美,感冒灵收到,效??率极高,冲剂喝东西质??量挺不错的,清热解毒??首选,我很满意,药效?蛮快,质量非常好真出?乎我的意料。也是正品??,很热情的卖家,真心??不错"
2021/11/2 11:51,忘记拿了
2021/11/7 16:38,物有所值
2021/10/22 13:30,感冒药收到了，用券买的超实惠，关键这个药老牌子，用着放心。
2021/11/13 8:16,冬季来临，气温骤降，不幸感冒，好在有它。 虽然一直在喝，但是感觉没啥用，哈哈哈，可能是我体质太差了吧。但是物流速度没得说，很及时。
2021/11/5 14:13,发货速度快，质量好
2021/10/26 18:48,这效率必须好评啊
2021/11/3 18:50,好评。发货很快
2021/11/6 15:28,很不错，发货很快
2021/10/28 12:01,下单后，送货速度快，服务好，满意！
2021/10/27 13:34,快递很快第二天就到了 很不错 东西也是正品包装也很好
2021/11/6 8:35,是正品，买来作为家里备用的，
2021/10/31 18:48,整体来说，比药店便宜很多啊，非常值得再次回购
2021/11/3 14:19,给上大学的妹妹备的
2021/10/29 15:39,感觉挺好的，买下来囤起来，家庭必备!经济实惠
2021/11/6 23:20,跟大药房的包装不一样
2021/10/29 16:10,扫码了是正品比药店买的便宜多了
2021/10/29 12:42,便宜，实惠，好用，有券买的
2021/10/21 8:41,是正品，配送也很及时！！！！三盒比较实惠，放在家里备用。我觉得这个999味道比较好喝
2021/10/31 20:50,领劵买的，便宜实惠太多了
2021/10/25 18:50,给家人买来备用，发货快服务好，扫码都是正品。
2021/11/1 11:49,价钱实惠，质量还可以
2021/10/24 23:20,天气冷了 买来备用 看着是正品 还可以
2021/10/25 16:05,很划算的，正品的，价格实惠
2021/10/27 1:49,喝了立马见效
2021/10/25 21:57,一直在用很好的产品，还会在买!用着不错对产品相当满意挺好的，值得入手。
2021/11/1 17:31,猫超就是方便，不用跑药店，东西已收到已使用，秋冬换季喝个感冒灵
2021/11/1 20:34,非常正宗啊！和原来味道一样！值得信赖！！！是真货，大家当心买叭，我觉得应该是正品，
2021/10/26 8:05,有优惠券买的话确实很便宜吖，比在药店买药便宜多了，而且日期新鲜。
2021/6/12 12:57,此用户没有填写评论!
2021/10/22 16:16,这川贝枇杷膏一看就和小时候喝过的一样，很怀念这包装，拿到手里也很有份量，药品都被气泡纸包裹，不用担心损坏。
2021/10/24 19:14,用了阿里红包买的，超级划算，跟外面药店一样的，屯着先，网上买很方便
2021/11/13 0:16,物流很快，包装也很好。
2021/10/27 17:16,这一款：999三九感冒灵颗粒感冒灵冲剂感冒药9袋鼻塞头痛流涕咽痛发热咳嗽，性价比高，物有所值，此次购物很满意。
2021/10/26 17:58,发货快，次日达很方便的，到货及时
2021/10/31 19:13,感冒必备，阿里健康大药房不错，到货也挺快的，价格也很优惠。
2021/10/28 23:20,到货很快，很好。
2021/11/5 12:23,买给我妹，应该吧不错吧！
2021/10/28 8:19,首单优惠的那，很不错正品。
2021/11/1 18:46,质量保证、色泽均匀、经济实惠、服务到位
2021/10/21 17:48,正品，实惠，建议购买，下次再来
2021/11/13 21:24,感冒灵没问题，一起买的板蓝根太恶心了，详情页面也不写清楚是什么牌子的，这样的捆绑销售就像是把剩下的卖不出去的强塞给你。那板蓝根一打开包装盒里面像是一堆废品，说明书、散装的小包板蓝根就像是发货前临时凑在一起的，还不放好，真的恶心至极，再也不可能在这个名义上的官方药房买东西
2021/11/5 16:37,阿姆斯特朗回旋加速喷气式阿姆斯特朗炮
2021/10/24 22:27,比药店买的便宣，正品效果很好。
2021/10/26 15:19,是正品啊，正好感冒颗粒都喝完了！买点存着
2021/11/17 15:08,你开始你的，我怀念我的，熬过去了我就重新开始，熬不过去我就一直等，不过不是等你，我是等我*心
2021/10/29 18:31,方便，快捷，实惠。希望大药房越来越好。
2021/10/29 15:38,效果好价格实惠，还会再回购
2021/10/25 21:41,发货快！日期新，包装完好！感冒冲剂和药房的一样！
2021/10/24 22:20,第二次购买了 ，价格很优惠 ，药效可以 ，是正品
2021/10/28 9:10,此用户没有填写评论!
2021/11/6 16:12,此用户没有填写评论!
2021/11/3 22:38,比药店买的都便宜，而且发货还快。
2021/11/7 18:06,发货快，物流快，不错了啊
2021/10/21 13:54,买来囤货的，希望用不上
2021/10/24 13:05,感冒灵收到了，这种天气家里要常备，很不错，价格实惠
2021/10/31 22:19,好，是正品的，在阿里大药房可以放心买药。
2021/11/1 19:26,非常满意的一次购物，物有所值，比实体店里实惠多了！
2021/11/17 15:10,买回来会发现又不用吃药了，就一直没拆，后来拆开后发现板蓝根居然是什么小快克的，看图片信息以为是999的，回去查信息也没找到有说明板蓝根品牌的信息，这点有些败好感
2021/10/25 15:53,V型还不错发红包vv他
2021/10/21 16:15,外表包装很好，阿里大药房的应该是真货。
2021/10/29 19:22,买来以防天气突然变冷然后感冒用的，价格也很便宜，推荐买哦
2021/10/24 23:35,正品的，有活动真划算
2021/11/3 21:02,预防感冒天冷注意保暖多休息
2021/10/30 10:33,优惠券买的，实惠
2021/10/29 13:17,发货速度快，快递派送也很快，很给力
2021/10/26 15:03,还没用，扫码是正品，换季易感冒，先备着
2021/11/5 21:39,还可以，喝了几包症状有所减轻
2021/10/27 14:55,都挺好，就是物流有点暴力，压坏了包装，有需要下次还会回购的，哈哈哈哈哈哈哈哈哈哈哈哈好挺好挺好挺好挺好挺好挺好挺好
2021/10/21 14:55,这个质量还是非常不错，下次有活动再买点。
2021/11/19 23:25,小感冒，认准三九就完事。
2021/11/17 22:05,999感冒灵是我在要感冒的时候喝的，但是感冒以后喝效果不大
2021/10/23 17:47,效果很好，感冒冲剂里质量算好的。
2021/10/24 21:07,还不错，跟我之前吃的感冒药一模一样。可以买可以买。
2021/10/21 10:51,正品药物
2021/10/25 16:09,阿里药房的东西，质量和包装都没话说，特别好
2021/10/28 11:06,第一次在网上买药品，天冷了预防流感用的，到货包装完好，满意
2021/10/23 6:18,很好！用了优惠券比实体店便宜太多了！
2021/10/23 20:21,不错，感冒已经好了。关键是第二天就到啦，速度快，真不错???!(?&bull;??&bull;?)??
2021/10/30 20:58,是正品，而且比药店的要实惠，很满意！
2021/10/22 13:27,和药店的一样，比药店便宜。
2021/10/26 22:02,挺好的三盒比药店买的划算，家中常备
2021/10/22 9:21,还没用呢哈哈哈，以后用了再看效果怎么样再追评
2021/10/29 9:20,效果很好是真品
2021/10/27 18:07,是正品，一盒已经吃完了，感冒终于好了
2021/10/29 10:02,快递很快，下单第二天就收到了，点赞！三九感冒灵也是很有名的感冒灵颗粒冲剂了，大品牌值得信赖。
2021/10/23 17:23,经济实惠，感冒药家中常备
2021/10/28 10:25,效果因人而异，但是大甘肃寒冷的秋冬季节，家庭必备！
2021/11/3 11:54,货速快，大家急购
2021/10/23 15:05,阿里健康大药房，就是好，好多优惠
2021/10/28 19:35,哈哈(?&omega;?)hiahiahia。用了券。到手很划算。。
2021/11/1 19:24,很好，已经送到了
2021/10/31 10:05,昨天下午5点下单的今天早上9点多就送到了，因为有些感冒流鼻涕，物流速度非常快很好。
2021/10/21 20:24,到货速度快，比实体店优惠很多
2021/11/1 9:37,挺好的，和平时买的一样，爱了爱了
2021/10/28 16:11,货物刚刚收到，是正品，推荐购买。
2021/10/28 11:09,价格实惠，效果很好！
2021/10/26 13:42,很实惠，快递也很快哦！
2021/10/22 22:17,推荐呀冬天容易小感冒泡一个刚刚好
2021/11/1 20:57,比药店便宜 大街一盒15
2021/10/27 11:42,挺好的，符合所拍的
2021/10/26 22:16,天猫阿里大药房绝对满意！多次购买，正品！
2021/10/26 16:35,优惠活动，买的质量棒棒的。
2021/10/31 0:39,包装很好o
2021/10/30 11:56,药很好 希望老公喝完早点驾鹤西去 嘻嘻
2021/10/29 16:44,很好，服务好，都好
2021/10/25 8:14,还行，比药店划算
2021/10/26 19:56,非常好，外观没问题，速度快，是正品
2021/10/21 14:19,包装完好，日期也很新，跟药店的差不多
2021/10/28 15:47,东西收到了，包装很好，想着囤一些在家里，网上买方便
2021/11/1 19:28,用优惠劵买的，挺好的，跟实体店一样
2021/10/26 19:08,药品的质量很好，药效很棒，喝一包，鼻子就不堵了
2021/11/7 16:15,收到东西天冷了家庭备着
2021/10/15 19:44,"给家里老人备点常用药??，正品质量有保障,比药店卖的便宜，比实体店买划算,包装完好无损,用来做家里常备药,常用药备着GBG"
2021/10/30 12:08,天气渐变，家里备上预防感冒很好
2021/11/1 16:29,隔天就到了，非常好，一点也不耽误用药
2021/10/31 22:22,不错哦和药店的一样，非常时期备用着
2021/11/13 3:02,感冒灵很有效果的噢，喝了就不难受了
2021/10/21 15:50,囤货，和药店买的一样，价格还便宜，
2021/10/29 8:13,相信阿里药房，包装好，发货快。生产日期新。作为备用。
2021/10/28 22:18,看包装跟实体店一样的
2021/10/27 16:20,应该是正品吧，赶紧买几盒备用
2021/11/16 10:46,药我感觉和我朋友给我喝的味道不一样我也不知道咋回事 她的甜甜的很好喝 我觉得我买的不太好喝hhhh
2021/10/23 10:20,真的效果很好，吃了一袋就差不多好了
2021/10/31 11:01,家用常备药，确实比药店便宜
2021/10/23 21:25,头一次从网上买这种药物。，跟实体店的一样，比实体店的优惠不少。
2021/10/31 11:06,包装很好，到货也快，总体还不错叭
2021/10/20 20:49,"生产日期很新鲜??,非常有成效??,大品牌值得信赖??,客服服务很好??,三九感冒灵颗粒是正品??,没有副作用??,是正品的！用了优惠很划算！家中常备药品?,所以鼻塞了?"
2021/11/4 14:36,物流很快的
2021/10/23 14:21,隔天就立马到了 之前买的吃完了 速度很快 价格也比实体店便宜 棒棒棒
2021/10/25 6:53,在药店买的一样，可以放心购买
2021/10/25 10:38,挺好的，收到了，发货很快，哈好哈好好
2021/11/15 22:52,家里备用的，用手机扫过码了，是真的！不过买的时候发货地是郑州又变成河北了??！
2021/10/25 18:24,阿里大药房买药便宜又方便！
2021/8/25 12:45,此用户没有填写评论!
2021/10/30 18:32,真心实惠又便宜
2021/10/18 22:13,"AE是正品,药效果??好,一模一样,没有副作??用,非常有成效。附近??好多药店都没卖这个,??吃了后有变白,需要再??回购。跟店里的一样,??客服服务很好,和药店??里的一样,三九感冒灵??颗粒是正品,包装高端??大气上档次,"
2021/11/6 21:15,一个字快，昨天跑了四家药店不给买。感谢平台。
2021/10/19 13:22,此用户没有填写评论!
2021/10/25 20:10,正品呀，价格实惠
2021/10/23 12:55,是正品哦，可以放心购买
2021/10/27 22:36,品质很好，和店里买的一样，买着预备。
2021/11/1 12:05,卖家发货很快，效果很好，价钱实惠。
2021/10/21 10:44,好用，包装仔细发货快！日期很新！
2021/10/31 10:05,是正品，便宜，非常好
2021/10/28 10:49,家中常备，没什么好说的，效果很好
2021/10/31 22:59,是正品很好经常用三九
2021/10/24 22:16,已经买过很多次了 ，效果不错 ，值得信赖 ，价格便宜
2021/10/21 16:05,感冒药家里常备着  有活动就屯几盒 比药店便宜很多
2021/10/26 16:31,用券买的，一件包邮，挺划算的！
2021/10/26 16:04,快递挺快的，服务态度很好，药效很好
2021/10/26 13:54,懒得跑去药店买了，网上买方便好多，感冒喝效果不错
2021/10/29 17:25,买来以备不时之需，疫情防控不松懈，推荐购买，不然真的需要的时候又买不着
2021/10/27 10:27,这个季节正好可以用上  而且物流也很快 赞
2021/10/21 16:23,感冒颗粒冲剂不错，物美价廉，发货快物流也快，十分满意，五星好评！
2021/10/22 9:58,原装正品，比实体店优惠
2021/10/30 17:56,非常好，比实体店便宜
2021/10/28 15:42,预防感冒及治疗感冒效果杠杠的。两包就见效，很好。
2021/10/31 23:04,阿里上的药物应该是正品吧
2021/10/27 10:29,季节交替有点感冒用了效果很好，快递也很快捷不错
2021/10/21 7:53,送货速度很快，正好几天后就感冒了，很及时哈哈
2021/10/30 13:14,"第一次在阿里买药,看着很不错"
2021/10/28 15:09,是正品 包装的很好 发货速度很快
2021/10/25 9:12,活动期间买真的很划算
2021/10/26 22:05,非常划算，比外面药店买划算，但是和外面药店卖的是一模一样的，冬天到了，是该准备这个东西了。
2021/10/31 20:16,发货非常的快 比预送达快了一天 还实惠
2021/10/28 0:52,质量没得说，跟药店一样，而且价格优惠
2021/10/30 16:59,活动期买的，很划算，买着备着
2021/11/9 10:58,物流是真快，隔天到
2021/11/6 13:52,天凉了容易感冒的我不得不备着点
2021/10/24 2:20,在阿里药房买药很多次了药是正品用了几天就好了
2021/11/13 22:20,好喝爱了爱了
2021/10/27 13:10,到的很快，包装的不错，感冒的时候吃
2021/10/21 9:17,正品，实惠，很满意。
2021/10/26 20:24,用了优惠券买的，很划算的价格
2021/10/25 16:09,。阿里药房的东西，质量和包装都没话说，特别好
2021/10/29 21:01,优惠价，很合适，预备用的
2021/10/24 0:22,非常完美，发货迅速。比药店实惠。
2021/10/21 17:00,挺划算，比药店便宜
2021/10/25 12:42,给朋友带的，预防感冒，居家必备！
2021/10/25 16:34,不错，用首单红包买的，比药店便宜！
2021/10/26 12:39,价格合适，药品满意。
2021/10/27 18:52,到货了，比药店的要便宜
2021/10/27 22:07,正品，方便购买，下次还会再来的。
2021/10/22 23:32,正品满意很不错??
2021/10/21 8:22,挺适合感冒人群服用，药效蛮好
2021/10/21 21:03,红包抵扣买的很划算
2021/10/30 22:17,昨天晚上下单 今天就到了??
2021/10/22 18:28,非常好呀，和店里卖的一样
2021/10/25 22:18,就很棒，划算保真！
2021/10/24 14:58,天气变冷了，买回来预防用，发货很快，挺好的
2021/11/5 13:48,应该不是真的，扫防伪码显示无信息。 口感比从药店买的甜，颗粒也比药店的小，颜色偏淡。重点吃了头疼
2021/10/22 21:34,物流神速，质优价廉，五星好评！
2021/10/29 19:31,药不错，效果很好，效果也很好，值得购买。
2021/10/21 12:27,方便实惠
2021/10/30 12:27,挺好的实惠
2021/10/26 8:52,很管用，而且比线下实惠，赞
2021/10/31 22:06,发的是空运特别快 超级快 给物流点个赞 药也是不错的 爱上阿里大药房了 666
2021/10/27 16:39,比在实体店便宜
2021/10/24 12:54,用优惠券买的合算
2021/10/27 23:42,是正品，价格实惠。
2021/10/27 22:32,冬天到了  999感冒灵家里必备  阿里大药房棒棒哒
2021/11/1 20:33,东西非常的不错，给点个赞
2021/11/2 21:16,圆通是真牛比把我快递挂了十多天正在配送，又不给你送来，然后再给你弄个已签收。天猫客服也是牛比全是机器人。圆通和天猫玩赛了。真牛比????????????????????????????????
2021/10/22 17:57,红包买很划算，包装严实物流很快，很满意。
2021/10/11 10:48,太好了太好了太好了太好了太好了太好了太好了太好了太好了太好了太好了太好了！！！现在在东莞买这个牌子999感冒药太难了！！！附近好多药店都没卖这个，即使有卖也要翻倍！！！还好有天猫药房！！！价格实惠配送也快！！！超级满意满意满意满意满意满意满意满意满意满意满意满意满意满意满意满意满意满意满意满意！！！！！！！！！赞赞赞赞赞赞赞赞赞赞赞赞赞赞赞赞赞赞赞赞赞赞赞赞赞赞赞赞赞
2021/10/22 12:40,一直用这款，效果很好
2021/10/23 22:48,速度挺快的，包装完好，天冷了，买了放在家里备用
2021/10/27 20:36,促销活动价买的，性价比不错！
2021/10/29 15:03,好用好用，效果不错，价格也便宜
2021/10/23 20:53,还不错发货很快，领了优惠券很实惠
2021/10/28 8:08,一个字好，已经喝完了。甚至可以说还是熟悉的味道
2021/10/22 20:48,拿卷买的，挺划算的
2021/8/18 13:11,此用户没有填写评论!
2021/10/25 13:48,非常好，质量可靠，特别好
2021/10/27 15:07,非常便宜，拖鞋
2021/10/23 11:12,跟药店的一样，囤货的，很便宜。
2021/10/27 16:06,比在实体店要便宜多了这里有保证快递特别给力，
2021/10/26 12:03,效果好，价格实惠。
2021/10/22 14:02,真不错真不错，寄到我手上的时候，感冒已经好了
2021/10/31 19:45,正品值得信赖
2021/11/3 21:00,发货很快，单价也是很便宜。
2021/10/23 8:12,感冒药是正品的快到感冒高，发起了先备点货
2021/10/25 19:28,便宜方便快捷
2021/10/25 17:36,非常好，划算！
2021/10/22 10:21,便宜，还不错
2021/10/31 8:58,老牌子，质量有保证
2021/10/22 8:52,凑单备用 看起来不错
2021/11/1 18:54,感冒药收到了，一看就是正品，天气冷了容易感冒，买点放在家里
2021/10/30 21:14,非常满意，预防感冒，先购买一些屯着，发货特别快，有需要还会回购的
2021/10/26 22:03,太便宜了血赚
2021/10/25 11:15,有活动，感冒吃这个很管用。每盒都有编码，可以验证。
2021/10/25 19:45,挺好的效果也不错
2021/11/7 18:06,买来囤着的。
2021/10/29 10:24,在外上班，昼夜温差大，备盒感冒药总是好的
2021/10/26 16:06,买来备用的，看着还不错
2021/10/27 21:23,看到有送的店铺红包，就囤了几盒感冒药！
2021/10/22 10:31,感冒灵挺不错的，多次购买了，家中常备
2021/11/1 12:45,是正品，然后药效挺好的，上次感冒喝了四包就慢慢自己好了
2021/10/26 15:49,正品，价格合适
2021/10/22 21:47,阿里健康很方便，日期新鲜，值得入手
2021/10/26 10:36,包装很好用了卷很便宜
2021/10/29 17:57,很好，是正品，包装完好无损！
2021/10/30 19:13,正品很满意
2021/10/29 3:16,正品牌不错啊
2021/10/26 14:42,价格能接受，感觉很不错。
2021/11/18 12:28,从付款到收货，时长十来天。收到的货少了货，联系客服，要么联系不上，要么客服就推卸责任。回复很慢，不解决问题
2021/10/25 19:16,发货快，晚上下单，第二天就收到货了。
2021/10/31 14:14,挺好，每次喝个两包，感冒差不多就好了
2021/10/31 22:06,不错不错效果很好
2021/10/27 20:33,正品无疑！而且送货速度很快
2021/10/15 13:24,999感冒灵家中常备 对于我而言 效果挺不错的 正好卡券包突然出现店铺无门槛9.8的红包 还单品包邮
2021/10/23 12:48,很好的，第二天就到了，正品，比药店便宜了不少了
2021/10/21 14:24,价格实惠，家里常备点
2021/10/25 11:55,应该是正品吧
2021/10/31 10:09,此用户没有填写评论!
2021/10/27 21:42,好苦东西质量非常好，与卖家描述的完全一致，非常满意
2021/10/22 11:24,便宜，阿里送了个红包买的
2021/10/27 18:28,很划算 买买买
2021/10/30 1:08,便宜就行
2021/10/26 14:54,挺划算滴
2021/10/27 23:03,十分便宜
2021/10/29 10:01,还不错，领卷买的，价格便宜
2021/10/24 11:55,还可以，挺划算
2021/10/30 20:02,孩子很喜欢，质量也很好。
2021/10/25 19:21,应该是正品！
2021/10/22 17:00,领券下单才4.1  家里常备药  很满意
2021/11/5 13:25,如能刷社保就成岁了，比当地大某林便宜二倍。
2021/11/7 12:52,货是隔天达，取就得再晚一天。
2021/10/31 19:13,很好 正品
2021/10/27 21:49,挺好的正品
2021/10/31 21:17,管用 正品
2021/10/31 9:09,正品无疑
2021/10/31 6:46,物流很快，有个优惠券就买了一盒，因为一盒也包邮
2021/10/28 15:28,卷后买的 非常便宜
2021/10/28 21:43,999已经吃完了，感冒好了才来评价的嘿嘿
2021/11/15 20:27,东西就是少发了，快递没有破损，开箱视频也发给客服了，客服一直推脱，一个星期了都没有给出答复，后来还说他们没有少发，最后是退款了，以后不会来了
2021/10/26 16:28,效果不错，价格实惠
2021/10/31 20:10,包装仔细，配送速度很快，是正品，很不错！！！！！！
2021/10/29 22:42,这感冒从去和药店买的一样，日期很新鲜，很放心，毕竟是大药房买的不会错的。
2021/10/26 21:21,发货很快 晚上下单 第二天中午就到了。还可以验真伪，是正规药品。
2021/11/17 11:02,咨询物流信息状态，客服服务态度极差，除了会稍等以外没有别的，叫对方帮忙催下物流信息，感觉很不情愿，还强调自己不是快递公司，遇上这种态度极差的客服下次不会光顾了
2021/10/18 18:16,"ym客服服务很好,??没有副作用,绝对够称。?一模一样,质量很好。??前天下单的,吃了后有??变白,减肥药效果好。??跟店里的一样,我就是?有优惠券才买的。家中??常备药品,支持退货,??发热十分均匀。大品牌??值得信赖,"
2021/10/25 15:59,挺好的，刚到货就被朋友抢去喝了四包！
2021/10/22 8:38,非常满意的一次购物，质量很好，与卖家描述的完全一致。
2021/10/26 22:48,包装很到位东西质量还可以，快递速度也很是给力
2021/10/26 21:26,喝完感冒好了，平时可以备点
2021/10/25 21:01,货已收到，外包装内包装都确认是正宗药品，价廉物美，值得信赖！
2021/10/30 22:17,我把喜欢写在风里，从此整个世界是你
2021/10/29 18:05,挺好的，备一盒在家感冒吃挺有效。
2021/8/26 13:49,此用户没有填写评论!
2021/10/15 13:20,跟去药店买来的一一对比下，一模一样，是正品，刚好这两天有点感冒，可以冲来吃，一直买这个牌子的，老牌子值得信赖！
2021/10/26 15:57,因为疫情，给家里买的常备药，还可以
2021/10/24 22:02,很好喝呀&hellip;&hellip;不能够影响别人心情舒畅好好休息下就能轻松度过吧&hellip;&hellip;在于
2021/10/21 14:21,和药店一样
2021/10/29 11:13,放家里备用，物流挺快的，这家店的服务可以！比在药店里买便宜！
2021/10/29 10:46,连续买了好几次了，一如既往的好。特别是发货及时，很赞哦
2021/10/23 5:51,多次购买 秋冬季节家庭必备
2021/10/31 19:02,不错的～
2021/10/29 20:15,到货速度很快 入冬了常备感冒药
2021/10/31 12:53,不错，过程很严谨，药品也很好，价格也好
2021/10/27 9:45,这个神了，单买一包，比买组合包便宜，大家买之前可以算一算。
2021/10/25 21:13,发货快，包装得很好，老字牌999
2021/10/25 19:12,跟客服说急用，昨天晚上拍的，今天下午就到了，感谢客服、物流和快递员，还会再来的，非常满意，好评！
2021/10/26 19:15,每次感冒都喝这个，喝了几次感冒好多了，特别好！！！！所以还是很好的
2021/10/22 16:05,放着家里备用，省的要用的时候急着去买，一直用这个牌子
2021/10/26 13:24,包装完好，买来备着
2021/10/24 7:13,见效挺快的，喝了几袋以后感冒好多了
2021/10/30 21:51,蛮好的 很方便 备用。蛮好的蛮好的蛮好的蛮好的蛮好的蛮好的蛮好的蛮好的蛮好的蛮好的蛮好的蛮好的蛮好的蛮好的蛮好的蛮好的蛮好的蛮好的蛮好的蛮好的蛮好的蛮好的蛮好的蛮好的蛮好的蛮好的蛮好的蛮好的蛮好的蛮好的蛮好的蛮好的蛮好的蛮好的蛮好的蛮好的蛮好的蛮好的蛮好的
2021/10/25 13:02,每包份量好少
2021/11/19 17:30,凑单买的，而且秋冬季容易感冒，想说买两盒囤起来
2021/10/21 15:03,药很正规，两天就到货了，感冒也快好了
2021/10/21 21:20,宝贝收到，多次购买，药效很好！
2021/10/26 21:47,质量可以
2021/10/21 16:39,网上医生问诊很详细，态度好
2021/10/24 22:47,和药房买的一样，效果好，
2021/11/1 10:26,非常不错，轻微感冒喝下就好
2021/10/19 20:32,一直都是吃这个药效果很好。相信这个牌子宝贝是正品快递还算快 以后就这个店了。  效果不错几天就好了一直使用这个效果不错。  速度很快效果还在使用中满5分连续喝了三包效果不错感冒好了一半 中药制剂就是好东西很正宗效果也很好
2021/10/29 12:21,感冒了，配合莲花清瘟效果不错
2021/10/30 21:24,网上活动买的，还算实惠，物流也很
2021/10/23 18:04,效果不错，吃了两次感冒就好了
2021/10/28 15:50,包装完好，日期也挺好，发货速度
2021/11/1 13:41,如果困了或者头痛，可以喝，见效很快：）
2021/11/1 0:48,太棒了，外卖很快，感冒被被制止住了
2021/10/28 19:28,挺好的，除了味道稍微苦一点，效果还可以
2021/10/18 17:21,在卡券包里发现了一个红包，看了看店铺，999感冒灵正好是单品包邮，日期也很新鲜，值得购买。
2021/10/21 7:22,物流超级快，领券购买的很划算
2021/10/22 9:49,希望是正品呀
2021/10/25 13:34,蛮不错的  家庭常备  去药店太黑了
2021/10/31 13:38,和药店一样。
2021/10/22 6:59,大家人们天冷了记得保暖！
2021/11/16 19:27,怎么是十克的？我们在药店买的都是15克，好像外观包装也不是那么像，不知道是不是假的，每一次成年人都要吃一包15克的，你这个十克的，怎么吃？不是很理想
2021/10/24 22:32,发货很快，很速度，是正品，可以放心购买
2021/10/21 19:19,质量挺好的
2021/10/27 15:50,运货真的快，隔天就到了
2021/10/21 19:37,很好喝 灵丹妙药 家中常备
2021/11/1 14:27,包装好，物流快，价格实惠，比外面买的便宜一点
2021/10/22 12:21,物流还是很快的，大赞??，药效之后再来评价。
2021/10/21 22:32,很可以 和药房买的没区别
2021/10/31 10:23,凑单，一直都支持三九，好用。
2021/10/27 2:00,家中常备 预防感冒，很实惠
2021/10/25 11:33,真的绝了，第一天早上九点半下单的，第二天下午就到了，这物流速度杠杠的，感冒很严重，喝完就舒服多了
2021/10/21 17:51,宝贝物超所值
2021/10/21 15:14,买回来备用的，要感冒之前喝点，可以预防感冒
2021/11/2 21:35,比药店便宜多了！
2021/10/23 20:14,比实体店便宜多了，满意
2021/10/24 22:34,很好用，特别是特殊时期，核实信息就可以发货，良心， 哈哈哈哈哈哈哈哈
2021/10/30 22:42,家庭必备，一直用这个牌子的
2021/10/29 9:30,包装完整，价格实惠，物流快
2021/10/27 10:05,和药店买的一样。
2021/10/21 12:27,天气转冷，给儿子备用
2021/10/21 13:05,喝了一盒多才好
2021/10/25 21:48,相信阿里大药房就没错
2021/10/31 16:22,无破损 到货也挺快 不错
2021/10/27 17:15,每年冬天必备，天气变化无常。
2021/10/24 22:25,晚安。科比离开的636天
2021/11/1 20:15,很好喝，甜甜的希望感冒有效
2021/10/26 12:12,非常好，吃了4袋感冒就好了。
2021/10/31 20:57,非常好，非常满意，一直在这家买。能预防一下
2021/11/18 15:28,正版，但是比我在药店买的贵
2021/10/23 20:09,挺方便的  家中常备感冒灵
2021/10/25 18:29,发货快  在这买药也放心
2021/10/21 16:38,超快的 比药店划一点 很好
2021/10/31 14:30,这个效果挺好的。喝了第二天就缓解了
2021/10/22 20:22,很好，日期很新，是正品呐。。。。
2021/10/31 12:59,挺好的，价格适中，老牌子，值得信赖
2021/11/1 9:48,家里备点日常药，挺方便的
2021/10/26 9:14,家庭常备，三九的值得信赖
2021/10/26 23:50,非常好ヾ(?&forall;??)?
2021/10/22 20:50,到货挺快的。包装很好没有破损挤压，
2021/10/26 10:37,用了红包很便宜 买来囤着
2021/10/23 11:49,999感冒颗粒很好，就是喝了之后，第二天第三天感冒就好了很多，差不多都好了。
2021/10/13 9:27,三九感冒灵颗粒已收到，包装完好无损，生产日期很新鲜， 质量很好。
2021/10/31 11:14,很不错  很喜欢  很实用  很快速
2021/10/27 15:37,是正品，关键是很超值
2021/10/29 15:54,现在不敢去医院，比本地药店便宜方便，还包邮解决了大问题，感谢商家，
2021/10/26 23:03,可以可以，冬天到了，囤货
2021/10/27 22:27,有效果，多喝水，多休息，多出汗
2021/10/25 9:13,活动期间买，真的超级超级划算
2021/10/25 6:06,再次购买了 信誉有保证
2021/10/27 7:54,价格实惠，质量不错
2021/10/29 12:33,价格合理
2021/10/25 6:05,阿里药房的 物流迅速 解了我燃眉之急 会收藏加购
2021/10/21 20:30,很好，多次在这里买药了，正品
2021/10/25 17:02,正品，先备着以防万一
2021/10/23 23:25,宝贝质量不错，很喜欢了。谢谢掌柜。
2021/10/31 18:48,到货很快，习惯好评
2021/10/31 0:51,不错。正品到货也快
2021/11/1 18:55,已经回购了  很正规
2021/10/21 16:45,新日期的，包装很好，快递给力，卖家很有信誉，发货速度也很快。价格更是比别家的实惠多了
2021/10/31 7:07,效果好多次回购
2021/10/21 10:51,价格划算，发货快，棒棒棒！
2021/10/22 20:31,多次购买了，非常好
2021/10/29 21:42,备用的，不用去药店买了，方便
2021/10/24 13:35,感冒冲剂收到了，谢谢！变天了家里人容易感冒离不了呀！
2021/10/25 12:39,药是正品的，发货速度挺快的
2021/10/27 20:45,很满意的一次购物
2021/10/22 12:00,药不错，下次还买
2021/10/22 18:57,在网上买药十分便捷
2021/10/25 23:11,和实体药店里的一样好
2021/10/27 9:38,下单第二天就收到了，送货很快很好
2021/11/3 15:57,果然感冒灵，一吃就见效，感冒就认准这品牌
2021/10/27 9:31,还没喝，囤货的，应该不错吧
2021/10/24 20:12,太快了 昨天刚买的 今天就到了
2021/10/25 0:33,家庭备用药，999感冒灵！！
2021/11/1 20:28,好用好用 和店里买的一样好
2021/10/25 12:05,好，价格实惠，
2021/10/30 18:28,满意  会再次选购的
2021/10/21 20:59,囤货，感冒吃几包就好。
2021/10/31 19:53,和实体店一样的 快递特别快
2021/10/31 11:00,挺好的，比药店便宜
2021/10/23 20:29,第二天就到了，送货上门，很方便
2021/11/4 21:54,最近有点感冒，然后双十一就顺带买了凑满减
2021/10/27 7:57,收到了，比药店便宜
2021/10/31 16:04,物流很快，晚上拍的，第二天下午就收到了，五分好评了
2021/10/27 15:24,收到了，都喝了2次了正品
2021/10/29 13:54,疫情期间可以买到真的不错呢   发货快，攒
2021/11/7 19:03,不错，感冒了备着。
2021/10/27 11:18,999感冒灵很有效果
2021/10/21 23:34,物流很快，价格实惠。很满意的一次购物
2021/10/26 12:40,送货很快，包装完好
2021/10/21 12:41,日常家用品啦 很好
2021/10/21 20:37,非常好，还要继续买
2021/10/5 19:24,包装严实精美，在他们家买过两次东西，质量都是有保障的，真心不错
2021/10/24 9:19,good很好呀而且很快
2021/10/26 15:22,特别及时，非常方便
2021/10/21 9:01,网上购药，很方便，包装很好，价格优惠
2021/10/17 18:13,此用户没有填写评论!
2021/10/25 12:41,预防感冒，居家必备！
2021/10/26 10:21,经常购买相信阿里。
2021/10/25 9:36,一直用的这个，特别管用
2021/10/24 11:02,质量很好，喜欢，价格便宜
2021/10/25 9:19,很好，是正品，已经吃上了
2021/10/28 12:01,非常感谢五星好评！
2021/10/30 13:41,天冷了，备着预防感冒的
2021/10/21 11:35,正品，家庭常备??
2021/10/23 17:13,好用，喝了8包就好了
2021/10/22 20:12,很好，速度很快，实惠
2021/10/22 9:56,好用  就是太甜了，齁甜
2021/10/30 10:07,到货超快，太太太棒了??
2021/10/24 11:49,预防感冒必备好吧
2021/10/29 20:13,速度非常快，感冒已经好多了
2021/10/27 20:30,不错，有券便宜
2021/10/24 15:04,正品，比药店优惠。发货速度很快。
2021/10/30 19:06,很好，跟药店买的一样
2021/10/30 14:25,跟实体店一样，好评
2021/10/21 12:03,好，以后还会光顾的！
2021/11/1 8:46,药很好，特别管用，
2021/10/21 16:46,家庭必备，非常好！
2021/10/28 12:12,非常好 值得购买
2021/10/22 8:44,到得很快，及时雨
2021/10/27 13:56,祝自己身体健康
2021/10/23 19:03,隔天到，有备无患
2021/10/29 23:17,早上买的下午就送到家了，非常不错
2021/10/24 21:40,正品 发货很快
2021/10/25 18:56,可以，是正品
2021/10/29 21:58,感谢！一直信任的店铺
2021/11/18 22:28,买来备着，箱子没封好，还好药没丢也没压坏
2021/10/30 16:00,感冒吃了药，很快就走了
2021/10/22 16:19,备在那里，可以
2021/10/21 23:46,速度很快，喝了缓解了感冒，很有效哦
2021/10/29 16:54,感冒灵得背着哈哈哈
2021/10/27 16:41,是正规厂家的，挺好
2021/10/28 21:52,特别好 家中常备
2021/10/9 16:01,此用户没有填写评论!
2021/10/31 18:27,特别好 感冒好了
2021/10/26 11:05,是正品，非常好
2021/10/28 12:55,老牌子了放心
2021/10/24 13:40,正品，非常好用
2021/10/27 22:26,日期新鲜，正品
2021/10/27 19:15,物流很快 次日达 药品生产日期新
2021/10/27 18:14,用了几天感觉很好的
2021/10/28 22:59,第二天就到了很好
2021/10/30 21:10,很管用！次日达，很方便，送货很快！
2021/10/28 19:00,昨天下单今天就收到，非常满意，赞赞赞
2021/10/24 22:07,期盼之中，终于等到了心爱的东东，谢谢！
2021/10/23 14:57,与描述一致
2021/11/1 19:16,囤货来的，一如既往
2021/10/28 11:28,感冒药家中必备药
2021/10/26 23:44,真的快！家庭常备药！
2021/10/25 17:34,效果不错，一包见效
2021/10/25 16:50,好东西真不错，挺好的，家庭必备。
2021/10/23 13:52,挺好的，还包邮
2021/10/29 18:38,收到了，是真品
2021/11/14 22:09,物流超级慢！！！下单后送三天才到，送货地址苏州，收货地址还是苏州，我是真不懂为什么同城还能要三天送货，我这虽然只是小感冒咳嗽，但是耽误那么多天，我自己咳着也难受啊，推己及人懂不懂？找个靠谱点的快递！！！
2021/10/27 9:30,我买了没喝，哈哈哈(?&omega;?)hiahiahia药到了，病好了
2021/10/24 8:16,是正品，物流很快，非常满意，五星好评。
2021/10/27 9:01,好 正品  在哪了这闺女过gong。一两天下来的，哦！你！吐我哦哦哦哦，我也想你呀？你们店里了解了吗糊涂了&hellip;好了弄好了？我的天？嗯呢，好啊啊，好了好了弄好了，在不行的话我就&hellip;好滴好滴谢谢啦~哦！嗯呢啊，好看不懂了吧你的意思是，好看看有没有小黑车&hellip;好了弄好了吧啦啦啦德玛西亚皇子&hellip;好了弄好了么事儿多少斤就行吧唧火花花世界观赏鸽子汤：在家呢子外套女的号的话？嗯呢啊&hellip;哦？你看看有没有小黑车&hellip;哦豁然而并没有人工服务好了弄好了，在哪了，哦哦，哦！！，我看看你在哪呢？嗯??魔童！嗯呢啊。
2021/10/31 12:40,发货及时物流快，家里常备良药。5/1生产，满意！
2021/10/16 19:59,"yf天气渐凉,大小??合适,需要再回购。大品??牌值得信赖,用着效果??明显,感冒神药,发热??十分均匀。价格实惠,??包装严实精美,没有副?作用,我就是有优惠券??才买的。生产日期很新??鲜，感冒药吃了就好了，"
2021/10/29 10:32,很好，跟药店一样
2021/9/1 16:59,此用户没有填写评论!
2021/10/27 9:11,很好 值得信赖
2021/10/23 22:42,又到了容易伤风感冒的季节，买点备着！
2021/10/22 22:20,正品来的，备用，
2021/10/25 22:14,送了券，非常划算
2021/10/24 20:41,卖家发货速度很快，喝了很管用，家里常备药。
2021/10/24 17:03,见效快，口感好！
2021/11/1 9:04,一如既往的好评
2021/10/21 17:29,跟药房一样好
2021/10/27 21:53,不错不错买着备用
2021/10/22 19:35,用券买的很实惠
2021/10/28 15:16,比实体店便宜好多，值得购买。
2021/10/28 10:21,发货及时，非常的好，又继续支持了。
2021/10/29 22:50,挺好的，嗯划算
2021/10/31 7:47,物流很快，预防感冒，是真品，好评
2021/10/25 6:24,口感好，见郊快！
2021/10/24 23:46,常用药，家中常备
2021/10/22 17:01,回购n次
2021/11/1 15:34,物流很快，包装完好，很满意赞??
2021/11/1 15:49,希望用不上哈哈哈哈哈
2021/10/19 17:55,999感冒灵和999强力枇杷露收到了没错是正品   现在是感冒多发事件正好用的上
2021/10/21 17:22,物流快包装的很好
2021/10/24 19:36,三九感冒灵已收到，质量很好，物流很快，价廉物美。
2021/10/22 9:23,秋冬季备着 预防感冒 ??
2021/11/1 14:41,比预定的到达时间晚了很多
2021/10/26 20:36,物流很快正品
2021/10/26 12:32,日期可以
2021/10/25 2:52,预防和治疗感冒常备用药
2021/10/28 17:39,阿里大药房发货总是最快的
2021/10/26 18:43,挺好的很方便
2021/10/22 12:18,很快，日期很好
2021/10/26 19:39,不错很好很赞。
2021/10/31 21:36,方便又快捷
2021/11/16 20:21,还可以今天拿了快递，查了一下是正品。
2021/10/25 6:32,发货很快，隔天就到了，买来备用的，挺方便
2021/10/28 14:09,很快就到货了
2021/11/3 17:32,不错，我们这里因为疫情，医院都缺药，这个还是很方便，我都确诊普通肺炎了，可是还是没有这个药&hellip;多亏阿里&hellip;
2021/11/3 16:46,日期是新日期。
2021/10/30 20:14,次日到，挺快的
2021/10/25 0:57,奈斯   超级棒
2021/10/24 19:20,屯着，很方便
2021/10/28 5:48,很快就收到！
2021/10/29 15:01,感冒药还行吧
2021/10/26 17:15,头疼，吃了几袋好多了，效果不错，
2021/10/30 9:08,到货超级快！
2021/10/22 20:34,药嘛，没问题
2021/11/1 11:36,买很多次了，效果挺好的。
2021/10/23 16:15,产品质量不错的。
2021/11/1 20:00,质量不错，买的满意
2021/10/21 19:37,不错不错 挺好的挺好的
2021/10/28 21:40,不错，家里常备的，为了预防感冒
2021/11/13 16:16,购买的时候商品页面有显示次日达服务，我才购买的，因为正好感冒，懒得跑医院一趟买个感冒药，就在这买了，结果买了之后第三天才到，投诉给旺旺之后，旺旺还不承认，也是我傻，没有截图，吃一回哑巴亏吧，还有这个客服，综合tl52，呵呵
2021/11/2 17:57,不错，是正品。
2021/10/28 18:47,比实体店便宜多了，速度还快！
2021/10/31 22:05,挺好的不错
2021/10/29 12:43,不孬，挺好
2021/10/27 13:24,很好 不错
2021/10/29 13:02,好用有效
2021/10/27 22:46,好用，方便。
2021/10/28 23:25,挺好的  不错
2021/10/29 0:50,好用，再来
2021/11/1 12:33,方便，快捷。
2021/10/24 9:15,救急 好用
2021/10/28 16:15,五分好评
2021/10/21 11:58,挺好的信赖
2021/10/29 23:18,很实惠很好
2021/10/23 12:11,真快，神速啊
2021/10/25 13:09,不错不错，挺好的
2021/10/23 17:36,速度好快啊，今天就可以喝了。
2021/10/31 17:57,很有速度，一天就到了
2021/10/26 23:55,家中必备。
2021/10/28 18:47,推荐购买
2021/10/22 20:28,味道不错
2021/10/22 12:38,感冒好啦
