2021-11-16 21:15:22,方便实惠 比大药房便宜 时不时会囤一些药品 很不错 多次回购了
2021-11-15 18:52:52,天气冷了～把感冒药备备好～
2021-11-17 08:05:26,东西不错，做活动的时候屯点家庭常备药，比药店便宜太多，也不用去医院排队挂号。很方便。。。
2021-11-20 19:40:34,非常好 到货快
2021-11-18 18:20:17,快克收到，最长吃而有效的感冒药了，价格实惠，好评了！
2021-11-17 22:05:26,我感觉只要感冒我就只吃快克。效果特别好。而且价格便宜
2021-11-19 18:08:47,药已经收到了，谢谢
2021-11-20 21:16:05,感冒直接吃了这个药 ，药效很好 ，就是吃了之后容易打瞌睡 ，感冒后吃了一粒立马就感觉人好多了
2021-11-15 13:53:48,非常满意。
2021-11-12 22:51:36,疫情期间，买来放家里备用
2021-11-17 10:44:12,发货速度很快，good.
2021-11-18 14:59:00,物流给力包装完好，比在药店买还便宜
2021-09-26 16:15:09,此用户没有填写评论!
2021-11-19 13:58:38,东西不错一直在咱们家买还是比较好的！
2021-11-11 18:48:03,感冒效果挺好
2021-11-11 11:21:07,非常好 ，在这特殊时期，家里还是得备一些常用药的，发货也很快！
2021-11-19 22:35:26,日期比较新，应该是正品吧
2021-11-16 11:38:35,价格还可以，平时用起来很实用很方便
2021-11-12 09:41:11,zk药品昨天早上八点来钟就到了本地，服务周到热情，第二天就送达了！所以在我买的满意产品都会附上这条评价
2021-11-15 12:18:27,物流快，比药店便宜，省心实惠！
2021-11-17 10:13:43,比实体店便宜一半
2021-11-19 23:00:22,比药店实惠多了
2021-11-14 08:35:32,秋冬必备。家庭用，备多一点。
2021-11-20 08:46:35,这个药很好，我昨天晚上吃了两颗就好了，
2021-11-14 08:32:14,可以，是正品
2021-11-20 21:28:00,效果可以
2021-11-18 09:33:52,冬天容易感冒，先备上几盒感冒药，安心
2021-11-17 22:22:58,效果不错，价格便宜
2021-11-16 17:00:00,质量还可以
2021-11-09 22:49:12,不得不赞，质量真的好，包装物流也不错。真心喜欢，入手后不会让你后悔的！
2021-11-16 22:58:36,药到了，也吃了还不错速度快
2021-11-19 08:11:57,多次购买了，方便快捷！
2021-11-17 14:52:27,买药很方便～药品没问题～
2021-11-20 22:30:38,家中常备药，不错，比店里便宜很多。
2021-11-17 18:16:22,收到货了，药很好，没损坏，给予五星好评鼓励本店
2021-11-16 11:08:10,不错，比线下便宜
2021-11-12 19:27:57,比药店便宜几块一盒，再次购买的。
2021-11-11 23:58:32,上网上买方便多了，阿里健康还有专门的药师为你推荐合适的药，很方便。
2021-11-20 08:29:54,还是可以下手的。 今天子之国以外五百里甸服：百里赋纳总，二百里纳铚，三百里纳秸服，四百里粟，五百里米。甸服外五百里侯服：百里采，二百里任国，三百里诸侯。侯服外五百里绥服：三百里揆文教，二百里奋武卫。绥服外五百里要服：三百里夷，二百里蔡。要服外五百里荒服：三百里蛮，二百里流。
2021-11-16 13:19:19,这个牌子的好用，效果好
2021-11-17 11:04:26,药品日期很好，备用
2021-11-14 19:46:52,天冷了，买些感冒药备用，物流挺快！
2021-11-17 14:24:50,发货快，包装很好，客服服务态度好。满意的购物。
2021-11-20 11:16:48,相信阿里健康～
2021-11-15 12:00:49,收到，完好无损
2021-11-17 19:52:19,质量非常好，客服态度非常非常赞，有问题及时给解决了
2021-11-20 22:37:36,方便，正品
2021-11-18 19:41:22,又快又便宜
2021-10-30 10:16:06,此用户没有填写评论!
2021-11-16 05:31:22,家庭必备
2021-11-17 06:39:24,感冒吃了好多了
2021-11-16 15:58:06,收到。支持。
2021-11-11 07:46:18,性价比很高，比药店便宜
2021-11-18 19:15:29,价格便宜，满意
2021-11-15 16:00:30,家庭常备药，屯着
2021-11-09 20:25:49,冬天来了，家里人都经常感冒，比药店便宜
2021-11-18 06:58:59,方便！物美价廉！
2021-11-19 20:58:45,家中常备药，吃起来吃起来
2021-11-09 21:06:50,正品，质量很好，可以放心购买的哈哈哈。。
2021-11-16 14:08:02,还会关注你家的
2021-11-16 12:46:35,很不错，放在家里备用
2021-11-10 10:53:33,买来备用的，和药店一样，推荐推荐!
2021-11-18 22:32:16,备用药品
2021-11-14 10:57:06,是正品。现在疫情期间，给家里人备些药
2021-11-10 08:38:24,宝贝和卖家描述的一样好，已经多次购买。
2021-11-18 07:02:08,此用户没有填写评论!
2021-11-09 15:14:58,效果真不错 吃了三天就感冒好多了
2021-11-03 15:04:25,此用户没有填写评论!
2021-11-14 16:11:15,比在药店买便宜
2021-11-11 22:27:10,是正品，而且价格不贵，也有效果，针不戳????????????
2021-11-15 13:58:20,备着待用，应该不错。
2021-11-09 04:24:14,正品，价格便宜。服务周到
2021-11-09 20:43:32,买来填充家里的医药箱，备用的！
2021-11-07 15:09:40,阿里的药房真的很值得信赖，之前买过好几次了，很有效果
2021-11-12 20:58:22,物流稍慢，但扫码验真是正品，值得购买。生产日期是下半年，用药时间有保障，值得肯定。
2021-11-09 20:26:14,便宜好用！！！
2021-11-14 15:14:28,可以的     包装很好
2021-11-14 20:11:33,正品不错
2021-11-13 15:42:18,应该正品
2021-11-09 18:03:20,冬天到了，这个季节有备无患，先备上
2021-11-14 19:22:35,药品已收到，并进行全面消毒处理，昨天下单今天就到，很神速了，近仓发货
2021-11-15 12:43:26,发货快，服务好，值得信赖
2021-11-03 23:16:48,相信天猫医药正品保证，生产日期是最新的。
2021-11-12 20:54:38,越来越冷，就很容易感冒??，本身又有鼻炎，更加容易感冒。这些要是家里常备的，先屯一点儿。
2021-11-20 19:38:36,宝贝很好~
2021-11-14 15:11:51,有需要的可以果断下手
2021-11-11 12:55:56,一直在这家买药很放心
2021-11-13 20:36:57,第二次买了，效果不错
2021-11-15 21:17:36,一个字快！
2021-11-14 22:30:51,非常好！居家必备神器！
2021-11-10 11:49:12,网上买的药，方便快捷，不贵
2021-11-09 09:44:30,买些存着，以备不时之需。
2021-11-14 15:14:06,快递给力，跟实体店一样一样的，价格要优惠很多??
2021-11-14 20:35:43,大品牌 信得过~~
2021-11-11 23:21:28,感冒药是正品，很好
2021-11-12 22:51:23,效果很好，很不错!
2021-11-10 19:22:26,老顾客了，放心购买
2021-11-12 22:40:08,挺好的，网上买便宜
2021-11-06 13:09:25,包装完好，已验证！
2021-11-13 15:39:05,吃着预防感冒，挺好的
2021-11-12 19:09:01,东西很好 快递迅捷
2021-11-13 13:56:53,速度很快，非常好呀，点赞??
2021-11-11 02:20:27,很好，和医院的一样
2021-11-11 10:10:19,挺好的 比较方便
2021-11-12 20:16:46,蛮好的，家中常备
2021-11-14 15:29:46,卖家真的很好。很用心的。
2021-11-12 15:41:17,不错不错，发货很快，价格实惠
2021-11-12 22:30:37,感谢商家为老百姓提供的便利
2021-11-20 19:00:13,挺好的，满意
2021-11-14 21:58:47,第一次再网上购买药品   是不是正品不知道    这个日期真的非常的好   快递有点慢   不过赶上雨雪天气也能理解   总之就是特别满意
2021-11-16 11:24:30,货真价实
2021-11-19 15:27:08,非常满意的
2021-11-09 22:24:36,一直回购中
2021-11-12 13:33:12,买家常感冒药只认准阿里
2021-11-18 21:32:55,常备药，质量好，很好，物流快，服务态度好
2021-11-20 12:07:04,十一月 一定会更好的吧 感觉生活也在一点一点的变甜变可爱这座城市正在降温， 十一月的太阳脆弱得如同扉页， 署名被时间染黄， 打开就是秋天， 从阳台一路坠落， 成为全书的最后一篇。要有多么好的心情 才能抵御十一月的阴雨天气。
2021-11-12 22:17:30,很快很实惠
2021-11-09 10:18:16,在我们村一般是没有人会网购的，一般花钱都是十元八元的花，第一次花几百元网购的这件物品，村长都到我家找到我父亲说我是不是疯了，等到漫长的的快寄之后，开快寄的当天，村长给我家请来了当地吹唢呐的，还当天摆了几百桌，庆祝一下买了几百元的东西，当时我的自信心就瞬间爆炸，我就是我们全村人的希望，我就是我们全村人的骄傲，现在我们村我也是有头有脸的人物，非常感谢商家这么好的物品，让我现在人生巅峰，站在人生的最顶端，以后还会再来光顾你的小店，还会购买你的物品。
2021-11-13 00:07:48,不错(*?&acute;╰╯`?)?好评╰(*&acute;︶`*)╯
2021-11-13 11:58:23,很好，一直在用这个牌子，很好用
2021-11-09 11:36:37,天气冷了买点备着。快递速度越来越??
2021-11-04 16:25:22,物流很快，都是正品药，阿里药房，值得信赖
2021-11-13 08:59:27,经常买，很多次了
2021-11-09 18:58:43,速度很快很不错的的
2021-11-13 19:03:29,发货很快很给力
2021-11-14 19:03:57,感冒药收到了，好评。
2021-11-09 14:58:51,备用的，冬天来了
2021-11-10 17:54:50,挺好，便宜
2021-11-13 10:47:42,家里没有感冒药，买几盒备备。
2021-11-10 13:28:11,快递速度非常快&hellip;&hellip;
2021-11-14 19:32:34,卖家服务非常好，发货非常快，值得信懒。
2021-11-19 15:11:27,真的，快克在刚感冒的时候是永远的神
2021-11-09 07:36:21,买来备用，物美价廉
2021-11-05 08:52:03,宝贝做工真的非常精细，细节真的棒，爱了爱了
2021-11-11 09:47:43,一直在这里买的药，发货速度很快，满意
2021-11-09 10:06:51,还不错，非常满意
2021-11-10 09:45:34,超级棒，值得信赖
2021-11-13 21:33:01,很不错，日期也新
2021-11-05 10:10:19,趁着活动优惠囤货中，常用药感觉少不了！特别是现在疫情期间买药不方便！
2021-11-11 22:03:16,发货速度太快了
2021-11-04 22:49:33,在网上买药真是特别划算，存一点，以备不时之需
2021-11-13 19:19:21,很好，发货非常快。
2021-11-10 15:18:30,便民惠民，很好
2021-11-15 09:13:57,收到很多天了，才来评价，不好意思。目前很多地方的药店不让卖感冒药了，只好在网上买了。
2021-11-12 16:19:52,双十一网上买比药店便宜多了
2021-11-20 23:16:26,来阿里大药房购买药物已经N次了，现在实体店买药不好买药，还是网上方便，普通的感冒什么的不需要去医院，这里就能解决
2021-11-05 18:45:08,我对这个产品是认可的，这条评价代表了我的态度，我是满意的。所以我贴上了这条好评，因为自从淘宝天猫买买买之后，都不用去商场了，越来越方便，收收快递就可以了，所以我也变得越来越懒了，所以在我买的满意产品都会附上这条评价。首先，包装很好，最重要的产品很好，也是我喜欢的，大大好评。作为一个资深的淘宝剁手党，我对物美价廉的产品没有抵抗力，大家一起剁手。
2021-11-04 14:08:07,快递员送件未联系，收到快递已被打开
2021-11-05 22:15:39,好，便宜实惠。
2021-11-20 09:23:11,药效很好，第一次吃了两粒就减轻好多了。再吃第二次打喷嚏，流泪流泪的现象没有了。
2021-11-05 23:36:32,官方的宝贝，质量没问题。效果刚刚的，不错
2021-11-04 21:58:59,不错，备货中
2021-11-12 20:27:55,一直在阿里大药房买，价格相比较外面药店还是很优惠的，比网上另外的药店又贵了一些，还是相信这么大的企业不会骗人吧。
2021-11-11 01:02:12,不错(*?&acute;╰╯`?)?
2021-11-05 20:53:36,一如既往的又快又好，比药店的还便宜一些，会再来购买的，祝店家生意兴隆！
2021-11-08 18:45:36,是正品，挺优惠的，下次会回购
2021-11-04 18:44:06,很满意！
2021-11-07 21:37:09,家庭必备，现在疫情这么严重，准备点东西挺好，以备不时之需
2021-11-05 12:23:02,又快又好，价格合适，非常方便！
2021-11-16 23:18:17,棒棒，挺好吃的，
2021-11-14 00:07:09,是正品，发货很快
2021-11-11 18:27:01,物流很快，好评。
2021-11-03 15:33:48,总体比较满意的 有需要会再来
2021-11-12 13:24:52,物流很快第二天就到了，不错，挺满意
2021-11-05 12:50:45,比药店便宜。家庭常备
2021-11-05 21:46:30,比药店便宜，家中常备，
2021-11-04 07:42:40,健客大药房的东西又便宜又正规。
2021-11-04 16:07:13,正好用上了，效果不错的，老牌子了！
2021-11-05 18:50:41,正品吃了两天感冒好了
2021-11-07 13:47:08,发货及时，服务非常好，是不是正品不知道，生产日期非常新，总之非常非常满意。
2021-11-04 11:25:22,方便，价格实惠，很快捷
2021-11-04 11:04:27,一天就送到了，家庭常备药，比药店买的还便宜一些。
2021-11-12 19:32:21,??商品收到了，包装得很好，物流非常快，客服态度很积极，有问题及时解答！总体来说非常满意！
2021-11-05 07:20:07,比实体店实惠
2021-11-07 17:37:00,日期很新鲜
2021-11-13 22:53:44,不错，发货很快
2021-11-03 20:26:53,很划算很方便的
2021-11-06 22:20:26,货以收到，正品，安全，放心
2021-11-05 17:48:39,买来放着备用，保质期有保障
2021-11-05 10:00:11,真的很划算的
2021-11-06 08:09:12,价格实惠，买来囤货的
2021-11-04 13:48:01,凑单备了两盒，比药店便宜很多
2021-11-03 16:50:36,价格很优惠
2021-11-08 21:36:56,药好价廉
2021-11-13 05:50:15,冬天到了容易感冒屯起来
2021-11-03 10:47:25,非常满意的一次购物！
2021-11-04 10:57:57,多次购买，认真负责。
2021-11-05 19:18:07,宝贝挺好
2021-11-05 21:17:46,大品牌值得信赖
2021-11-07 19:06:23,日期比较新，感冒备用
2021-11-08 09:38:48,这个季节，买些感冒药，有备无患。
2021-11-20 21:46:48,因为这个疫情，买个感冒药感觉太难了，因为是备用，没有用，应该可以吧。现在的物流也很快比，以前快多了。就是物流更新太慢。
2021-11-04 16:58:20,正品，快捷。
2021-11-04 07:30:47,特殊时期，有备无患。
2021-11-05 12:17:07,囤货的，日期都不错
2021-11-04 20:07:58,很好很快五分好评
2021-11-07 10:21:31,冬天换季容易感冒，家里备着
2021-11-04 16:21:24,速度块，价格便宜，好用
2021-11-07 14:16:15,方便，省心省力
2021-11-07 15:07:32,快递很快  包装很好
2021-11-07 21:56:01,质量非常好，客服态度非常非常赞，有问题及时给解决
2021-11-06 07:15:19,都是新日期
2021-11-05 14:47:33,一直家中备用药，价格优惠
2021-11-04 21:08:13,挺好的 满意
2021-11-06 20:50:29,正品行货
2021-11-07 23:27:41,药很好用
2021-11-05 15:23:48,挺好   日期新   价格优惠
2021-11-08 21:43:39,东西不错，好评
2021-11-05 20:20:05,囤点药 好
2021-11-06 07:15:39,一样，很好
2021-11-02 19:08:37,看起来应该是正品
2021-11-18 22:16:47,趁双十一活动买的，为了凑单囤了很多孩子的药还有大人的药，谁知道消炎药拍不下来，活动也没参加成，气人！说不让多拍，需要的时候再拍你们这里来得及吗？路上都得两三天。那你们提供的服务意义在哪里？
2021-11-04 09:15:42,冬天到了赶紧备货
2021-11-05 09:34:25,保真，还比药店便宜
2021-11-05 16:06:35,时间总能证明我们的相遇是对的，是值得的。不早不晚，恰是适时遇见的时候。于是我驻足不前，等待着这个宝贝给你的期待，时间不会辜负等待。这个世界，拥有爱的唯一方法是以真心换真心。那些甜言蜜语，名利财富以及虚无的承诺，都敌不过一份深刻肯定。简单而平凡话语足以温暖一整个冬天。我现在一定是嘴角上扬，深深的小酒窝浮在脸颊上。那么美好的笑容，一定是收到这个宝贝让我不自觉的油然而生的。已收藏店铺哦~愿看见这条评价的亲天天开心，好事相随~
2021-11-06 11:38:45,速度很快
2021-11-02 18:50:41,很快，常备药。划算
2021-11-05 11:19:14,发货很快，还没有用印象很不错的
2021-11-03 19:18:54,过冬必备，物美价廉
2021-10-30 15:45:28,比药店买便宜
2021-11-15 12:49:17,阿里不错，经常在这里买药
2021-11-08 10:51:43,挺好的，放家里备用
2021-10-30 21:58:24,收货快包装好。挺管用的，值得推荐！满意！
2021-11-03 16:53:21,东西收到了，谢谢！
2021-10-22 21:50:23,真的又快又便捷 冬季屯点日常药品 放心
2021-11-16 21:38:13,我今年在淘宝买东西太生气，不发货，也不给理由，我等了好久。就说是系统出错。我问了好多次客服投诉到消费者协会才给我处理。
2021-11-03 16:26:28,药??刚收到了，挺满意的，满分
2021-11-04 19:04:23,买来在家备用的，发货很快
2021-11-08 20:24:33,很好，有效果
2021-11-06 18:12:25,很不错，囤着
2021-11-07 18:50:19,很好，正品
2021-10-22 21:06:25,买了好几种感冒药一类的，天冷了像快克这种家里备一点很需要的&hellip;&hellip;日期都蛮新鲜的&hellip;网上够药很方便&hellip;
2021-11-05 20:13:26,满意！很满意，值得购买！
2021-10-26 09:15:01,日期很新，换季呢买来备用
2021-11-04 16:37:06,正品，有效。
2021-11-07 18:43:42,一次性买了很多，放家里备着。还是一如既往的方便快捷。
2021-11-06 23:23:36,很可以，经常在这买囤着，税高
2021-10-23 20:43:17,是正品，纯纯的正品
2021-11-14 07:23:44,是正品，吃了一粒快克马上就不流鼻涕了
2021-10-22 13:29:14,物流很快，包装完整，物美价廉。
2021-11-19 14:46:56,真的，我下单前看到预计送货时间才下单的，结果这物流速度，再迟一点感冒已经康复了。。。
2021-10-30 18:57:47,很好很强大 虽然半个月收货  但目前情况能理解 东西很不错！
2021-10-25 17:47:03,宝贝心仪很久了，趁活动时候买真的太划算了，喜欢的不要犹豫啊
2021-10-23 22:15:00,物流很快的，我当天买的当天就发货了，而且卖家态度极好，我问了好多问题卖家都耐心一一解答。而且这个很好看。质量什么的是没问题的，没想到这个价钱可以买到这么好的东西呢。这次购物很满意很满意很满意，必须好评。
2021-10-26 16:14:21,便宜好用，以后买药直接阿里健康大药房！
2021-10-26 11:12:58,正品，扫码可查，比药店实惠多了
2021-10-27 17:06:20,价格比药店便宜很多，这个药效果很好
2021-10-22 12:03:09,买三盒包邮，阿里健康药店也不贵，这天气太容易感冒了。
2021-10-27 21:46:34,便宜又实惠，安全又可信。
2021-10-25 20:57:25,货已收到，外包装内包装都看了，确认是真品。价廉物美，值得信赖！
2021-11-01 12:14:57,送了一张优惠券，很划算了，家中常备
2021-10-30 20:16:07,正品便宜
2021-10-29 18:31:19,方便，实惠，快捷，支持。
2021-10-26 18:43:13,"价格实惠,效果很好."
2021-10-29 17:25:49,买来以备不时之需，疫情防控不松懈，推荐购买，不然真的需要的时候又买不着
2021-10-22 16:02:11,阿里健康大药房买药方便，隔断时间给家里备点常用药。
2021-10-26 09:02:15,速度超快，次日送达！阿里药房，必是真品
2021-10-24 02:20:52,在阿里药房买药很多次了药是正品用了几天就好了
2021-10-27 12:41:23,药品真的物流也很快，冬天了买一点家里存着需要应急的时候方便一些。
2021-10-23 19:16:36,正品，非常实惠
2021-10-24 11:39:13,质量不错非常好赞一个
2021-11-01 19:09:23,很好，买过多次了，比药店便宜
2021-10-23 18:52:53,常备药，效果很好
2021-11-14 20:21:51,阿里健康大药房真不错，如实登记个人信息就买药。其实也不是自己吃，就是家庭备药，有时候老人孩子半夜感冒吃药 没出买。最近我们这一直没有新冠确诊，但是买感冒药还要做核酸检测，一次核酸80元，感冒药只需要20多元，也不知道谁制定的政策，欠考虑。
2021-11-02 23:01:19,超级好吖，这个要对我来说巨管用
2021-10-26 19:23:20,物流很快，价格也很实惠，吃了一次效果还不错
2021-10-23 13:14:14,好药，价格实惠！
2021-10-28 19:23:43,价格不贵可以购买
2021-10-22 16:44:09,一直这这里买各种药，家庭常备药很方便
2021-11-01 07:52:44,容量大质量也不错
2021-11-01 12:35:29,物流非常快，价格也是非常的合适
2021-10-31 06:20:44,很好，比药店里便宜多了。
2021-11-02 16:50:03,很棒很好吃完睡一觉第二天就好多了
2021-11-01 18:59:57,实用性和颜值都非常的赞，我很喜欢，还会再来买的
2021-11-01 17:41:20,质量值得信赖
2021-10-29 14:42:20,一到秋冬，可以常备。可以起到预防普通小感冒。
2021-11-01 14:39:21,效果很好。
2021-10-26 19:55:11,经常在阿里家买药，官方的值得信赖
2021-11-02 18:14:18,便宜又好用，晚上买第二天就到了
2021-10-25 15:53:24,不仅官方进口的对决健康传递绿色郭晶晶夫妇基本法会觉得好结果
2021-11-01 08:47:13,包装完好
2021-11-01 09:36:19,喜欢用这个药??，感冒好的快
2021-10-22 09:47:23,快克感冒药，家里需要备一点。
2021-11-20 18:20:15,漏发，但是店家处理速度超慢，态度也不好
2021-10-28 10:57:46,收到了，比从药店买便宜
2021-10-23 15:06:28,非常好，隔天就收到了，太谢谢了
2021-10-25 22:07:18,相信阿里，健康护全家！
2021-10-26 09:44:06,价格便宜
2021-10-30 11:39:37,阿里健康也是又快又好
2021-11-01 19:14:26,第二天就到货了！很满意，医生指导的也很好
2021-10-24 09:23:14,很方便，秋冬备在家里。
2021-10-27 16:06:01,还不错，感冒已经好了
2021-10-24 14:21:52,发货快到货也快，物美价廉，第二次买了
2021-10-28 16:25:11,已经在阿里大药房买了很多次了，不管是质量还是各方面都挺好的。
2021-10-30 18:53:37,还没用先好评
2021-10-22 19:35:21,老品牌值得信赖
2021-10-24 16:16:14,治感冒有效，发货很快，头天下单，隔天就到了
2021-11-02 16:36:44,很快，也符合实物
2021-10-28 20:31:52,挺好的  买了好多次
2021-10-31 19:00:11,昨天拍今天就到了，速度好快呀。
2021-11-01 18:17:06,东西不错，物有所值
2021-11-06 00:24:28,快递小哥哥很贴心哦，物流超给力的！
2021-10-29 21:20:21,不错的 见效快
2021-10-28 08:06:59,一如既往的好
2021-10-25 15:29:07,东西好，物超所值
2021-10-23 17:44:33,家庭常备，物美价廉，非常不错
2021-10-28 20:25:24,还不错的药??
2021-11-02 10:08:22,好！快，谢谢！下次还光顾！
2021-10-30 18:39:03,方便，快速！
2021-10-24 11:37:31,很快！很有效！
2021-10-24 22:59:41,物流一级棒 药效很好
2021-11-01 10:57:15,家中必备
2021-10-24 23:59:24,不错不错，常备药
2021-10-29 08:36:21,是正品，很好！
2021-10-28 15:52:58,从拍下到收货太快了，值得信赖
2021-10-22 15:49:06,送货到家 满意
2021-10-25 19:57:54,宝贝已收到，物美价廉，很喜欢，谢谢！
2021-10-30 20:27:21,价格便宜物流快
2021-10-29 12:28:50,急病人之所急，点赞。
2021-10-28 22:08:30,感冒止咳就买这个，很不错
2021-10-23 13:01:07,不错，购买方便快捷。好评。
2021-10-31 15:38:12,物流特别快，服务周到热情！
2021-10-27 07:21:07,物美价廉，物流给力，值得回购
2021-10-25 12:09:35,很好，给五星好评哦！
2021-10-25 11:12:31,早收到了，很实惠！
2021-11-01 06:05:48,时常备货！
2021-11-01 01:12:16,很快物流
2021-10-24 15:03:40,快递小哥非常有礼貌
2021-10-29 13:32:05,正品，值得购买
2021-10-25 20:58:27,很快，物美价廉
2021-10-26 12:43:24,挺好的，效果不错
2021-10-26 21:40:36,速度效率高挺不错
2021-10-10 16:03:15,一直在这买正品方便有便宜
2021-11-01 21:44:03,买来备用的，很好
2021-10-23 22:44:08,买来备用！
2021-10-30 14:29:19,今年的日期，保质期两三年呢????
2021-11-02 20:32:39,很好，备用
2021-10-29 16:21:27,价格优惠，药效良好。
2021-10-26 14:23:00,药收到了，就吃了，有效果，发货也快
2021-10-11 12:00:13,颜值很有看头，秋冬换季常备感冒药，有备无患身体安康，有点喜欢?ˋ? ?ˊ?
2021-10-20 18:05:32,药比药店划算太多，而且日期也新鲜，送货很及时，没有损坏
2021-10-11 20:33:13,验证是正品，价格实惠。
2021-10-28 20:24:25,很好，隔天就到了，发货也快！
2021-10-22 12:35:34,治感冒很管用这个药，多买点备着
2021-10-28 15:23:55,买了备用的
2021-10-31 09:16:09,客服很耐心讲解，快递也快.
2021-11-02 08:55:10,学校附近没有药店，当天晚上拍的，第二天中午就到了。速度杠杠的。
2021-11-04 20:46:38,是理想中的产品??，质量不错，物流也很快，值得点赞！
2021-10-25 16:23:21,挺好的，值得推荐购买
2021-10-08 21:21:37,还不错，查了是正品，送的也快
2021-10-16 21:29:53,快克的感冒药效果不错，一直都在用这个牌子的感冒药??
2021-10-05 16:46:43,家庭备用，划算
2021-10-28 23:12:28,发货速度快
2021-10-19 14:56:09,今天收到货就迫不及待的打开看了一下，打开之后惊喜来啦！真没想到这价格可以买到这样的好产品，刚开始买是抱着试一下的心态去购买的，没想到还真的不错，跟描述的一样，下次有需要还会继续光顾！！????????????
2021-10-24 23:25:43,在图书馆喝了一颗，然后睡着了
2021-10-17 11:47:58,感冒药都是预防的时候效果好，所以得早点备着。
2021-10-19 23:29:00,还不错，阿里药房买药很方便
2021-10-25 21:21:29,家中常备药品需要的时候找阿里大药房买就对了，发货及时，质量保证，头天下单，第二天就送达了！
2021-10-25 20:53:19,第一次买呀，应该是正品，物流可快了
2021-10-21 12:36:05,比药店便宜很多，买来备用的，包装不错应该是正品。快克治疗感冒很有效果，一直买这个
2021-10-06 17:08:20,方便实惠，比我们这边药店卖的便宜
2021-11-16 11:15:04,包装整个被压扁了，密封胶带直接裂开，里面的东西感觉随时会掉出来。里面的药也有被压到
2021-11-19 11:47:45,收到很快，就是中通快递要放驿站太远，要去取实在不方便。
2021-10-14 01:40:36,比大药房便宜 方便省心 到货也快 回购多次了
2021-10-19 17:54:26,东西包装好，发货快，值得拥有！
2021-10-10 17:04:31,物流很快，很好，已经吃了效果不错。
2021-10-13 09:35:05,方便快捷，应该是原厂正品，备用非常好
2021-10-07 12:37:20,日期很新鲜 已经药到病除了
2021-11-01 23:32:32,准备放在医药箱中备用
2021-10-13 16:04:08,比拿医保卡买都便宜，天猫很方便
2021-11-11 19:29:47,还是很有效的，起效比较慢而已，刚开始我也以为没有效果，但坚持涂抹会发现确实有加快愈合的效果
2021-10-12 21:22:14,产品不错，是正品，日期到24年，值得大家选购。好评。
2021-10-09 22:34:01,非常好，应该是正品，买了在家备用的。
2021-10-15 08:52:55,药买来备用的，效期新，包装没损坏，先好评吧
2021-10-15 23:34:00,一次性买了很多，东西都不错，也方便
2021-11-20 20:40:41,老公收的货，一直没检查，今天一看竟然少了枇杷糖
2021-10-14 11:26:59,再这里买药很方便哦，而且划算的呢，送货也快
2021-10-10 16:40:17,比药店便宜很多，买来备用的，包装不错应该是正品。
2021-11-11 19:45:54,发少一盒，问售后无人理，总是机械回答，到最后还是不了了知！
2021-10-19 16:29:07,药包装很好，一点损坏也没有，服务也很棒??
2021-10-07 23:00:55,和之前店里买的一样，家里买来备用
2021-10-12 17:39:55,不错一直都在阿里大药房买东西有保障。
2021-11-15 05:49:13,帮朋友买的
2021-10-14 18:53:55,物美价廉，发货快速
2021-10-20 18:05:59,是正品感冒药，有效果
2021-10-12 18:58:57,物流速度，包装完整，颜色正，质量不错，满意～
2021-10-18 19:53:23,价格实惠发货很快好评
2021-10-10 16:01:13,这次买了些家里常用药，宝宝开学了，偶尔来个头痛发烧的，在转换季节的时候，家里必须要准备着，现在网上购买比较方便，买的不多，小孩子大人的还是这些，这是针对轻微的，严重的还是去医院看比较好。
2021-10-12 13:29:16,方便快捷，质量好，价格实惠，物美价廉。
2021-10-20 09:49:47,比药店要优惠很多
2021-10-21 08:23:33,药效蛮好的，挺适合感冒人群服用
2021-10-06 20:19:40,是正品。值得信任。我买来预防感冒的
2021-10-04 10:10:18,非常满意的购物体验！产品很好，早日康复&hellip;
2021-10-09 13:58:57,很好很满意的一次购物体验，发货速度很快，家中必备，下次有需要的话还会再来的！！！
2021-10-11 17:31:12,特别好和家里一样
2021-10-14 17:04:11,当是家庭药箱常备，呵护好家人们的健康。
2021-11-16 11:49:08,药品就算了不知道该怎么评价反正和药店里买的都一样。比药店便宜
2021-10-15 20:53:27,很不错，是真的，和大药房一样，还很便宜，不错
2021-10-20 08:16:22,发货速度快是正品，已经买过一次。
2021-10-16 07:58:47,宝贝不错，值得购买拥有！
2021-10-16 14:05:21,不错便宜
2021-10-08 12:50:00,快克治疗感冒很有效果，一直买这个
2021-10-15 19:59:41,药的效果很棒 吃下去五分钟就见效了 专门治感冒的 风寒 热汗 通吃 可以百度查哈
2021-10-15 22:13:49,买点预防一下，最近身边好多人感冒了
2021-10-08 21:30:53,收到了，质量不错，价格比较优惠。
2021-10-17 18:05:04,隔天到，速度快，商品符合要求
2021-11-15 15:37:47,买了几次了
2021-10-16 11:07:19,非常好，一直在这买了几次了
2021-10-26 06:25:55,客服服务态度很好，快递也不赖，希望老板生意越来越好！！！
2021-10-17 20:57:18,价格比较合理
2021-11-08 09:43:50,货已经收到，东西还可以，就是快递垃圾，都压扁了，里面药品都压裂了。
2021-10-13 22:40:32,快递送达快速，价格也优惠，比较满意
2021-11-15 23:02:49,这个不评价，反正没有那个贵一点的牌子好，不过那个我吃了容易严重打瞌睡，所以只能吃这个
2021-10-27 07:39:23,备用感冒药，一般吃一颗就好了
2021-10-21 12:43:49,很好，和药店买的一样的。
2021-10-14 18:56:56,非常满意的一次购物
2021-10-07 17:44:27,不错，比药店里便宜
2021-10-11 11:51:45,家里常备的药，现在这个时期更得备着点。多次购买，挺有效果的。。
2021-10-04 08:18:35,多次购买了，非常好
2021-10-07 16:54:55,速度快，第二天就收到了
2021-10-13 13:47:31,态度好，发货快，有责任心。好评，全五星！
2021-10-08 15:25:17,货已经收到了挺好的
2021-10-21 19:09:59,挺管用的，我一直吃这个牌子的感冒药
2021-10-08 10:00:14,话不多说还会再来！
2021-10-20 23:44:03,感觉挺好的  值得购买
2021-10-08 23:18:33,非常不错，买药方便
2021-10-12 21:17:40,居家必备 值得购买
2021-10-20 15:26:31,送货很快，物品完好
2021-10-20 13:30:33,感冒就吃它，挺不错的
2021-10-18 20:28:40,挺方便的，日常囤一些
2021-10-14 16:57:09,好ヽ(≧Д≦)ノ
2021-10-21 20:14:15,性价比高 物美价廉 性价比高
2021-10-11 07:49:44,快冬天了 有备无患
2021-10-11 10:36:32,物美价廉还不错
2021-10-14 18:05:46,多次购买，正品
2021-10-19 12:38:15,很好很快一天就到了！
2021-10-20 18:20:49,这个牌子挺好使
2021-10-17 13:50:19,挺好，家庭常备药
2021-10-16 10:56:31,物美价廉，一直在阿里买药，放心
2021-10-19 12:12:37,转季了，防感冒必备。
2021-10-15 16:04:07,正品，很有用
2021-10-21 12:09:09,质量很好，客服态度也特好，会再次光顾的，物流非常快
2021-10-20 18:52:46,买起来方便的
2021-10-05 23:41:36,满五星好评
2021-10-05 13:36:26,缓解一下症状
2021-10-19 08:35:38,应该不错??
2021-10-17 12:43:55,还不错！是正品！很好用！价格还好，跟药店差不多！
2021-10-11 17:50:41,吃两天感冒就好了
2021-10-16 22:38:58,直得信赖
2021-10-15 12:16:52,好用，药很好
2021-10-21 18:44:35,很快不错
2021-10-07 13:12:47,很快就到了
2021-10-21 13:09:25,药效挺快的
2021-10-12 09:51:26,日期新鲜
2021-10-04 13:51:20,物流很快 咳嗽好了 感谢
2021-10-07 03:32:58,好货，吃了就有效果
2021-10-20 21:54:29,物流和产品都不错，性价比高，赞赞赞??????
2021-10-13 11:53:50,物流很快，药品曰期新，疗效好，非常满意！
2021-10-04 23:28:58,很好，不错，优秀，棒棒。绝绝子
2021-10-19 06:45:40,很管用 配送也很快
2021-10-13 22:44:18,天冷了，买来备用，很实惠
2021-10-09 18:42:29,快递神速，质量不错，很满意。
2021-10-20 09:51:39,预防用。防止感冒
2021-10-04 06:57:52,价格优惠，发货送货速度快，满意的一次购物体验！
2021-10-04 13:10:47,不错，买来吃三粒就好了
2021-10-16 18:22:46,物流速度快，价格便宜！
2021-10-12 13:09:54,保质期新鲜
2021-10-11 09:01:41,很好，是正品，值得信赖，发货速度很快
2021-10-10 16:43:25,家中备用
2021-09-06 11:15:13,此用户没有填写评论!
2021-10-07 20:07:02,多次在这家购买
2021-10-14 07:02:30,发货快！正品销售
2021-10-17 19:44:15,不错，挺好的感冒药。
2021-10-11 00:24:27,发货物流也挺快的，阿里大药房，值得信赖，
2021-11-11 19:46:58,药没问题！快递周日晚投丰巢还未经同意，周一晚取件就被收了保管费，没多大的两个包裹分两格放！
2021-10-14 12:06:09,宝贝包装的很严实，物流也很快，卖家服务态度很好，值得购买
2021-11-11 23:09:10,再也不会来买了。刚收到包裹都没拆也不能退。还规定规定！快递员说都不说就签收了有什么办法。反正之前一直一直你家买。再也不会来买了。
2021-10-10 12:39:41,不错，效果好
2021-10-18 10:47:59,不错，有效果
2021-10-10 12:44:12,很好，管用
2021-10-05 14:40:02,发货速度很快，卖家服务也好，目前很满意
2021-10-17 10:02:31,来买好几次药了，比药店卖的便宜，发货挺快的，不错。
2021-10-09 16:51:39,先说商品质量：产品总体不错，包装严实。再说商家服务：点赞啦。最后点评快递：发货很快。其他就是感谢店家打折送券活动，毕竟便宜好货更实在。希望店家多多优惠，及时通知老客户，促成回购。祝生意兴隆。
2021-10-06 19:11:24,留着备用
2021-10-18 20:41:55,发货快，满意。
2021-11-08 18:32:38,药是好药，物流不是好物流，拖了两三天才到货，中间也不知道啥情况，也看不见
2021-10-17 18:14:57,无数次回购，物流很快
2021-10-11 13:15:39,宝贝很好
2021-10-17 21:32:24,冬天了，备点感冒药，也是凑个单
2021-11-18 20:36:04,可以的，不错！
2021-10-05 22:34:20,最近换季容易感冒就多备着点啦
2021-11-18 09:25:15,副作用极大，我三天没咋吃饭
2021-09-25 17:04:29,药品已收到。比街上的药房便宜。货真价实。快递速度快。下次继续光顾。OK??
2021-10-14 21:35:05,很实惠，物流快
2021-09-26 18:55:44,好，比店里便宜多了，官网买，放心！
2021-11-06 15:47:55,扫码验过是真品。但是垃圾物流我要吐槽一下，由于药店感冒药下架，就选择在网上购买。药品昨天早上八点来钟就到了本地，一直拖到第二天下午才送到。家里人感冒急等药品快递迟迟不送心里很窝火。
2021-11-15 09:21:58,收到药时，一箱药全部都是破烂了
2021-10-20 16:09:48,是真的，而且物流很快
2021-09-24 20:41:22,感冒类药已收到，可扫码分真假，正品，同在药店买的一样，价钱比药的便宜一些。
2021-11-13 20:18:15,你是个明白人，我明白你明白的意思。我也是明白人，明白人就应该明白我明白你明白的意思，你明白我只是想给个好评吗？
2021-11-18 11:58:27,货到三天后才取出来
2021-11-19 06:25:27,不是很好，
2021-10-11 17:18:54,此用户没有填写评论!
2021-11-08 19:43:46,6.93，淘宝双十一，家中常备药，希望到它过期，我都一直没有用。
2021-11-19 14:53:20,速度与**
2021-11-12 23:42:59,降温了，容易感冒，家里先备着点。
2021-09-12 17:33:15,转季容易着凉，备点&ldquo;干货&rdquo;在家，安心！
2021-10-13 08:44:48,发货真的巨快巨快！爱了爱了  第一天买的第二天中午就到了！物流真的超快  店家服务态度也巨好！  最近换季，有点感冒症状，吃了一粒，第二天好多了！
2021-09-22 14:43:46,经常阿里药房买，家里放点感冒药，发货也很快，非常棒。
2021-11-15 14:38:02,怀疑药不怎么正品  还是实体店买好些
2021-11-18 13:36:45,物流很快，就是买的时候麻烦
2021-11-09 13:56:23,出厂日期很新，物流快，价格优惠
2021-11-12 11:19:28,纯属是为了屯，现在疫情，说不卖都不卖了，希望一直用不上，但是屋里得备有
2021-10-21 16:46:23,买来预防感冒的时候吃的，因为学校的药店买的药真的好贵，性价比很高哦
2021-11-14 09:53:37,家中备药
2021-09-10 09:55:31,正品，经常在这边买药，价格实惠，质量保证，
2021-11-10 16:45:44,9.30到货的蒲地蓝口服液，11.6号打开要喝的时候发现都漏完了，联系客服说补偿十元，我要求补发一盒不同意，要求原价补偿也不同意，40块钱买了一盒不能吃的药，客服说理解我，但是只能补偿十元，我都不知道是什么意思
2021-11-04 08:07:33,因为我们这里有个县有疫情，市里虽然快递没停发，但是线下线上好像都不让售卖感冒药了，大块克家中常备，不囤点货不踏实啊
2021-11-11 09:57:13,方便，现在在本地不好买了
2021-09-26 15:51:01,买药经常在他家买的，比店里便宜多了，需要再来回购了
2021-09-24 16:18:26,希望阿里大药房严把质量关，我还会购买的。
2021-09-23 23:39:47,个人认为特别好，包装也没有问题，肯定会回购的??
2021-11-14 17:00:01,不擦男朋友很喜欢
2021-09-25 15:29:41,好用 可惜买多了???? 这个比别的实惠很多
2021-11-13 14:38:04,快递实在太慢，京东三天，阿里催来催去还要八九天
2021-10-04 07:01:01,家里的常备药，有个头疼脑热服用一下
2021-09-15 02:20:21,活动期间价格实惠，生产日期也是最近的，屯了一堆常用的药
2021-09-19 18:54:01,物流速度很快，生产日期也很合适，比实体店还实惠
2021-09-30 11:07:52,价格实惠 好评
2021-09-13 17:04:59,药??不错，包装完好，发货快??快递师傅也很给力????????
2021-09-13 18:43:07,备用药  有活动比较划算
2021-10-01 14:38:12,为冬天囤货，比店里划算
2021-09-20 14:54:51,很快.价格实惠.物流也很快.。还有验证码
2021-11-03 14:53:40,有备无患，屯着备用，夏天的时候没事，现在需要实名登记，卖方买方监管方都太难了，理解一下吧！
2021-09-11 11:48:48,质量不错，疗效显著，描述相符，好评！
2021-10-01 23:07:40,正品，实惠！
2021-09-19 22:41:58,特别好和药店买的一样
2021-11-16 07:55:24,感冒好了药才到，尴尬??
2021-10-01 23:21:30,可以便宜
2021-09-20 07:19:36,家庭常备药，包装严实
2021-09-19 15:57:40,效果很好的感冒药
2021-09-13 15:07:17,比店里划算
2021-09-16 18:04:36,方便快捷，发货速度快，包装完整，生产日期很好！
2021-09-28 16:01:11,不错 便宜
2021-11-13 16:38:26,跟捡了一堆纸壳子回来一样
2021-09-30 21:59:17,物流很快，一直在这买常备药，比药店便宜好多，是正品！
2021-11-04 13:05:36,阿里药房的药很全，性价比也比较高，就是这次送药的速度好慢
2021-09-27 09:56:51,提前备点儿，第二天就收到了，非常快
2021-09-24 16:56:16,天气变化太大，家里备点感冒药安心点，物流快递也很快！好评！好评！
2021-09-21 18:39:09,好药！价格又便宜！
2021-09-23 18:04:35,包装挺不错的
2021-10-01 19:22:35,好久效果不错，我爸感冒吃了一颗，第二天症状就减轻了很多。
2021-09-16 17:10:49,宝贝收到，天气开始凉快了，先预备着
2021-09-28 21:06:15,价格便宜，划算
2021-09-26 21:29:15,还没用，先好评吧，以后再评论
2021-11-15 16:14:50,少发了还赖快递，客服处理又很慢
2021-09-26 11:44:03,挺好的，比实体店要便宜
2021-10-02 11:40:47,速度很快，很方便的药房，第二天就能到货
2021-09-17 21:26:50,希望正品
2021-11-06 18:46:24,好评都是刷出来的吗？这药扫码都扫不出来问客服也不回答，买的别的药都能扫出来码，唯独你家买的这两个扫不出来，不敢吃，怕吃出毛病，想买的别盲目下单
2021-09-27 11:31:38,都是日常备用药，反正在哪儿都是买，药店也不比淘宝更便宜，只要是正品，网购还能送到家。
2021-09-27 15:19:37,非常好，快，比地方超市便捷，好评！！！
2021-11-11 23:42:04,给男朋友的
2021-09-19 15:23:29,可以，备用，很便宜
2021-09-17 00:37:37,物美价廉值得购买
2021-09-12 11:23:21,好用好用yyds好的快用快克就对了
2021-09-19 22:45:15,物美价廉值得购买。
2021-09-30 14:09:08,网上买感冒药方便。
2021-09-22 12:21:49,家庭常备药很不错。
2021-09-23 19:56:30,物流好快，比药店实惠。好评
2021-11-13 18:47:17,对感冒很管用的
2021-11-09 09:41:56,四季感冒，常备药，感觉服后不瞌睡。
2021-09-27 20:00:05,又是实名购买，又是实名登记买到手的药，收到了以后就是被水泡的透透的。真的是着急需要，要不就直接拒收了。希望改进包装改进物流服务。毕竟天气变化无常，不会说遇到个下雨天，物品就必须要被水泡个透彻才行吧！
2021-09-22 14:30:20,平时感冒就吃的快克，感觉挺好。
2021-05-12 18:49:52,此用户没有填写评论!
2021-09-19 17:14:10,方便，快速，好用
2021-11-05 11:47:25,发货再快一点&hellip;&hellip;感冒都好了&hellip;&hellip;希望以后物流和发货速度有改进
2021-09-23 01:03:52,好用家庭常备。
2021-09-21 11:00:44,是正品，放心
2021-09-24 13:25:41,第二天就到了，快
2021-11-16 22:21:29,好，物流很快
2021-10-01 14:56:51,阿弥陀佛
2021-09-29 14:01:06,常备心安
2021-09-15 21:11:41,买来备用，在线医生非常热心。很好。
2021-09-12 10:22:04,物流很快！家庭药箱里放着，以备不时之需！
2021-09-21 15:51:44,药品收到了，速度很快
2021-09-23 09:36:27,包装好，物流快，价格实惠，比超市便宜多了
2021-10-03 06:54:39,Nice
2021-09-15 20:15:24,物流很快，正品，留着备用很不错
2021-09-29 21:34:04,家庭备用药
2021-09-16 19:29:47,这个药效果很好，很满意，服务态度很好
2021-11-13 19:56:46,物流太差！包装太差！
2021-10-01 19:47:10,挺快的，去年秋天就买了一些备着，今年又屯一些，就是药盒子基本上全部都压瘪了
2021-11-07 11:54:40,客服不知道怎么了，人那么不容易找，并且都是搪塞的话多，从来不去落实，物流信息更新太慢，感觉像在偷渡
2021-09-17 07:55:01,物流真的很快，吃了两粒就好了
2021-10-01 18:33:44,物流很快，很实惠。下次还会购买。
2021-10-01 12:50:37,买来备着，发货快
2021-11-08 18:51:42,还不知道呢，
2021-09-20 21:10:24,物流很快，质感很好，很漂亮，很喜欢
2021-09-26 08:46:54,收到了，还不错
2021-09-15 17:56:17,非常满意！
2021-11-05 17:36:37,包装盒看着都不像原装的，都没有封口膜
2021-09-26 07:45:07,快递非常快，服务好
2021-09-21 15:44:30,备用药，挺好的，谢谢
2021-09-14 11:11:09,期盼之中，终于等到了心爱的东东 怀着忐忑不安的心（不是在意货物更在意的是小店的诚信和承诺），拆除包装首先感觉到的是包装的用心和细心，打开包装感受的是温馨和友爱，卖家的诚意和热情让我为等待时候的忐忑心理而惭愧，面对卖家的坦诚、真诚和友善我热泪盈眶，心里悠然而生的敬佩和感激（虽说是自己花钱买东西，可这份交易的信任和喜悦远远大于交易的本身）之情难于言表，我一眼看的不是货物，而是手捧卖家那份热情洋溢的亲笔书信，感受那种好多年不曾再有过的欢快和喜悦（十几年前收到远方朋友的书信的心情）。经过一次心灵的洗礼，心情久久不能平静，翻开衣服，轻柔细腻好像恋人的皮肤，丝滑温暖（也可能是本人没有见过在好的东西，消费费低，呵呵，避免广告嫌疑），超出想象的满意、舒服。对卖家的 诚、信、至、义万分之万的满意，最后祝你 生意兴隆 万事如意！
2021-09-28 14:25:20,发货速度快，好评！
2021-09-10 07:20:24,可以的，静坐常思己过，闲谈莫论人非，能受苦乃为志士，肯吃亏不是痴人，敬君子方显有德，怕**不算无能，退一步天高地阔，让三分心平气和，欲进步需思退步，若着手先虑放手，如得意不宜重往，凡做事应有余步。持黄金为珍贵，知安乐方值千金，事临头三思为妙，怒上心忍让最高。切勿贪意外之财，知足者人心常乐。若能以此去处事，一生安乐任逍遥。
2021-11-05 21:08:28,东西都挺好的，不错不错，物流也很快，第二天就到了
2021-10-20 10:41:38,发货快，药品都是正品，只是中通快递太垃圾，圆通的处方药到了好几天了，中通还得我自己投诉才送到。有这些药备用，不担心感冒啦
2021-09-25 16:59:04,发货快，送货及时
2021-09-23 19:00:41,当天到达，很快。吃了两天，基本好了。
2021-11-07 16:39:47,箱子破了，里面也破了2盒 ，这个是好的没破。
2021-11-11 15:45:45,日期還可以暂時沒用
2021-10-31 21:07:54,快递慢s了，加快递费还那么慢，无语，我感冒都好的差不多了，才到。。。
2021-09-29 11:43:33,发货很快，方便快捷！
2021-11-10 17:22:56,东西还可以，就是快递放菜鸟驿站太讨厌了
2021-09-10 19:49:30,去药店总是被推荐些乱七八糟的，网上买挺好的，想买什么买什么，
2021-11-05 23:13:53,我个人用没什么效果  晚上吃了还老咳嗽
2021-09-18 11:25:06,快冬天了，备点感冒药。。。
2021-11-07 21:34:56,此用户没有填写评论!
2021-11-10 23:38:46,还没吃 买药认准店铺即可
2021-11-12 19:39:21,这厂家和药店买的都不一样
2021-08-25 22:17:58,价格实惠，多买多优惠，值得购买，阿里大药房值得信赖值得推荐值得购买物美价廉！！！好评好评好评！！！
2021-10-03 19:15:35,奈斯，天气冷了，常备。。
2021-09-20 14:41:54,备用！很好的。发货超级快，。
2021-11-09 18:45:29,物流超级慢，还送错地方
2021-09-27 14:30:31,发货到货都很快！
2021-11-12 10:01:36,天凉了，买来备用的
2021-08-19 21:05:11,阿里真的很好是正品，疫情期间备用好评！
2021-10-27 07:09:00,确实不错，不管是快克还是红霉素软膏、尿素软膏，都很管用，阿里大药房，yyds
2021-11-09 17:41:37,少发货不承认
2021-09-05 16:51:48,此用户没有填写评论!
2021-11-10 20:37:17,公积金怎么
2021-11-05 23:03:05,我一直在阿里健康药房买药，没有假药
2021-08-25 17:14:53,从阿里健康上订货发药还确实是快呢，包装也是特别的严实呢，药应该也是正品，没事备上一些药尤其是感冒药还是很有必要的??
2021-11-09 06:54:28,不守承诺
2021-08-15 21:56:35,是正品，比药店买的便宜多了
2021-11-05 11:44:51,快递太暴力，里面药品都压变形了，跟被人拆过一样，一次差的购物体验
2021-08-13 15:38:49,第一次在阿里大药房买药，超级划算，品质也一样很实惠，比药店便宜一半呢
2021-08-29 21:36:06,没问题，效期很长
2021-08-16 17:22:18,药收到了，挺不错的
2021-08-31 17:26:42,可以，比药店便宜，家中常备药。
2021-08-18 11:35:27,挺好的，阿里药房买药很方便！
2021-09-07 10:38:38,是正品，经常在这边买药，价格实惠，质量保证，
2021-08-11 21:13:19,快递非常给力头天买，第二天就到了，卖家服务非常的好多次购买了，绝对正品
2021-08-29 19:03:06,挺好的，足不出户，买来备用
2021-08-18 17:23:12,家里必备的，一直用这个牌子，很好用，比实体店便宜多了。
2021-08-18 18:59:30,已经在阿里大药房买了很多次药了，药的药效和包装这些都很不错，我们当地根本都无法买到感冒药，有了阿里大药房，真心很不错。
2021-08-16 15:32:45,备点感冒药
2021-10-18 19:24:59,次日晚上到了吃一次睡一觉感觉都差不多好了
2021-08-18 11:06:09,可以，便宜实惠
2021-09-07 07:18:21,物流很快，开学储备一点感冒药
2021-09-02 22:13:19,不错 发货速度快 主要是备着 价格也实惠
2021-08-12 12:29:13,阿里买药，不但价格便宜，而且药也是正规厂家的，很满意，方便省钱
2021-08-13 18:39:48,快递很快，客服态度特别好，包装严实，质量好是正品，吃了效果很好。
2021-11-07 13:49:03,一点效果都没 ，假药，其它药都有见效感觉，不建议购买
2021-09-17 19:35:01,物流速度很快，快递小哥服务态度很好，提前电话联系。
2021-09-03 21:44:13,活动买的，大品牌便宜，备货了几盒&hellip;&hellip;&hellip;
2021-11-05 23:19:06,离过期不到四个月，我还买了三盒
2021-09-07 17:29:34,快?，便宜，比药店还方便
2021-08-19 11:53:36,家里常备药品，大药房购买方便，价格实惠，物流也快！
2021-08-11 11:59:27,阿里健康大药房买药实在是太方便了，性价比高。售后售前服务都很好。
2021-09-06 10:56:26,是正品 留着备用不错
2021-08-14 20:02:40,便宜靠谱发货快
2021-08-15 08:32:05,正品是正品，质量特别好，很满意，满分
2021-08-14 15:33:16,便捷实惠
2021-11-05 12:21:36,效果不好，没有实体店买的药效果好，无法判断真假
2021-08-21 20:39:26,质量很好下次继续购买
2021-09-09 00:22:57,买给家里的，本人没看到，应该还可以，挺实惠的，比药店便宜
2021-08-22 10:18:50,比实体店便宜
2021-08-21 18:20:05,给儿子开学准备的，有备无患！
2021-08-11 19:38:18,可以效果很好
2021-08-11 13:47:32,很好 一样的和药店
2021-08-19 19:52:50,买到就是赚到。
2021-08-17 14:48:41,家里备必备药 价钱便宜
2021-11-03 11:36:26,冬天了，备两盒还是有必要的
2021-10-23 19:21:52,物流非常快！！
2021-10-21 22:04:32,货可以，卖家发货也及时，但这是什么垃圾快递，慢的要*
2021-08-23 14:54:32,还没开始吃呢，应该是真的，看着不错
2021-08-11 13:43:37,多次购买，物美价廉，十分满意，还会再来
2021-08-21 17:24:39,送货快，价格便宜，选择性多，很好很方便。
2021-08-27 12:11:51,家中常备的感冒药，网购也很划算，挺好的，物流也挺快的，好几种药品一块买的，就是分开发的，拿快递有点麻烦~以后转线上购药~
2021-08-27 18:41:29,比实体店便宜，质量也很好，客服态度也很好
2021-11-02 14:19:20,物流未经允许，放到别处！没有人看管，易丢！
2021-08-17 09:08:14,货真价实，药效好，客服热情专业周到，还会继续关注支持。
2021-08-14 08:57:29,性价比超高
2021-11-07 00:24:28,买着备用。
2021-08-23 21:15:35,很好，很方便，跟药房的一样
2021-09-03 19:12:44,日期好，都是家里常备药
2021-08-12 14:11:38,很实惠，比药店便宜多了
2021-11-07 18:54:33,盒子全都是破的压变形的
2021-08-17 07:36:28,还没有吃，先给好评，等啥时候感冒了吃过了再来追评
2021-08-13 07:45:03,鼻炎必备品，家庭必备神器
2021-08-27 08:24:32,相信阿里健康大药房
2021-11-02 01:10:16,物流快递很快，药品质量可以，药效可以。
2021-08-11 14:26:11,和实体店买的一样，值得购买
2021-11-05 00:32:20,还行，只能治一般小感冒
2021-09-01 15:27:17,不错不错！天冷了，家中常备药。
2021-08-16 09:14:15,和药店买的一样，很满意
2021-08-26 23:51:12,家中常备药，有备无患。
2021-09-06 13:11:50,发货快，和药店买的一样
2021-09-01 17:02:31,还不错哦，家里备用
2021-08-23 14:17:19,还可以预防感冒的
2021-08-23 11:57:57,日期好，家中常备！
2021-11-02 11:00:37,没有药店的感冒药，药效好，不会再来买药
2021-08-18 12:59:43,正品。划算，
2021-08-11 20:38:43,感冒药中算见效最快的，物美价廉！
2021-08-17 14:56:22,正品，有保障
2021-11-07 19:28:36,物真价实，
2021-08-24 11:49:33,多次购买，全年常备。
2021-11-02 10:56:00,效果可以。
2021-09-08 11:40:39,预防备药，方便快捷。
2021-08-28 17:14:00,备用药，方便
2021-08-11 17:27:19,吃了就困，挺好
2021-08-17 16:54:51,不愧是阿里
2021-09-07 22:53:55,感冒好啦
2021-08-15 16:28:27,日期很好
2021-08-28 20:32:40,居家必备
2021-08-27 20:28:53,非常不错
2021-08-13 16:45:29,作为家里应急备用药
2021-09-04 17:13:32,淘宝屯药就是便宜
2021-08-12 19:40:11,挺好的，包的也很严实，很优惠
2021-08-19 09:33:57,快递已经收到，好好好好好
2021-08-18 15:15:21,第二次回购了。
2021-08-27 20:27:53,快递速度真给力！
2021-08-20 23:28:38,正品，满意！
2021-08-20 16:36:29,发货超级快，到货超级快
2021-08-31 22:15:17,生产日期是4月份的，满意
2021-08-21 12:26:43,物流速度很快
2021-08-14 18:04:43,放家里备用
2021-09-08 19:07:34,家里常备药。
2021-08-11 15:18:19,包装很好，发货及时。满意！
2021-09-05 16:42:34,物流舒服快
2021-10-31 19:36:20,在疫情期间，卖家对顾客很负责任要添写个人信息，发货很快，物流很快。
2021-08-27 21:08:44,备用产品
2021-08-11 17:40:55,阿里药房的，值得信赖
2021-08-12 16:29:22,一直在阿里买药：
2021-09-01 15:12:17,效果很好，物流很快
2021-11-01 17:06:53,很差，没有效果
2021-11-02 09:19:52,还可以，方便
2021-08-20 12:24:33,买了备着
2021-09-03 15:00:47,很好，见效快
2021-10-19 22:54:26,售后太不负责任，只会敷衍，不会解决问题，而且收到的药品包装全部坏了&hellip;&hellip;
2021-11-02 11:25:40,蛮有效的，就是物流有些慢
2021-11-03 17:41:06,好在其中！
2021-09-05 16:26:30,挺好的，一直买一直买
2021-08-13 12:48:22,感谢卖家发货
2021-10-28 15:42:49,下单第二天赶上疫情封小区，快递到不了，然后感冒好了快递到了，结果差点说不清了
2021-09-04 10:51:12,货已收到，备用
2021-08-28 21:01:03,东西是凑单一块儿买的 疫情期间实体店里没办法买 网上东西挺全可以买到 挺好的
2021-08-12 09:58:35,挺好的，质量也不错。
2021-11-01 16:18:09,挺快的，不错，
2021-08-11 21:04:59,很好，快递很快
2021-08-24 15:00:48,物美价廉，值得购买
2021-11-01 15:43:14,囤货的，还没用，物流快
2021-11-07 22:05:50,速度很快，，挺好的。。。。
2021-10-31 18:05:03,收到了，还没用
2021-08-23 12:06:36,初期轻微感冒吃的这个，一天一粒，吃了两粒就好了
2021-11-01 09:54:28,正
2021-08-12 12:55:04,挺好的，不错
2021-08-25 11:46:57,发货速度快，喜欢
2021-08-17 11:13:26,每次收货都是非常愉快的，可是只要一想到还要给评价，头就大了。幸好万能的网友总结出来一套通用的网购模板，如果你是想看评论决定买不买这个宝贝，你可以打住了。因为我说的你不一-定信，但是我自己却坚定不移的要给好评，为啥呢?我来评价下这个宝贝，价格不错，质量不错，快递不错，老板不错。
2021-09-04 14:30:19,经过我的亲身体验，这家店信誉是相当得不错。宝贝的质量更像钻石一般。太感谢了！
2021-08-18 17:52:08,平时经常感冒
2021-10-14 13:39:44,买了好些便宜药，有些是是备用的。
2021-10-18 21:50:35,板蓝根是5克小袋的
2021-10-28 15:35:46,家庭小药箱备用品。
2021-07-15 00:45:24,价格实惠，有时候会在网上买，比在实体便宜很多，阿里健康还是值得信赖的
2021-10-04 16:57:52,要不是有红包，我可能不会花个6块的邮费来买这个。东西到没什么问题，而且我所在地早就取消限售和实名登记买感冒药的限制了，这边还说因为防疫要求，要提供个人姓名身份证号，不然取消订单？
2021-10-20 13:46:34,买了多次了。
2021-10-29 17:03:46,这个快客和我在药店买的不一样，产地都不一样
2021-10-06 18:56:39,我花六块钱运费。然后就是看着第二天到。结果一直不到，让我去实体店，我能去实体店我在这网上买？然后客服不理人了。666
2021-07-27 22:40:51,相同的药  网上比实体店便宜的多  快递也很快
2021-10-28 19:18:25,还没吃 以防万一
2021-07-08 07:48:06,可以查到是正品
2021-10-27 09:18:42,天气冷的太快了，冻的咳嗽，买两盒药备着。
2021-08-01 23:36:39,符合预期，包装完整，快递迅捷，非常满意！
2021-07-08 18:49:19,物流特别给力，性价比很高
2021-10-13 20:38:16,物流态度很好，因为地址写隔壁了，没找到，联系了快递员，前后几次很热行的帮我找到了药品，真的很感谢他！
2021-07-28 19:52:27,日期新鲜，家中常备药
2021-08-10 11:21:36,家中常用必备药，给爸妈囤一点，给自己囤一点，日期也很新鲜哦！
2021-08-06 19:39:36,非常满意便宜正品买过好多次了赞赞赞赞赞赞赞赞赞赞赞赞赞赞赞赞赞
2021-10-26 15:41:16,这次的日期有点久了，一月份的
2021-08-01 15:52:54,份量准确。点赞。会一直支持下去的。
2021-08-06 15:26:54,常备一个，预防感冒
2021-10-08 23:55:00,还没吃，但是是正品
2021-07-16 23:26:28,网上买药赶上优惠的时候多备上一些以备不时之需还是真有必要的，主要是还真的是很便宜呢，而且快递送货也是特别的方便快捷??尤其是感冒药，家里一定要放上两盒??
2021-08-19 18:09:43,很好，物流很快，东西很给力，性价比很高！
2021-10-29 12:41:49,屯货备用的，希望不要用到这个吧！
2021-08-03 15:52:01,快递已经收到了，很好。
2021-07-07 14:06:23,恩不错，喜欢在阿里买东西，物美价廉有保障
2021-07-24 10:57:14,正品实惠
2021-10-28 14:53:46,不管用，估计是假药。
2021-10-24 11:46:30,物流很快，也挺便宜的
2021-10-14 20:13:15,次日达，第二天没有到。当时买的时候就看上了次日达。
2021-08-03 10:59:41,家里常备药，比外面的便宜，还会回购的
2021-07-09 21:31:26,药很不错。比实体店便宜好几块钱。
2021-08-02 19:52:07,不错药是正品比药店便宜，快递也快药效也好。
2021-07-28 10:21:27,比药店便宜的，日期新鲜，留着备用
2021-07-29 13:37:16,快递真的给力，家里的常备药，日期也不错，比药房买也划算些
2021-10-22 19:12:26,冬季感冒常备药，以防万一。
2021-07-23 09:23:07,买一点药备在家里，比药店便宜
2021-07-24 13:13:52,价格实惠很好
2021-10-27 15:52:24,还可以，囤货
2021-07-27 18:03:05,很好，跟药店的一样还便宜。
2021-07-18 11:09:12,比药店买的便宜多了，又快又好！
2021-08-01 22:27:34,头天晚上拍的，第二天就到了，坐标济南，比大药房实惠
2021-08-19 23:45:23,物流服务确实挺好的！
2021-08-09 13:20:26,物美价廉，质量非常好，买回来屯着，以备不时之需。
2021-08-09 13:26:44,每一次都很满意，这次选的宝贝更加满意
2021-07-16 09:09:43,购买很快速很实惠 这个感还能预防感冒 真不错
2021-07-25 20:21:31,宝贝与描述完全相符；卖家服务态度好，发货速度快；物流也给力&mdash;&mdash;非常满意
2021-08-09 07:53:30,不错(*?&acute;╰╯`?)?好评(??&omega;?)???(?&omega;??)
2021-08-06 15:55:11,挺好的，活动价格实惠。
2021-07-26 15:24:56,应该是正品，吃了几粒
2021-10-24 14:31:20,比药店便宜，物流很快
2021-10-22 12:06:24,速度真快，
2021-10-07 12:03:40,好。吃了几片好多了。几本已经好了
2021-08-05 11:16:15,每次都在阿里大药房买，又快又便宜
2021-08-10 23:31:58,备用 好大一箱子
2021-07-27 06:05:30,便宜保真
2021-08-05 21:01:28,收到货了，同描述一样，药品性价比高，很好。
2021-07-18 22:00:51,五星好评，非常好！想不到那么快就到了！
2021-07-10 16:30:14,厂子离药店都有点远，所以习惯在这上边买，物流快，方便快捷，价格还不贵
2021-07-20 09:18:54,扫码验证是正品，好评！
2021-08-10 13:12:35,是正品，买回来在家作为备用药
2021-08-09 21:47:31,效果很好！
2021-08-03 14:14:41,发货快递都很快，药没问题。???
2021-07-07 20:55:50,先给个好评，等用了效果好再加追评
2021-08-05 18:55:25,很好 送货很快！药房都缺货的。
2021-08-02 13:05:06,东西不错，很好很给力呢，太棒了呢，下次还要买哈，还要推荐别人来买，店家的服务态度很好！！！
2021-07-26 19:23:34,买来备用的，速度那是相当的快呀，很方便，比药店便宜多了。
2021-08-10 16:14:49,非常方便快捷！点赞??
2021-08-04 16:41:30,东西 不 错， 收到试了试，非常棒！
2021-07-15 17:10:44,到货后，箱子封胶如图，似乎有被打开痕迹，检查里面药品，有几盒包装不严实，但药品包装未破坏。价格便宜，每次买药，都买一箱常备。
2021-07-20 16:30:58,日期新鲜，到货也很快
2021-07-09 20:59:38,还不错夏季感冒必选
2021-07-21 01:06:21,发货快，价格比药店便宜。
2021-08-02 06:48:22,店铺发货快信誉好。
2021-07-15 18:23:46,很好，比药店便宜
2021-10-29 21:16:00,还没用，物流很快
2021-07-27 18:09:10,日期都是还可以的
2021-07-06 06:54:29,还没用先好评吧
2021-07-10 16:36:58,很快就收到了，很管用
2021-08-09 10:18:53,不错不错，经常来这买的
2021-08-01 00:07:48,家中必备之良药
2021-08-09 21:56:58,方便快捷，非常棒
2021-10-29 19:05:02,收到了，物流快，快递员服务态度很好
2021-07-07 16:39:57,这个商家真给力。这是我见过最好的商家。 快递也给力。必须五星好评。??????
2021-07-27 23:03:34,正品，非常满意，值得购买。
2021-10-22 22:35:49,快递很给力。
2021-08-03 14:24:53,方便性价比高！
2021-07-22 23:44:33,家用备货不错的
2021-08-07 21:14:19,好，一直在阿里药房买药，物超所值，值得购买！
2021-08-06 19:59:02,好快，买了放在家里备用的。
2021-07-24 00:03:25,跟我在实体店买的一模一样！
2021-08-06 00:22:41,方便，快捷
2021-07-19 11:53:36,五星好评。
2021-07-24 09:42:41,药效很快
2021-07-18 09:54:18,还挺不错的啊
2021-07-29 18:43:10,还是静静地
2021-07-19 16:21:47,发货快，药品日期新鲜！
2021-07-30 21:15:25,Very good.
2021-07-12 14:50:25,好物美价廉物流速度！
2021-08-01 19:52:48,巨快，第二天就到了
2021-08-09 12:52:56,还不错，速度很快
2021-02-20 19:24:54,此用户没有填写评论!
2021-07-19 18:44:45,物流杠杠的，上午下，下午就到了
2021-08-01 02:37:20,包装完整，快递迅捷，客服人员比较专业，非常满意。谢谢！
2021-07-12 12:02:29,扫码正品，非常满意。
2021-07-08 01:59:25,好很好
2021-07-18 11:40:33,宝贝，挺好的，满意。
2021-07-08 14:12:43,发货速度挺快
2021-07-12 06:41:32,发货速度快，有机会继续回购。
2021-07-13 21:03:15,家庭常备药
2021-08-01 12:47:08,快递速度蛮快的
2021-08-03 11:10:42,发货快，很及时。
2021-07-11 14:25:03,送货很快
2021-07-25 08:20:08,备用，日期长
2021-08-02 17:33:29,比药店便宜，吹空调感冒吃了症状有减轻
2021-08-09 17:13:34,有效果，满意！
2021-08-09 22:05:15,物流还挺快
2021-08-07 09:51:11,八点下单第二天早上就到了，速度真快，
2021-07-12 21:25:55,方便快捷，好评了
2021-07-29 08:31:12,不错，送的很及时
2021-08-03 15:08:30,发货快，保质期也好，满意！
2021-08-09 08:27:20,不错，挺好的
2021-07-12 13:36:42,承诺次日达，很好
2021-08-03 12:49:12,送货挺快的，一般都是隔天到，主要是比药店便宜呀！也方便！
2021-08-05 21:25:58,想买的别犹豫哇！没有廉价的感觉，很高端，特别棒！
2021-07-25 13:30:42,发货速度快。很喜欢。
2021-10-04 15:07:29,物流有点慢，说好的承诺第二天到也没到
2021-08-07 17:10:18,每样都没漏，挺好的，买了备用的。发货很快，收货也很快，谢谢
2021-08-01 17:20:17,不错，比药店便宜多了，快递也很快，第二天就到了
2021-07-14 21:33:14,药效快，就吃3次就好了
2021-07-24 14:05:24,速度很快，还没吃，好评
2021-10-15 08:52:49,换季了准备点感冒药以防万一，药店没准儿什么时候就不让卖了
2021-08-05 19:36:37,日期挺新，快递挺快。好评
2021-10-13 23:15:55,还行，挺快的，好久没买这感冒药了。
2021-10-02 07:22:42,此用户没有填写评论!
2021-10-05 17:50:08,发货很快，就是一吃要吃的药太多了，效果还没感觉出来，吃三天了，再吃几天看看吧
2021-07-14 13:06:58,个人体质问题
2021-10-08 13:38:31,收到了还没吃呢   不知道效果咋样     怕是假的
2021-09-26 21:00:07,比实体店便宜，快递也快，唯一不方便就是一起拍的几种药分了3个发货点，有点不明白啊哈哈哈哈哈过两天就回去了吧唧一口吃掉你！
2021-10-16 19:33:26,这种快递运输我能忍？
2021-10-17 13:32:06,最近疫情买药太难！先囤点在家！
2021-07-06 13:50:28,收到了，发货真快呀！靠谱。
2021-09-25 04:17:33,药店好多过期的，得看清有效期。
2021-10-16 12:49:11,是真的
2021-10-16 22:16:11,药已经收到，还没吃，不知道效果如何。
2021-06-18 22:58:49,买些备用，发烧良药，便宜实惠。
2021-10-16 12:59:08,包装太差劲，一张气泡纸都舍不得
2021-09-25 14:11:49,家有老人小孩，给备上的，以备不时之需
2021-07-02 11:46:29,正品比药店便宜多了
2021-06-11 18:24:44,618参加200-30囤了一些感冒药和药膏、比药店便宜了一半多、值了
2021-10-03 18:37:37,当时页面承诺次日达 没有办法做到 就不要随意承诺
2021-10-12 15:39:55,价格还是有优势
2021-10-17 15:02:25,还要快递费。
2021-06-01 14:27:07,比店里便宜点，不错，到货也很快，基本上第二天就到了
2021-10-12 08:34:22,天冷了，备个感冒药
2021-10-08 16:08:22,用了再说
2021-06-10 21:01:40,快递也非常给力头天买，第二天就到了， 卖家服务非常的很好多次购买了，绝对正品
2021-10-11 18:10:20,正品，就是邮费有点贵
2021-06-01 13:25:30,非常满意!谢谢你!为你点赞????????
2021-06-06 23:37:15,有活动优惠购买，三盒才是之前一盒的价钱，很不错，日期新，家里备用。
2021-06-02 11:01:40,发货物流都很快，家庭常备药
2021-06-04 21:47:43,感冒了吃快克效果特别快 ，有需要的朋友可以放心购买。
2021-10-04 15:26:39,快递太慢。
2021-09-18 20:33:46,比药店便宜不少呢，唯一的不足的就是不能刷医保卡！
2021-06-02 18:46:03,家里必备！比药店便宜包装很完美，颜值很细致，高，感觉物超所值！客服也非常耐心发货快物流给力，以后还会再来??
2021-07-03 09:52:10,家里常备
2021-06-03 12:53:57,61超级实惠！囤药很划算～ 物流也超快呀
2021-06-23 13:48:21,非常满意的一次网购，服务态度和药品都非常满意，比较是阿里集团的药房，就是有保障，都不知道买了多少次了，满意，买了三盒
2021-01-22 11:43:33,此用户没有填写评论!
2021-07-01 13:45:34,一直都在阿里买药，放心，实惠！
2021-06-22 09:53:20,挺好，家庭党备药，在阿里买放心也实惠，送货也快，非常好，满意~~~~~~~~
2021-06-15 11:08:37,东西收到了，与卖家描述的一致，可以，还不错。完全超出期望值，发货速度非常快，包装非常仔细、严实，值得信赖。卖家也很耐心，服务态度非常好，高性价比的东西，物流公司服务态度也很好，总的来说还是蛮满意的一次购物。最后，祝大家购物愉快，万事顺心！！！！！！！！！！
2021-06-14 00:05:00,东西实惠，有用
2021-06-08 17:45:13,质量很好值得拥有
2021-10-10 17:39:28,物流很快！！！！！！
2021-06-27 00:01:47,感冒一直吃的药 效果很棒，物美价廉
2021-06-19 22:44:24,见效快，感冒必备品，值得拥有
2021-07-01 12:30:20,药品很好，价格实惠，效果不错。
2021-06-06 23:16:03,多次购买，质量正品。
2021-06-11 15:46:57,一直在阿里买药，价格比外面便宜，药效也挺好的，满意
2021-06-26 12:32:47,发货快递都很快，包装完好无损，物美价廉。
2021-06-06 22:24:56,只吃快克效果挺好的，是正品
2021-06-06 08:26:07,非常好，价格便宜好多，日期也很好。
2021-07-05 14:16:26,正品，实惠，不错。
2021-07-03 16:05:21,值得信懒，还便宜！
2021-07-02 08:12:52,比实体店要划算！
2021-06-19 14:44:36,东西非常好，物美价廉，我很喜欢，以后会常来。
2021-09-18 13:33:40,药到了，病也好了，快递挺快，一天就到了，怪就怪我体质太好
2021-06-06 10:33:56,是一定制无水印原图以最佳时间
2021-06-13 14:45:40,挺好，便宜好用。
2021-06-21 11:47:10,一直在他家买，发货非常及时，物品非常好，绝对好评
2021-09-30 12:24:45,物流速度真的是没话说，就是一个字：快。效果不错
2021-06-26 18:34:57,药收到了，是正品，多次购买，
2021-06-02 15:04:41,应该是正品
2021-06-17 23:09:47,非常好用的感冒药，活动价格买的，很便宜，也是新出厂的，客服态度也好，快递速度也非常快，很满意的一次购物。
2021-06-04 19:47:07,给对象买的，对象说很好
2021-06-13 10:30:54,东西收到了，包装完好。相信品牌。
2021-06-07 18:32:47,多次购买，十分满意，还会再来，物美价廉
2021-06-12 15:57:41,我一次买了很多种药，就不一一评价啦，我每一样都看了日期，都是新鲜的，保质期还很长！阿里大药房发货很快，包装严实，买了也放心！有需要再来购买！
2021-06-05 22:34:17,整体不错
2021-07-01 22:56:31,感冒药快克就很好，买的头孢没买到
2021-06-22 11:48:13,感冒药西瓜霜的可以，一次性买了三盒，同样的钱，去药店的话，估计只能买一盒多点，比药店便宜多了，很实惠，后面还是会继续在阿里大药房买药的，很方便，而且物流很快。
2021-01-29 16:23:43,此用户没有填写评论!
2021-05-31 10:19:52,性价比很高~
2021-06-23 09:26:42,便宜很多比实体店，质量保证
2021-06-12 07:38:07,多次使用这胶囊??治疗感冒效果不错??????，好评
2021-06-16 11:13:53,阿里买的比较放心，也很方便。
2021-06-13 14:56:45,线上买很便宜，家中常备药
2021-06-02 21:52:14,嗯，药效还是鸡尾酒疗法更好
2021-06-23 23:21:37,价格实惠，发货快。
2021-06-13 09:02:55,不错。买了好几件，很便宜，也很实惠
2021-06-02 15:01:14,家中常备药，网上买方便的不错
2021-06-24 19:13:54,家中常备感冒药，好用
2021-07-03 22:02:16,预防感冒必备款，一如既往的好，好评。
2021-06-18 12:22:40,挺好的，比店里便宜
2021-06-26 18:06:54,感冒药囤着，还不错
2021-06-28 19:31:23,多次购买很好
2021-06-21 07:04:08,看着质量跟药店出售的一样，就是不知道效果怎么样，先给好评先。
2021-06-05 11:33:26,药收到了，效果不错
2021-06-19 15:29:29,满意的很，家里常备
2021-06-25 15:11:09,（1）之前一直在用快克的药，缓解感冒的效果还可以，在家里面也比较受欢迎，所以买一些备用。618店家做活动，同时也买了许多其他的药，也是有一些优惠的。 （2）快递速度比较快，商品保护的也很好，在运输途中没有受到什么损伤，很好。
2021-06-15 11:40:38,再这买药很方便的哦
2021-06-20 21:50:30,一直用这个药好用
2021-06-18 21:37:25,囤货家里常备，实体店买不到了
2021-06-30 19:33:39,不错药到病除
2021-06-09 17:32:19,己收到，非常好
2021-01-28 11:57:17,此用户没有填写评论!
2021-06-05 12:06:17,可以保质期到23年11月
2021-05-31 03:34:50,符合预期，优质产品，快递迅捷，非常满意，谢谢！
2021-07-03 10:00:08,"(1)之前一直在用快克的药，缓解感冒的效果还可以,在家里面也比较受欢迎,所以买一些备用。618店家做活动,同时也买了许多其他的药,也是有一些优惠的。(2)快递速度比较快,商品保护的也很好,在运输途中没有受到什么损伤,很好"
2021-06-12 22:06:18,绝对正品/客服太好了。m
2021-06-09 23:23:52,还挺不错哦 物流也比较快 不错的
2021-06-09 20:24:13,收到了不错
2021-06-25 14:31:00,真的推荐啊，快递速度特别的快
2021-07-01 10:19:49,换季必备
2021-06-28 23:49:31,多次购买药，挺实惠。
2021-06-07 23:34:19,非常好，发货迅速
2021-06-22 22:01:09,比药店便宜，快递好
2021-06-29 23:09:54,包装很好，值得信赖。
2021-06-23 12:24:47,囤点备用，希望用不到
2021-06-06 21:31:49,很好，备着点需要时吃，
2021-09-23 17:41:56,太慢了19号买的23号才到，幸好是的预备药品，不是感冒急用，这个速度怕是感冒都好了
2021-06-04 23:49:23,很好！正品！
2021-06-13 13:50:31,家中常备感冒药
2021-06-03 18:01:03,容易感冒，日常备药
2021-07-01 08:03:13,二次购买了
2021-06-04 04:59:31,店里的药品种类很多，购买方便快捷，质量也有保障。
2021-06-06 19:31:48,值得信赖，多次购买
2021-06-30 12:44:44,活动买了备用的
2021-06-06 14:19:16,发货挺快
2021-06-07 20:58:59,效果好，值得推薦，发貨快，性價比高，物流很快。
2021-06-18 23:20:04,常备药品
2021-07-04 17:55:42,家庭常备。
2021-06-11 12:49:01,客服很热心，有问必答。
2021-06-09 08:56:14,N次买了，满意
2021-06-20 07:32:30,快递速度快，质量好，非常满意。
2021-06-12 15:14:13,先说商品质量：产品总体不错，包装严实。再说商家服务：点赞啦。最后点评快递：发货很快。其他就是感谢店家打折送券活动，毕竟便宜好货更实在。希望店家多多优惠，及时通知老客户，促成回购。祝生意兴隆。
2021-06-18 20:14:34,这个药呢？我个人觉得是很好的，因为我吃了两粒，他的感冒就好了，然后我这次买了三盒，我觉得他比那个999感冒灵的效果更佳，但是我相信他的一个副作用也会比较大，所以说体质比较好的人的话，我觉得是可以买，如果体质比较差的人，我建议是不用购买这个药
2021-09-15 15:46:22,包裹被打开，不敢再用
2021-06-07 13:56:25,好评！！！！不错！
2021-07-02 22:11:59,买来备用的。
2021-02-01 15:13:26,此用户没有填写评论!
2021-09-15 15:00:28,还没用，看看效果怎么样吧。
2021-06-02 21:07:15,正品，发货很快
2021-07-02 07:07:33,物流很快，质量很好
2021-06-18 15:40:02,值得信赖
2021-06-25 17:23:25,挺实惠的，有的日期新，有的保质期时间短，总得来说还不错！
2021-07-04 10:22:34,物流很快，很好
2021-09-19 11:48:44,效果不知道，那个板蓝根味道不咋样
2021-09-18 11:10:35,还行吧没有售后人工客服
2021-06-04 21:32:36,物超所值，话不多说，这四个字已经说明了一切
2021-06-05 15:59:21,感冒药品是家庭常备的，有活动是果断购买储备，今年的疫情有时候买药不方便。
2021-09-28 12:39:17,这还有啥评价，药还能有假店直接关门了
2021-09-29 12:37:30,第一次网上买
2021-08-20 15:46:13,此用户没有填写评论!
2021-09-26 20:12:44,所谓的就近发货，病都好了药还没到
2021-09-27 17:11:01,家常准备吧，希望永远用不上。放到过期扔了。
2021-06-03 18:45:55,都是家中常备药物
2021-06-10 16:59:32,实体店需要核酸检测才能买然后就在网上买的，到了我的感冒好的差不多了，就吃了一次，那也给个好评吧
2021-09-23 12:59:47,囤货，药店不让买，感冒跑医院太麻烦，一去医院又是一天
2021-10-01 00:42:45,浩浩荡荡斤斤计较现代化建设发一句
2021-09-25 21:51:17,包装不好，外包装破损，里面药盒都破了
2021-10-01 19:25:55,虽然没有在承诺时间送到，但也得到了赔付，物流还是挺快的
2021-06-16 11:58:14,给渣男买的，他吃了三天都没好，让他天天尅冰棒，一天两三根，吹一晚上空调还不盖被子，给他吃药??简直是浪费??
2021-09-17 10:30:24,挺好的，物流也很快，相信大厂
2021-09-29 20:53:46,正品 ，物流很快 包装完好无损
2021-09-23 07:53:33,物流三天到的  说的明天到  结果三天
2021-06-05 11:16:16,现在好多药店都买不到快客了，奇怪。万能的淘宝。
2021-09-17 16:02:00,除了快被压扁都挺好。
2021-09-28 08:37:05,圆通雇个蜗牛拉货 江浙沪4天
2021-09-19 17:23:10,物流非常快，药到了我病好了。????
2021-09-25 09:01:09,买来备用。
2021-09-24 09:08:21,还可以，然后快递很快
2021-06-28 15:33:01,还没吃 看上去蛮好的
2021-09-25 00:18:02,还没吃，不知道怎么样
2021-09-28 16:44:08,沧海一声笑
2021-10-01 20:31:09,物流很快，不算很便宜
2021-09-23 12:47:12,物流很快。
2021-09-12 21:02:10,快递慢，病好了，不知道效果，又从医院重新买的，等不及，不能退
2021-08-31 19:43:27,家里要被备一点，生病了才网购肯定来不及
2021-08-31 17:19:23,我申请退款结果发货了，让我拒签退款给我，结果半个月了不给我退，还好不是很多，这么点钱值得吗？
2021-09-09 08:24:55,一次买了好多备用药，还没用过，有些日期不是很新鲜，离过期不远了
2021-05-26 10:05:14,正常来讲用药还可以，效果不错。 主要是价格亲民。阿里药房整的还是可以的
2021-05-25 17:43:40,在阿里健康买药感冒药价格很便宜，感冒吃的效果还可以，重点是发货确实很快，包装方面挺好的。：可以购买。
2021-05-27 09:26:19,看包装破损，像用过一样
2021-05-26 15:43:02,买来备着外包装和大药店一模一样
2021-05-26 08:39:27,产品品质质量很好！正宗品牌，发货速度快，物流速度慢！价格实惠！
2021-05-27 13:03:35,买来备用的，比实体药店便宜。
2021-05-30 12:31:50,比药店经济实惠
2021-09-01 13:37:12,包装真的不敢恭维
2021-05-27 10:12:14,扫码通过  正品真货
2021-05-30 19:13:40,一直找这种药，没想到第一次网上买到了??棒棒哒
2021-05-28 08:52:32,非常方便，物流也快，效果非常好，感冒吃了2天就好多了
2021-05-29 22:09:29,家中常备药，网上买挺方便的，挺好
2021-09-04 13:55:46,有几个压扁了 快递走了七天  病都好了 药还没到
2021-05-29 19:20:08,日期很好，适合囤着
2021-05-26 23:40:39,日期新鲜，速度快！
2021-09-06 16:55:25,药品与描述的一样，客服态度很好，物流也很快
2021-05-27 12:01:25,效果好家中常备
2021-05-30 12:04:09,发货快物流快。做家庭备用感冒药。
2021-05-27 17:34:36,非常好的，喜欢，支持！
2021-05-25 21:24:28,收到，送货神速
2021-08-29 11:01:48,挺便宜，不知道效果怎么样
2021-08-31 12:16:53,此用户没有填写评论!
2021-05-27 15:29:29,发货及时，快递给力，继续光顾！
2021-05-26 06:44:44,快递比较快
2021-09-10 22:55:31,呜呜呜，开学只想存个退烧药，结果订单被取消了
2021-08-15 19:56:50,"这么好的卖家，如果将来我再也遇不到了，那我该怎么办?直到我毫不犹豫地把卖家的店收藏了!价格便宜实惠!五星好评!这么好的卖家，如果将来我再也遇不到了，那我该怎么办?直到我毫不犹豫地把卖家的店收藏了,我内心的那种激动才逐渐平静下来，可是我立刻想到，这么好的卖家，倘若别人看不到，那么不是浪费心血吗?经过痛苦的思想斗争，我终于下定决心，牺牲小我，奉献大我。我要以此评价奉献给世人赏阅，我要给好评.&hellip;评到所有人都看到为止。"
2021-09-03 07:58:41,买药还行，但是售后就别指望了&hellip;
2021-08-31 20:36:19,药店禁售，只能网上买了
2021-05-30 12:25:22,物美价廉哦
2021-08-31 11:18:18,先备点省的麻烦
2021-09-10 18:50:32,差评，没收到，也不给我退款。
2021-08-29 16:47:44,态度差  服务不好
2021-09-05 21:49:49,真假看不好
2021-09-03 13:25:23,是正品，但不是次日达
2021-08-30 05:34:57,吃完过敏
2021-08-10 14:29:18,快递包装都变形了，好在不是液体，也算了
2021-05-26 23:10:05,防患未然
2021-08-15 09:36:59,客服推诿搪塞，根本不处理问题，给他们可以接受的方案，他们却一直是拒绝，不处理，就是让你等，结果也是没有解决
2021-08-12 16:54:31,东西还没用不知道真假，唯一不舒服的是显示包邮，收了我快递费
2021-08-23 07:04:22,物流很快，药品正规，家庭常被备药。
2021-08-13 17:50:22,货品收到疫情期间留着备用。
2021-08-16 09:44:24,东西弄了个稀碎！
2021-08-25 15:33:58,是正品，包装有点破损，总体还可以！希望下次包装弄好一点
2021-08-12 11:54:32,感冒药很有效 但是要挑好药哦 不能乱吃
2021-08-10 20:56:26,箱子破了，里边盒子也破了，问卖家也没反应
2021-08-25 15:40:09,包装严重受损，药物还出来了，
2021-08-24 14:50:55,包装不好，药盒都开了
2021-08-19 18:37:20,3年的有效期已经过了2年多了！差评。
2021-08-23 15:01:34,买的品种太多了 都是家庭常备药 是正品就不一一评价了
2021-08-26 22:01:17,收到货都压扁了，纸盒都坏了
2021-08-22 17:32:08,盒子压的不能看了，还好吧
2021-08-19 17:44:32,别的不说，就冲这发货速度也得给个好评
2021-08-16 11:26:51,非常时期，还有有网购
2021-08-20 19:20:42,假药，一点效果都没有
2021-08-17 07:30:05,物美廉价
2021-08-16 10:53:34,和药店买的有出入，不明白
2021-08-12 20:17:34,发货很快，包装严实。
2021-08-11 19:24:28,物流很快，昨个下单今个就到，
2021-08-22 15:31:25,挺好的，常备药
2021-08-12 17:25:42,快递服务态度太差
2021-07-27 16:14:20,可以。快递外包装太简单，差一点药要漏出来了。
2021-08-03 13:12:57,和药店一样，
2021-07-27 22:37:46,可以，价格便宜
2021-08-07 20:16:21,暂时还没用
2021-08-07 17:16:51,已收到货，速度很快！
2021-08-03 18:33:05,货已收到
2021-08-01 16:59:28,应该是正品吧，反正凑单用的
2021-08-06 23:56:34,备着，疫情又严重了，药店已经不卖感冒药了，去医院挂号又是大张旗鼓的做核酸做ct，完了又是挂水，根本不给你配感冒药
2021-08-02 17:09:21,今年产的，备着以防万一
2021-08-05 11:23:57,不错，
2021-08-02 08:29:11,东西质量还可以，快递速度也很给力
2021-07-06 18:13:16,药品一如既往很好，物流非常差，我地址上写的清清楚楚，不经同意放入菜鸟驿站，快递拒收，药品放入快递驿站，不打电话，不发信息，10天后着急找药品网上才看到包裹已到菜鸟驿站等等，线上跟客服沟通，客服很不耐烦的回复，那是快递员的问题，跟他们有何关系等等，快递员电话打不通，药品放入菜鸟驿站12天后，才联系上快递那边，最终才给派送了，这样的客服及物流不给差评给什么&hellip;&hellip;
2021-07-29 08:39:16,价格很划算，非常方便，就是送货很慢。
2021-08-08 17:13:27,希望用不上
2021-08-08 23:46:44,什么时候去的时候来不行了行了不行吗那种
2021-07-24 12:57:34,药盒都破了的，不会再买了
2021-08-06 19:49:38,这两天感冒了很难受，
2021-08-09 12:36:05,阿里药房多次购买，
2021-07-27 17:11:12,不错，快递速度很快。??
2021-07-15 07:13:43,是正品没错，药也正常，就是我吃了两次不好使就没吃了。。
2021-07-29 17:03:39,发货很快，物流也快，客服态度也很好
2021-07-18 19:26:52,不建议大家购买，物流太垃圾，本来就是看着同城才下单买的，小儿止咳糖浆，谁知两天了都没送到，打物流电话不接，投诉也是敷衍了事，体验感非常非常差，我买东西基本都是好评或者不评论的，这次实在是忍不住了，想购买的的好好想想吧，你着急用药，药就是迟迟不送给你，着急上火不？反正我是不会再买了，垃圾
2021-07-10 23:08:35,预防感冒的药，先留着备用。
2021-07-07 15:37:19,箱子压坏了，里面的药盒也压坏了
2021-07-05 13:24:42,快递员素质极差，路都不认识，丹鸟快递真的差劲????
2021-07-17 19:34:44,快递太不靠谱，发的24小时极速达，结果过了三天才到
2021-07-11 15:46:10,盒子包装感觉不怎么样
2021-07-15 11:32:30,一直没收到药，直接强行签收真会玩
2021-07-09 23:01:11,包装好，物流快，价格实惠，
2021-07-09 19:08:36,感觉没用处
2021-07-10 11:34:55,假药害人啊
2021-07-19 10:25:59,扔了不要买
2021-07-19 13:31:20,快递员辛苦了！
2021-07-19 22:28:03,当备用药
2021-06-17 18:32:32,估计是这次优惠幅度太大&hellip;&hellip;包装是得有多大的劲儿&hellip;&hellip;给整成这样？！？！幸好东西没少
2021-02-18 16:24:59,此用户没有填写评论!
2021-07-04 14:37:52,东西收到了，物流真快。便宜又惠
2021-06-27 00:37:33,价格便宜又是正品，一直在这里买药了，不去药店买药了。
2021-06-28 13:26:28,不知道写什么，整体好评吧
2021-06-22 14:09:57,为了免邮一下买多了，呜呜，不过便宜是真便宜
2021-06-17 05:31:34,发货速度，忘记评价了，东西是正品，只是现在没有用，以后有机会再用。。。
2021-06-29 00:02:28,容易因感冒导致上火，特意买了点备用，常备物品，不多废话。。。。。。
2021-07-02 13:14:43,太慢了，感冒都好了
2021-06-17 10:48:23,虚假发货，根本就没有收到东西，客服也不理人，也不处理
2021-06-17 19:11:35,此用户没有填写评论!
2021-06-23 23:55:26,药品是急用品，承诺隔天到，结果没到，反馈售后还敷衍，无处理
2021-07-03 15:22:19,好就一个字，我只说一次，你知道我会用行动来表示
2021-07-03 18:06:09,效果没有很好&hellip;&hellip;
2021-06-24 14:49:09,这?
2021-06-22 15:54:53,这个药副作用很大，吃了头晕，四肢无力。
2021-06-26 08:38:06,垃圾中通快递，一个收货地址快递放的3  4个菜鸟，**？
2021-06-18 20:03:51,有鼻炎，感冒了就头痛，吃这个就OK了！
2021-06-24 18:19:18,收到了。
2021-06-26 22:43:41,一般吧，家里备药
2021-05-05 20:50:26,此用户没有填写评论!
2021-02-13 17:44:59,此用户没有填写评论!
2021-06-26 06:03:08,此用户没有填写评论!
2021-06-25 21:51:08,漏发货了，然后也不回复
2021-07-01 09:04:24,物流有点慢
2021-06-14 08:36:55,标明承诺第二天送达，送不到就别标明承诺二字，承诺是啥意思，第三天下去5点才送到，还说会处理好，跟没处理完全一样，没处理也是第三天下午5点送到，再也不在天猫买药了
2021-06-10 23:12:32,集美们集美们 ！！大无语事件！！！！气*我了！发少了一盒也检查不出来！我买了两盒药只收到了一盒！！！！！！
2021-06-08 15:04:35,还没用上
2021-06-11 16:01:52,这个物流，可能回家了一趟。
2021-06-11 13:04:21,买了三盒，实际只发我了两盒，找这个上面客服理论么太不人性化，不给解决方案，买过那么多次，最失望的一次
2021-06-15 11:52:39,你的难兄难弟你的记得记得就记得你当年的记得记得就大喊大叫的难道你的呢
2021-06-02 13:15:19,感冒必备，发烧头疼，不能说药到病除，但能有效缓解
2021-06-07 21:36:49,主要想买头孢的&hellip;&hellip;结果没通过&hellip;&hellip;&hellip;哎
2021-05-30 15:02:54,说真的，淘宝的物流在那么垃圾，真的要被京东打倒了，真慢你还能更慢吗？物流真的不能乱收购，会坏自己的口碑。
2021-06-05 10:30:06,孩子总感冒，买来备用
2021-06-12 17:21:55,这药还能治痛经，牛*
2021-06-15 19:04:13,盒子压瘪了，药盒也被压瘪裂口了
2021-06-12 21:49:45,就那样吧
2021-06-15 09:17:16,要是能当日送达就更好了&hellip;&hellip;
2021-05-29 17:17:44,此用户没有填写评论!
2021-06-12 17:12:42,快递自己送错地方，还态度极差
2021-06-09 08:50:01,习惯性好评
2021-06-10 22:11:52,物流太慢了
2021-05-28 21:06:23,唯一不足的就是儿童消炎药买不了，其它都还好哦
2021-05-26 14:28:20,说了从本省发货结果从外省发，收了快递费要两天才到，如果要几天到我会在阿里药房卖，直接在网上其他药店买不行吗
2021-05-28 22:44:40,盒子有一点坏了
2021-05-26 23:14:02,药到了，病好了
2021-05-25 20:26:20,速度，家中常备药。
2021-05-24 22:08:51,挺管用   吃了两颗就好了
2021-11-22 06:08:17,还不错
2021-11-22 08:32:44,好
2021-11-22 09:31:57,趁着活动入手划算，发货快，包装得好，非常不错，全新体验，赞赞赞！
2021-11-22 09:41:18,满意
2021-11-22 09:50:40,回购
2021-11-22 10:05:21,很好
2021-11-22 10:49:46,一个处方不能多个药品，多收2份快递费
2021-11-22 11:31:36,好
2021-11-22 12:26:02,可
2021-11-22 13:00:11,还没用，家中常备，希望用不上
2021-11-15 13:30:15,这个价格挺合适的，我爸说从外面买十粒的是16块钱，这个合下来是十块
2021-11-13 09:15:08,很烂，买个药10天了还没收到还要顾客自己问，查了说马上到结果又返回发货方了，综合tl54说已解决结果还是没反应再问，他的已解决就是问了下物流关键物流都没回他，人才！中间又换了几个客服，先是答应重发又说不能重发，后面来个客服综业2447查了半天说是我拒收的！也是个人才！中间又拖了几天，投诉，又可以重发了，这就是阿里的招牌，下单收到货20天，每次都要自己主动问，每个客服都要花几十分钟，烂！
2021-11-02 15:13:34,保质期到2024年。挺好
2021-11-14 17:00:39,日期都到2023年的
2021-10-30 20:55:59,比药店要便宜好多，药店会员价10块，有的不是会员都有15了，今年疫情防控，对药物的控制，也不好买药，所以一次性买了3盒，以防万一吧
2021-06-05 23:38:18,阿里健康66666666699999999
2021-08-03 21:18:02,1.不会在买了，8块钱运费结果盒子全烂 2.生产日期都是2020年的，有2020年1月的卖不出去了吧，最近的也就21年1月的 整体体验极差
2021-05-25 17:38:06,以为一盒两板其实是一板  不是很划算
2021-09-05 17:18:58,收到(?&gt;?&lt;?)货齐全！
2021-08-17 19:35:13,除了不能买处方药，有运费外都很好，到达时间很快，价格又便宜，特别适合买家庭备用药
2021-10-03 09:57:35,没话说，挺好
2021-10-08 07:27:27,之前吃过很管用
2021-11-11 05:59:02,吃了不管用
2021-06-27 15:32:59,最近感冒了，这个药一直挺好的，吃了以后没有那么难受了。
2021-11-17 17:56:27,价格比药店便宜
2021-07-27 09:34:53,家中常备药，都是正品，阿里大药房很放心
2021-10-08 13:34:12,换季了，这几天又降温，准备点备用
2021-11-18 09:55:24,挺好的拿到药了
2021-07-04 17:27:25,速度挺快，感冒了急需
2021-05-30 08:03:15,到货快，这就很好
2021-11-04 15:58:04,吃这个药容易瞌睡，建议晚上睡前服用。
2021-08-17 06:27:15,很好不错
2021-09-16 08:47:50,阿里大药房值得信赖，常备药品一直都是在这里购买的
2021-10-16 16:06:25,?已经多次购买了，家庭必备
2021-07-30 12:42:09,说好几点前付款，明天到的，结果给我来了三天。。。。。
2021-10-07 17:36:51,有点小贵，还要我运费
2021-06-16 19:26:52,是正品，很划算
2021-06-06 16:57:59,跟药店买的一样，有活动买来备用，物流速度很快，好评！
2021-11-09 20:55:43,货真价实，包装很好，物流也很快
2021-11-20 18:46:21,宝贝收到了，包装好物流快
2021-06-29 23:45:50,常备家庭用药，拿来应急，买了很多价格很实惠
2021-10-09 16:31:33,多年在大药房买药，好评。
2021-09-15 07:04:55,非常好(?▽?)，物有所值，还会继续回购关注，老板生意兴隆，大麦大麦??。非常好(?▽?)，物有所值，还会继续回购关注，老板生意兴隆，大麦大麦??。非常好(?▽?)，物有所值，还会继续回购关注，老板生意兴隆，大麦大麦??。
2021-10-29 16:59:56,中中中中中中
2021-11-09 14:22:59,店家客服态度好，发货很快，物流也不错的，很快就收到了呢。性价比挺高的，家人都挺满意的。下次多搞点活动就更好了呢。老客户以后多优惠点哦。店家客服态度好，发货很快，物流也不错的，很快就收到了呢。性价比挺高的，家人都挺满意的。下次多搞点活动就更好了呢。老客户以后多优惠点哦。
2021-06-28 00:16:14,很好很好很好很好很好很好很好
2021-10-30 23:28:58,中药学变化与统一图片作业简单中药学变化与统一图片作业简单中药学中药学变化与统一图片作业简单中药学中药学变化与统一图片作业简单变化与统一图片作业简单中药学变化与统一图片作业简单
2021-08-31 15:48:33,货真价实，高颜值，高品质，一分钱一分货，材质外观和质量一看就很上档次，非常喜欢??????????????货真价实，高颜值，高品质，一分钱一分货，材质外观和质量一看就很上档次，非常喜欢??????????????货真价实，高颜值，高品质，一分钱一分货，材质外观和质量一看就很上档次，非常喜欢??????????????货真价实，高颜值，高品质，一分钱一分货，材质外观和质量一看就很上档次，非常喜欢??????????????
2021-05-15 11:20:07,此用户没有填写评论!
2021-10-09 08:06:35,家中常备药，家中常备药
2021-09-05 13:26:48,备用的挺好备用的挺好备用的挺好备用的挺好备用的挺好备用的挺好备用的挺好备用的挺好备用的挺好备用的挺好备用的挺好备用的挺好备用的挺好备用的挺好备用的挺好备用的挺好备用的挺好备用的挺好备用的挺好备用的挺好备用的挺好备用的挺好备用的挺好备用的挺好
2021-07-01 21:43:49,很好很好很好很好很好很好很好很好很好很好很好很好
2021-08-17 14:24:34,但凡当年多读点书，也不至于现在做淘宝每天写二十个评语都绞尽脑汁！但凡当年多读点书，也不至于现在做淘宝每天写二十个评语都绞尽脑汁！但凡当年多读点书，也不至于现在做淘宝每天写二十个评语都绞尽脑汁！但凡当年多读点书，也不至于现在做淘宝每天写二十个评语都绞尽脑汁！但凡当年多读点书，也不至于现在做淘宝每天写二十个评语都绞尽脑汁！
2020-02-25 12:25:41,买来预防感冒用的。
2019-11-24 23:33:57,不错(*?&acute;╰╯`?)?好评??(&lowast;?????&lowast;)??
2020-02-15 09:44:52,????
2019-11-29 07:41:38,买了好几种，在感冒之前先囤起来
2020-03-21 18:52:24,此用户没有填写评论!
2020-01-12 15:45:53,有效期到2022年呢  不错
2019-11-30 21:17:20,好
2019-12-06 22:58:48,非常满意，店家服务态度好，发货快。下单的时候发了条消息给客服，叫尽量快点发货，两个钟店家就发货了666666谢谢。物流速度也很快，三天就到深圳了。药品绝对真品无疑，因为一来到我就吃了，吃三、四天感冒就好了。
2019-11-29 13:34:51,一直在他们家买药，其它都好，唯一不好的就是不包邮，包邮就更好了
2019-11-24 21:15:25,可可可可可可可以，买了3盒，有作用吧！！！
2019-12-13 10:30:28,好
2020-02-10 10:12:04,东西不错??，价格实惠！
2019-11-24 09:39:34,药品挺好的
2020-02-10 17:53:02,盒子已压烂
2020-03-04 14:59:26,好不错，买了好多，可以用完再买，口感做出来也好吃
2019-12-02 21:39:52,好
2020-04-15 13:48:53,质量非常的好，感谢老板，价格实惠。
2019-12-11 19:42:49,非常的不错！阿里大药房值得信赖！质量不错！
2019-12-18 11:45:18,不错
2019-12-14 17:08:37,比在药店买便宜
2019-12-07 21:40:57,好
2019-12-24 21:18:23,挺好的
2019-12-03 13:35:51,家庭必备良药，价格便宜 送货快 满意
2019-12-28 00:04:04,真的超级喜欢 非常支持 质量非常好 与卖家描述的完全一致 非常满意 真的很喜欢 完全超出期望值 发货速度非常快 包装非常仔细、严实 物流公司服务态度很好 运送速度很快 很满意的一次购物
2019-12-26 12:07:42,发货及时！
2020-11-07 20:25:07,不错，值得购买
2020-02-28 18:20:50,物美价廉
2020-03-27 14:24:16,好
2019-11-26 12:26:06,鸡喔喔啼！
2019-12-05 11:42:57,物流很快，给女盆友买的。
2019-12-07 18:25:22,不错
2020-03-08 16:12:40,疫情期间送货算得上比较快了，赞一个
2020-06-10 14:07:50,包装很好
2019-12-07 17:48:13,效果不错
2019-11-27 08:54:38,还可以啊
2020-02-19 12:06:36,是正品，家里常备药
2020-02-27 11:16:08,好
2019-11-30 11:19:53,效果好，鼻子不通气一粒就好了
2019-12-09 16:45:27,快递员没脑子，我说的是第二个快递员
2020-03-04 16:49:18,收到了，备用。
2020-02-20 19:34:26,备用
2019-11-25 20:51:36,此用户没有填写评论!
2019-12-21 15:40:41,方便快捷
2019-12-23 16:30:30,买过好多次了，好用，值得购买
2019-12-07 18:35:02,不错，还廷快的，咋天晚上下单，今天中午就收到
2019-12-22 20:17:46,希望感冒快快好起来，服务态度真的很棒，
2020-01-22 12:45:28,吃了三粒，把我的感冒治好了，不过后劲太大了，吃完就没精神，身上也没劲，头晕，脑子不清醒，要一两天才能缓过来
2020-12-24 13:30:11,价格非常的美丽，东西还是不错的，会继续回购！全五分！奈斯奈斯～品质一级棒，包装也不错，物流很快，而且价格合理，很实惠，很喜欢以前一直都是在实体店买，这次选择了网上买，不光是正品，价格还实惠！终于买到满意的商品了，超出期望，非常喜欢，身边的人都问我要链接
2019-11-28 14:27:59,发货快，好评！
2020-02-17 16:19:41,应该在这家药店买，服务好，好评
2019-12-23 19:17:30,好
2019-12-27 09:02:36,日常备药，日常备药，很方便，发货也很快
2019-12-30 19:43:34,物流很快，很划算
2021-01-01 16:08:46,阿里大药房值得信赖。速度还是挺快的。
2020-02-11 09:36:37,居家必备
2019-12-05 13:47:17,包装盒都烂了
2019-12-14 20:46:16,第一次在淘宝买药，希望是正品就好
2020-05-09 19:47:57,不错
2020-02-22 15:00:52,很好！一直卖阿里药房的药 还有用药提示非常好！
2020-02-10 16:37:33,一天就到了，速度很快，买点做备用药
2020-03-08 08:17:17,挺好的
2019-12-14 13:13:03,好，好，好
2019-12-18 15:23:49,备用
2020-03-05 09:53:13,囤货囤货
2019-12-19 19:34:10,"质量非常好，与卖家描述的完全一致，非常满意,真的很喜欢，完全超出期望值，发货速度非常快，包装非常仔细、严实，物流公司服务态度很好，运送速度很快，很满意的一次购物"
2020-04-06 19:23:57,常备良药，用时方便 发货及时，快递到位，服务满意
2020-02-18 19:47:38,东西不错值得购买下回还来买
2020-01-06 20:34:11,很快    效果也好
2019-12-10 16:42:13,很满意的
2019-12-08 10:59:20,不错！物流快，药品日期也新
2020-02-21 10:16:57,特殊时期，确实给力
2019-12-03 20:30:44,还行
2020-01-20 22:28:41,因为本仙女很懒，不想每一件商品都一样一样地去写好评，所以特意写了这样一个评论。但是这件商品无论是质量、材质还是款式，肯定都是本仙女所中意的，如果本仙女不喜欢的话，本仙女收到货肯定是会很生气的，很气很气的那种哦。不然这个评论肯定会变成那种喋喋不休，怨气横生，怨天怨地的那种。最后当然不可能忘了给这件商品一个好评，给各位爱淘宝的宝宝们一个购物参考，这个产品还是非常值得购买的！ 祝看到这条评论的各位小仙女们永远年轻漂亮美丽大方，永远都是16岁!
2020-02-03 12:09:36,挺好
2020-03-24 07:18:14,快递改不了地址，只能退了重拍，没有之前买的那个药了，买了这个凑单。
2020-01-20 22:31:36,速度快，满意，物美价廉！！
2020-02-14 14:54:56,此用户没有填写评论!
2020-02-25 22:44:08,很好
2019-11-26 11:45:21,此用户没有填写评论!
2020-02-20 14:09:19,东西不错，值得信赖，应该是正品的
2020-03-10 12:00:44,发货很快
2020-04-16 06:52:18,好的好的好的帮朋友买的。好的好的好的帮朋友买的。
2020-03-11 21:20:17,很好
2019-12-20 14:30:07,好谢谢，周到的服务，十分满意的高兴约一次网上购物体验好谢谢，周到的服务，十分满意的高兴约一次网上购物体验好谢谢，周到的服务，十分满意的高兴约一次网上购物体验好谢谢，周到的服务，十分满意的高兴约一次网上购物体验，好评！
2019-12-30 19:19:27,超级满意的一次购物好评没说的
2019-12-28 19:44:06,发货速度快，包装完好无损，值得购买。
2020-03-24 18:47:35,相信阿里官方店。
2020-03-05 14:30:48,收到货了，物流很快，不错很满意，非常感谢。
2020-08-05 16:38:30,好评
2020-03-16 13:12:24,价钱和外面药店差不多，有时不急着用就懒得岀去找了。
2019-12-17 17:46:40,挺好的
2019-12-22 08:14:09,好评！有效！
2019-11-23 17:52:42,生产日期新鲜，放心食用！
2019-12-23 09:05:44,挺好
2019-12-09 15:41:15,从买回来到现在还没机会用，但是呢，应该挺好用的吧。哈哈哈哈哈哈哈哈哈哈哈
2020-02-24 17:52:26,还未使用，先买了备着
2019-12-15 13:35:11,不错快递很快也很好，药也不错应该是真的
2020-02-21 20:49:20,除了快递忒慢以外，其余没问题
2019-11-28 01:36:55,物美价廉
2019-12-09 18:39:00,不错
2020-05-31 19:38:49,发货速度很快，卖家服务也好，目前很满意。感冒必备良药，基本吃上几粒就会好啦～很给力，家里的吃完了，补货！有需要会回购的鸭～
2020-03-10 22:14:30,物流很快，买了在家里囤着，在网上买也很不错
2020-03-06 10:18:23,价格比实体药店便宜，阿里大健康药房质量有保证，网上购药足不出户真方便。
2020-01-13 18:04:11,特别好阿里放心真的超级喜欢，质量非常好，与卖家描述的一致，完全超出期望值，发货速度非常快，包装非常仔细、严实，物流公司服务态度很好，运送速度很快，很满意的一次购物
2019-12-15 12:21:17,包装很好，暖暖的，谢谢
2020-01-31 12:08:07,贝收到了，以备感冒，谢谢店家，谢谢快递送到家里，因为瘟疫单位还没上班，，，
2020-01-01 15:48:48,药收到了，收到了，发货速度很快，第二天就收到了。
2020-02-19 11:00:32,非常时期申通的快递小哥服务很好！！！非常不错！！！五星好评
2020-03-08 13:44:56,疫情期间也很很快送达??
2020-04-07 10:35:22,好的满意好评！
2019-12-16 09:08:37,家里备点感冒药
2020-03-01 15:52:20,在非常时期家里需要囤点常用药，第一次网购，物流很快，满意
2019-12-17 21:53:00,冬季家中常备，预防感冒
2019-12-13 21:29:46,好评
2019-12-11 12:36:16,包装好，是正品。买下来价格实惠
2019-12-23 16:31:22,持续吃药买药不能停，哈哈哈哈哈哈哈哈哈！  都是正品，日期新，发货快。我买的都是常备的感冒药之类的。很是划算啊。双11买的5盒快克在双12已经吃完了。。。所以赶紧又买的啊。
2020-04-16 18:21:41,发货快速，价格合理，很是方便
2020-03-08 16:17:23,从没想过这么实惠的价格能买到这么好的宝贝
2020-04-10 04:57:56,好
2020-01-16 18:31:02,还可以，就是没在承诺时效到达，让我多难受一天
2020-01-19 23:43:40,警察感冒咳嗽的 买点药备上便宜 正品
2019-11-29 15:40:33,好
2019-12-27 08:50:06,村长给我家请来了吹 唢呐的，还当天排了几百桌子，庆祝一下买了一件好产品，当时我的自信心就瞬间爆炸，我就 是我们全村人的希望，我就是我们全村人的骄傲， 现在我在我们村也是有头有脸的人物，非常感谢卖 家能卖出这么好的物品，让我站在人生巅峰，站在 了人生的最顶端，以后还会光顾的你的小店，还会 在来选购你的物品。下次还来！
2020-03-14 15:28:00,比药店里买便宜，而且扫码过了，是真的
2020-01-29 01:41:03,正品，东东很好，快递也好，非常时期，及时发货，谢谢。囤货。
2019-12-18 12:51:26,囤着，家庭必备
2020-01-20 08:56:27,很好，比实体店便宜多了
2020-03-03 22:47:00,好
2020-06-07 20:48:11,很快很好  果然是收了运费的  速度就是不一样
2019-11-27 13:00:14,吃药吃到想吐。
2020-02-25 17:35:56,挺好的，家里备些药！
2019-12-24 18:17:10,邮到手，就吃了一片，正品货，需要再来买
2020-03-14 14:41:37,药是正品，以多次购买了，物有所值，以后会继续光顾的。
2019-12-14 21:44:59,第二次购买，货真价实。
2020-04-04 18:42:50,疫情期间，补点家常备用药！
2020-03-13 15:51:39,好评
2020-02-17 22:55:30,哈哈哈哈哈&middot;&middot;&middot;&middot;&middot;&middot; 打开快递就是惊喜~~~ 发货速度快，包装仔细严实，物流小哥服务态度好，运送速度也快！ 宝贝颜值高，质量非常好，与卖家描述一致。 物有所值，满意 喜欢 很愉快的一次购物。 赞赞赞赞赞赞赞赞赞赞赞赞赞赞赞9
2019-12-05 13:01:29,很好
2019-12-30 13:19:05,好
2020-01-07 18:49:41,多次购买了，一如既往的好。
2019-11-28 15:46:07,到货很快，阿里大药房很方便
2019-12-08 14:49:50,还可以
2019-12-12 20:25:28,宿舍常备，冬天到了，容易感冒，提前备着点，不然得出去买&hellip;&hellip;
2020-03-24 05:52:51,药非常之好！运输特快！包装精美！服务人员送货的小伙服务态度非常之好！打电话，亲自把药送到我的手里！20号0：33分买的，22号中午11：58分就收到！因手机出问题，未即时收货！对不起！
2020-03-26 07:48:47,还行。
2019-12-16 12:48:18,可以可以
2020-04-21 19:21:19,好
2020-03-30 16:34:15,好
2020-02-24 08:19:06,行
2019-12-24 20:01:09,快克了的
2020-03-15 12:51:40,阿里健康又很便宜，服务态度很好。
2020-04-18 14:40:41,好好干好好干好好干好好干好好干好好干好好干好好干好好干
2019-12-06 04:47:10,非常满意！好评好评好评好评好评
2020-03-07 23:45:11,还没用，希望不要用到
2020-03-02 08:47:28,很快
2019-12-17 08:59:03,很好
2020-05-10 23:41:20,价格实惠，方便快捷！
2020-02-29 16:49:43,买点备用，物流时间很长！
2019-12-09 10:07:34,常备药！
2020-02-11 19:44:42,ok
2020-02-27 00:14:36,还不错
2019-12-05 15:51:40,还可以。比较便宜也是正品
2019-12-08 13:08:22,他们家快克像假的。没有效果
2020-03-05 10:42:55,好用
2019-12-17 14:34:48,满意
2019-12-02 10:28:55,好
2020-01-27 09:04:34,好评！
2020-01-03 14:06:56,一年多前出厂的  ??
2020-11-26 15:37:07,特别特别特别好，没有任何破损的地方，外观也好看，好评！
2020-02-28 09:28:32,Ok
2020-03-16 13:20:03,买了一整年的，换换药一直用的白加黑和泰诺，每年缓一缓剩的产生抵抗力。
2020-02-09 12:31:07,一粒解决感冒痛苦
2019-12-08 21:17:25,买药真的很划算，基本上是根据家里人的情况来选购的，经常上火，然后偶尔感冒咳嗽，选的都是很平常的药，因为都是成年人，吃药很快就好！
2019-12-25 18:02:41,药挺好的，就是运费有点多了
2020-03-10 15:45:19,好红红火火恍恍惚惚哈哈哈哈哈哈哈
2020-03-30 02:25:19,好评。
2019-12-12 14:19:42,。
2020-02-20 16:52:36,好
2019-12-25 16:52:50,物美价廉
2019-12-14 19:46:54,感觉和以前的不大一样，希望是正品
2019-11-30 16:00:13,备用
2019-12-07 13:35:16,家中常备
2020-03-06 18:21:30,很好
2020-02-11 21:20:00,1号下单，当天发货。可快递。。。。最后今天11号还是我自己去拿了。
2020-12-03 22:05:21,这个冬天特别冷，感冒药必不可少
2019-11-29 06:03:30,挺好用，比药店比较便宜
2020-02-05 11:32:48,此用户没有填写评论!
2019-12-18 17:26:37,很好
2019-12-25 15:43:43,非常好(?▽?)
2020-01-04 20:03:41,挺好的，头天下单，第二天就送到，很喜欢阿里，买了好多次了。继续支持哦，比门下的大药房实惠多了
2020-02-18 07:55:46,发货快，方便，对于经常要感冒的我来说是不错的选择
2019-12-29 09:52:04,简单方便便宜
2020-05-18 13:16:26,家中常备
2019-12-12 11:29:55,。
2020-03-18 16:55:18,很不错，快递也很快，在这个疫情期间备点药是很有必要的
2019-12-01 13:23:16,买了好多药，现在不知道怎么回事，每次都会漏发，大家收货一定要点清楚。
2020-02-17 02:20:00,方便又快捷。
2020-02-25 15:04:40,很好，放家里 比较安心  特殊时期 外面也买不到
2019-12-11 08:26:58,还行吧
2019-12-15 21:52:26,希望有效果啦啦啦啦啦啦啦啦啦啦啦啦啦啦啦啦啦啦啦啦啦啦啦啦啦啦啦啦啦啦啦啦啦啦啦啦啦啦啦啦啦啦啦啦啦啦啦啦啦啦啦啦啦啦啦啦啦啦啦啦啦啦啦啦啦啦啦啦啦啦啦啦啦啦啦啦啦啦啦啦啦啦啦啦啦啦啦啦啦啦啦啦啦啦啦啦啦啦啦啦啦啦啦啦啦啦啦啦
2020-06-21 08:40:27,包装好，物流快，价格实惠，比药店便宜多了，很惊喜，质量非常好，很满意的一次购物。我会继续回购的，店家值得信赖
2020-01-07 19:35:01,推荐 怕寒怕冷浑身疼 流清涕 睡前赶紧吃一粒 恶心呕吐 霍香正气颗粒+参苓白术颗粒各一袋兑起来喝 睡前加颗快克 睡醒舒爽 长期复购款
2020-03-14 22:10:22,很快就到了
2020-02-23 14:45:24,阿里健康大药店高品质值得信赖
2020-03-01 20:07:03,搬家了，买些常用药备着，赶上疫情还以为得等些日子，没想到当晚就发货了，昨天就收到了，大药堂，保正品，放心下单，好评
2020-12-30 21:58:21,好
2019-12-06 22:18:05,挺好的
2020-03-02 17:43:49,疫情期间，不能出去买！阿里大药房给力！！
2019-12-09 13:39:14,感冒药还可以，吃了两顿病好了，比药店实惠
2020-01-03 22:48:09,家庭备药，大品牌，比较放心。
2019-12-01 22:32:06,还好吧，用了券挺划算的。客服也好好，帮忙还运费。
2020-04-20 12:33:52,????????????
2019-11-27 17:57:26,不错
2020-06-05 17:16:21,很快，特别快，就跟药店一样，下单送到想送的人身边简直是太快了
2020-04-18 17:03:25,宝贝收到了，家里还是要备一些必须药物，免得要用的时候没有，疫情期间买药还是比较困难，好多药店都没有，就是有也涨价了很多，在网上买便宜一些，也比较方便，也安全一些。而且在阿里大药房买比较有保障，看了的日期比较新鲜
2020-01-17 21:30:01,方便，品质有保障！
2020-02-16 18:40:45,此用户没有填写评论!
2020-03-13 10:15:43,好评！
2020-06-28 16:02:25,效果不错
2020-02-26 19:22:03,一般般
2021-01-13 15:11:22,非常好，比店里便宜
2020-03-04 15:16:29,已经收到，还没有吃这个东西，得病了才吃
2019-11-27 00:36:22,快，不知道怎么样，应该不会错
2020-02-27 13:09:35,买了一大堆，物流比平时稍慢，总体还是很满意。
2020-01-01 15:06:46,物流给力，价钱实惠，效果靠谱
2020-03-25 11:24:52,两天就收到了，物流很，日期到22年的
2020-02-16 19:09:15,最新日期生产的
2020-02-20 14:56:22,好
2020-03-06 22:48:04,发货快，正品
2020-02-25 07:46:48,这快递没谁了  两个月才收到货
2020-02-22 18:12:23,太贵了
2020-03-25 10:33:06,很好，和药店买的一样，家里感冒药没有了囤点
2019-12-30 19:27:19,棒棒棒棒棒棒棒棒棒棒棒棒棒棒棒棒棒棒棒棒棒棒棒棒棒棒棒棒棒棒棒棒棒棒棒棒棒棒棒棒棒棒棒棒棒棒棒棒棒棒棒棒棒棒棒棒棒棒棒棒棒棒棒棒棒棒棒棒棒棒棒棒棒棒棒棒棒棒棒棒棒棒棒哒
2020-02-25 08:46:13,比较好
2020-02-27 13:44:05,干活哈哈哈哈哈哈哈哈哈哈啊哈哈哈哈哈哈哈哈哈没事的人在一起吗哦好的呢，
2019-12-14 11:47:03,产品与平时药店的都一样，之所以在网上买是因为学校周围没有药房，学校医务室总是没开门，所以才在网上买的，在网上买的有点多，买了一百多块钱，比平时在药店里买的价格要便宜很多，产品到了之后看了下日期发现是2018年生产的，但是2021年才过期，我觉得还可以，毕竟药物的储存时间比较长
2020-04-04 20:43:38,在这家店买了好几次了，当初挑了好几家最终选择了这家，客服也很耐心，以后有需要还会再来的。
2020-01-03 09:58:48,和在药店里面买的不一样。不好用不建议购买
2020-04-27 15:28:50,第一次在阿里买 给家里备的药品 趁活动购买的 很快就收到了  日期还可以 都比较新 有些都扫码是正品
2020-01-14 14:57:15,价格很实惠，每次都来阿里买药，省了不少钱！真合适
2019-12-28 09:46:45,挺好的
2020-02-12 23:12:48,现在属于特殊时期，在家无聊就看看有什么需要买的，平时在家或是在学校发烧感冒咳嗽是比较常见的，所以就先囤着。希望大家一直都好，身体健健康康的，永远开心快乐。我们中国会好起来的，春天不远了。
2020-01-12 12:09:12,老客户了 经常从这家买
2020-03-19 17:22:30,不错。
2019-12-11 08:09:43,挺不错的 可以 哈哈哈 发货速度够快 挺好
2019-12-28 12:07:58,可以的
2020-02-14 14:01:21,好
2019-12-16 12:17:34,买来备用的，不知道效果怎么样
2019-11-24 08:22:40,质量很好，性价比不错。
2020-01-12 18:35:14,此用户没有填写评论!
2020-09-29 20:19:49,快递很快，质量棒极了，建议购买
2020-02-13 14:36:42,这是一次非常满意的购物，虽然是因为疫情没有及时到货，也是感谢他们，店家非常不错，包装也用心，以后还会订购
2020-02-29 09:39:39,好
2020-03-05 01:25:34,囤货用的不知道咋样 家庭药箱必备
2020-01-28 09:59:13,是真品
2020-02-24 15:51:10,疫情开始之后买来预防的，发货快，价钱合理，物流也给力，虽然没有还没有用到，以备不时之需，买了很多药，预防感冒流感也可以，满意。
2020-06-08 18:39:28,药很好
2020-09-13 18:36:08,很好
2019-12-24 23:25:13,很不错
2019-12-16 08:22:15,已收到，很好
2020-02-19 07:28:01,可以
2020-04-25 20:15:54,不错，挺好的。。。。。
2019-12-17 18:43:59,卖家发货快，还可以，好评。
2020-11-07 13:31:17,双十一买的划算
2020-05-07 22:30:08,阿里健康大药房药品种类多，品质有保障，买药很方便，疫情期间一次性买了好多家庭常备药，放家里屯着感觉有安全感，心里踏实，快递发货快，网上买药真的很方便！！！ 阿里健康大药房药品种类多，品质有保障，买药很方便，疫情期间一次性买了好多家庭常备药，放家里屯着感觉有安全感，心里踏实，快递发货快，网上买药真的很方便！！！
2020-03-03 18:12:53,药品齐全，就是疫情期间快递太慢了。
2020-06-17 20:50:06,很好
2020-03-07 20:29:10,好评，不用跑药店就可以买到快克，真是及时雨啊
2020-03-15 13:33:23,好
2020-03-02 16:34:14,快克复方氨酚那敏颗粒，头痛，鼻塞，流涕，发热，感冒。
2020-02-20 10:14:08,受到疫情影响，发货速度慢了些，快递在路上时间也慢了一点，这可以理解的。收到后包裹没有破损，这点非常好。拆开后感觉宝贝挺好的，没有什么质量问题，包装设计什么的都挺不错的。客服态度也不错。这次活动买真得很优惠，我又另外买了好多，质量也很不错，亲朋好友都说很好，找我要链接，哈哈哈哈哈，可惜没我买的时候的那么优惠咯
2019-12-13 23:31:55,速度超快，家中常备
2020-01-13 17:17:18,买过几次了，一般都是隔一天后送货上门，服务不错，就是什么时候能免邮就好了
2020-05-30 09:26:58,很好
2020-03-17 11:13:38,拍了一千来块钱药，漏发了一盒美林和两盒小儿解感颗粒，联系卖家无数次，要不不搭理要不不承认，我真是醉了，我买你那么多药我跑这儿骗你那两盒药？!之前看有买家说卖家漏发不承认我还没重视，以为个别现象呢，没想到自己还真遇到了，我肯定投诉到底!这样无良又霸道的商家真是第一次见!
2020-08-05 19:06:28,买来备用的 不知道好不好
2020-06-15 23:10:07,效果不错
2020-03-25 21:20:22,很好
2020-02-18 18:16:41,己购买多次，习惯性好评！己购买多次，习惯性好评！
2020-02-23 12:15:46,很方便，现在药店都买不到药了
2020-02-15 22:39:12,很快
2020-05-31 16:25:10,快递速度真快，及时送达了。好好好好好好好好好好好好好好好好好好好好好好好
2020-11-12 09:42:31,可以
2020-06-01 15:19:57,买来预防的，希望都用不上
2020-07-06 22:20:50,正品发货快
2019-12-06 13:15:27,物流蛮快的，就是药买重了，
2019-12-08 22:43:52,很好
2020-03-08 16:24:29,收到了，鼻涕就不流了。也就放着了。
2020-02-23 16:48:24,比在实体店买优惠
2020-02-18 20:31:14,不错
2019-12-27 21:40:49,还没使用，备着的！还没使用，备着的！还没使用，备着的！还没使用，备着的！还没使用，备着的！还没使用，备着的！还没使用，备着的！还没使用，备着的！还没使用，备着的！还没使用，备着的！还没使用，备着的！还没使用，备着的！还没使用，备着的！还没使用，备着的！还没使用，备着的！还没使用，备着的！
2019-12-17 05:33:17,好评
2020-01-11 07:45:11,第一次在网上买药，感觉还很不错滴????????
2019-12-14 20:10:32,很实惠，非常满意！
2020-08-06 23:57:44,阿里药房的药最放心了，都是正品，推荐
2020-03-29 07:56:19,非常满意，价格实惠
2020-04-02 00:01:38,阿里买药值得信赖 非常满意 快递快
2019-12-31 08:23:51,感冒药，换季必备。
2020-03-13 23:11:01,买来家里备用的，是正品。
2019-11-28 17:46:34,效果不错，治疗我的感冒！
2019-12-16 12:44:21,好好好
2020-02-18 12:49:24,好评
2020-04-02 14:37:19,应该是正品吧，毕竟阿里巴巴自营
2020-08-19 18:09:27,吹空调冻到了，买完药，感冒也好了，所以还没吃
2020-01-12 16:38:52,挺好的
2020-02-17 16:24:05,家庭备用药
2020-02-24 13:44:51,很棒，特殊时期还能送到手不错了
2020-06-13 22:51:56,宝贝收到，快递员很速度，本产品和我在网上看到的一莫一样，商家服务太度也好，本品对感冒疗效不错，一粒解决问题，很给力，我给五星好评，望商家生意兴隆
2019-12-19 14:02:06,比药店贵，图方便，还要运费
2020-09-02 16:01:55,很好
2020-11-09 18:30:36,物美价廉！正品，常备。
2019-12-28 11:32:01,其他药日期新鲜，但这三盒快克是去年的！
2019-12-02 12:40:25,我也不知道改写些啥！反正很好用就是啦！我也不知道改写些啥！反正很好用就是啦！我也不知道改写些啥！反正很好用就是啦！我也不知道改写些啥！反正很好用就是啦！我也不知道改写些啥！反正很好用就是啦！
2020-12-13 18:27:13,很好
2020-02-22 16:18:17,还不错 蛮好的
2020-05-25 05:57:00,好
2019-12-07 16:15:55,价格比实体店便宜，价格也挺实惠，客服服务态度一般，中间出现一点小插曲，有点闹心
2019-12-20 19:26:24,终于收到我需要的宝贝了，东西很好，是一次满意的购物经历，很满意。东西正是我需要的，收到的时候包装完整，打开后让我很惊喜的是，实物比我想象中的还要好！不得不竖起大拇指。下次有需要的时候我还会再来的，到时候希望还是像这回一样。
2020-10-09 18:30:29,好
2019-11-25 20:00:36,阿里药店品种齐全，，方便。
2020-03-04 12:13:58,好评
2020-10-09 21:42:36,宿舍要备好的药，我们学校太冷了，而且药太贵，卖家态度非常好。
2020-02-20 18:37:19,备用
2020-03-30 13:46:46,疫情期间，买了一堆日常用药放在家里备用，不用出门还为国家做贡献。
2019-12-13 14:36:06,喜欢好评，一贯好评。 买来备用的，客服推荐的，也不知道效果如何。
2020-05-08 15:56:15,挺好的
2020-02-02 12:49:30,这边药店医院居然都没 只能网上买 物流很快隔天到咯
2020-02-17 16:17:32,很好，实惠
2020-03-04 13:54:15,还不错，便宜实惠。
2020-04-30 20:32:30,东西很好。发货迅速，快递很快。
2020-03-01 07:48:14,快，准，狠
2020-03-14 12:53:48,此用户没有填写评论!
2019-12-22 21:36:12,"真的超级喜欢，非常支持，质量非常好，与卖家描述的完全一致，非常满意,真的很喜欢，完全超出期望值，发货速度非常快，包装非常仔细、严实，物流公司服务态度很好，运送速度很快，很满意的一次购物"
2020-03-04 15:13:17,疫情期间到货速度还能么快，非常满意，药店都不让卖感冒药，还是网上方便，备点感冒药肯定没错的
2020-03-02 14:37:07,满意
2020-02-19 17:34:22,等的我好心急，幸好到货了。特殊时期可以理解。买药信任阿里药房
2020-05-09 06:51:22,家中必备
2020-05-02 22:33:46,满意，比药店便宜
2019-12-02 10:19:25,买了不少药，什么都有。家里必备的。小朋友的比较多。有点流鼻涕什么的不用去医院了。喝两包就好了。有了小朋友感觉自己都成半个医生了。
2019-12-29 18:27:12,挺好的。
2020-03-19 12:04:00,不错哦 完整送达
2020-03-04 14:01:22,好
2020-11-06 20:50:02,挺好的
2020-02-09 12:24:48,真心方便
2020-06-06 22:42:39,日常必备
2020-02-27 19:21:54,很好，在阿里买了好多次
2020-07-25 18:14:23,发货快，包装没问题，来过好多次了，划算方便
2019-11-30 12:48:26,广东要冬天了，囤货&hellip;
2019-11-24 09:42:48,好用，备用买来，
2020-07-02 22:08:46,比实体店便宜啊
2020-02-16 14:22:08,他们的服务态度真的是日况愈下。买几年药了，一点新变化完完全全都可以感受到！！！
2020-03-14 17:19:43,价格真的比药店实惠
2020-03-12 13:23:52,一如既往的快，质量也放心。妥妥的好评
2020-03-25 20:29:37,发货很快，特殊时期能买到备用药，真好！！！客服服务也特别好！很满意全5分
2020-03-11 10:27:09,差评   卵用没有而且买完之后客服就再也不理你了，付款前买家是大爷，付款后卖家是大爷 差评   卵用没有而且买完之后客服就再也不理你了，付款前买家是大爷，付款后卖家是大爷
2020-03-17 10:55:08,很好吃 好吃好吃的，好的好的好的好的好的好的好的好的好的好的好的好的好的好的好的好的好的好的好的好的好的好的好的好的好的好的好的好的好的好的好的好的好的好的好的好的好的好的好的好的好的好的好的好的好的好的好的好的好的好的好的好的好的好的好的好的好的好的好的好的好的好的好的好的好的好的好的好的好的好的好的好的好的好的好的好的好的好的好的好的好的好的好的好的好的好的好的好的好的好的好的好的好的好的好的好的好的好的好的好的
2019-12-22 00:43:17,备用药
2019-12-07 21:38:50,挺好的，网上买药就是好，云治病，药送到了我的病也好了耶
2020-02-26 16:34:49,疫情期间备用一些常用的药，挺快的
2020-12-21 16:56:43,质量非常好，非常满意的一次购物。客服有问必答，非常专业
2020-01-05 12:11:28,不错
2020-03-22 23:58:53,挺好
2020-11-14 18:42:32,好
2020-01-13 21:29:46,??????????????????????????????????????????
2020-02-27 09:08:14,宝贝很好，是正品的，以后还会来光顾的。
2020-10-03 14:29:17,日期一年前的
2019-12-08 19:10:53,阿里的东西还是不错的。
2019-12-03 15:30:31,方便快捷
2019-12-19 11:40:35,可以
2019-12-02 16:48:28,都是常用的药品，质量没得说，很好。
2020-10-17 18:55:42,超级棒发货很快
2020-04-15 12:37:52,备用着
2020-01-01 18:46:56,好
2020-01-19 14:41:59,在阿里药房买了好几次，自己想买啥就买啥，省的去药店，推荐一堆，价格也实惠，很赞
2021-01-15 13:08:55,压坏了
2021-01-23 14:59:13,好
2020-02-23 14:42:19,备着
2020-02-25 12:09:03,还不错
2020-01-15 22:16:41,还可以还可以还可以还可以还可以还可以还可以还可以
2020-01-17 10:25:46,囤货
2020-01-05 15:24:36,还行吧，三天到货，日期还算比较新。 药店就比天猫超市差在了物流
2020-01-01 21:34:40,好
2020-02-13 00:37:08,很快收到货，非常好的卖家
2020-07-13 08:35:35,??????????????????????????????????????????????????????????????????????????????????????????
2020-03-03 13:46:05,阿里自营大药房放心，支持扫码验真品，防止买到假冒伪劣的药品，发货很及时特别快，两天就收到了，全新未拆封，买回家来备用，日常感冒用药，头疼脑热日后也方便！！！
2019-12-04 18:30:10,发货特别快，第二天就到了
2020-07-16 18:32:24,好评
2020-05-21 06:24:03,不知道效果，备货
2020-01-04 19:28:53,好
2020-04-08 12:00:16,速度很快
2020-03-20 12:22:10,此用户没有填写评论!
2019-12-09 18:48:42,挺好了
2020-10-06 15:31:14,.
2020-04-30 20:11:54,发货及时，价格优惠，质量不错。
2020-09-15 09:58:22,网上下单方便，价格也不贵。正品！
2020-03-19 11:41:00,其他的不想说，这个物流同城的，居然送了一周，我也是醉了。平时一天就到了。
2020-04-03 21:18:35,好
2019-11-30 21:52:49,好评好评
2019-12-06 16:11:09,效果挺好的，好评
2020-10-06 15:32:43,.
2020-07-02 22:36:37,继续买
2020-10-20 14:23:13,好
2019-12-16 21:34:59,家庭备用，价格不贵。
2020-10-05 22:06:47,买来备用，换季很容易感冒
2020-11-05 14:34:31,备用
2021-01-31 17:56:04,发货快，还便宜
2020-02-24 19:55:14,老顾客，一如既往的好
2020-01-08 13:48:51,家里一直买点备用。方便。
2020-04-21 16:15:43,好评！
2020-03-21 17:43:13,好评是必须的！
2019-11-27 00:32:16,很好
2019-11-27 17:50:03,物流挺快的，只是我还没吃过，就不评价药效了
2020-03-04 20:07:34,在这特殊时期能这么快收到真的非常不错
2019-12-11 14:34:08,好评
2020-02-15 10:51:05,便宜，实惠，而且发货超级快，意外惊喜!
2020-03-10 13:04:16,药品收到了，包装完好。家里备用。
2020-02-24 17:17:46,好
2019-12-23 20:10:50,流感横行的季节，备点常用药，买了清开灵，连花清瘟胶囊，复方氨酚黄那敏，快克，蒲地蓝等。
2020-04-11 11:11:17,囤点常用药，备用，是正品。
2020-02-28 13:17:17,好，很好
2020-06-28 20:16:07,买点常用药 以备不时之需
2020-07-12 17:55:23,物美价廉 来对了
2020-08-14 22:39:35,好评
2020-09-20 12:59:26,还没吃，买来备着点
2020-03-06 23:42:32,你这样做什么了吧唧嘴打，好的，好的好的吧？我是不是好久没来不及了没有的时候回来的晚
2021-03-20 09:24:01,很好
2020-06-06 17:27:01,非常好
2020-11-04 10:41:16,好
2020-10-10 12:49:09,好
2019-12-18 13:34:46,啦啦啦哈哈哈哈哈哈哈哈哈哈哈哈哈哈哈哈哈哈哈哈哈哈哈哈哈哈哈哈哈哈哈哈哈哈哈哈哈哈哈哈哈哈哈哈哈哈哈哈哈哈哈哈哈哈哈哈哈哈哈哈哈哈哈哈哈哈哈哈哈哈哈哈哈哈哈哈哈哈哈哈哈哈哈哈
2020-10-26 18:35:39,和药店买的一样价格便宜不少
2020-04-28 14:06:50,加油加油加油加油加油加油加油加油加油加油加油加油加油加油加油加油加油加油加油加油加油加油加油加油加油加油加油加油加油加油加油加油加油加油加油加油加油加油加油加油加油加油加油加油加油加油加油加油加油加油加油加油加油加油加油加油加油加油加油加油加油加油加油加油加油加油加油加油加油加油加油加油加油加油加油加油加油加油
2020-03-10 18:14:15,性价比高
2020-03-15 22:02:37,我们这的药房都不卖感冒药咳嗽药拉肚药，没想到阿里可以买，太棒了，速度也快！
2020-05-09 17:53:12,发货特别快，备用药，其实是买来凑单的
2020-10-26 08:10:54,好用
2020-07-05 09:44:01,好评
2020-04-02 07:13:47,好好好好好好好好好好好好好好
2020-11-06 20:32:10,好
2020-02-18 13:57:04,好
2020-10-17 16:36:06,很好很好很好很好很好很好很好很好很好很好很好很好很好很好很好很好很好很好很好很好很好很好很好很好很好很好很好很好很好很好很好很好很好很好很好很好很好很好很好很好很好很好很好很好很好很好很好很好很好很好很好很好很好很好很好很好很好很好很好很好
2020-11-08 17:52:29,不错，是正品，常备药备点。
2020-03-26 19:40:52,价格合理！快递兄弟辛苦了！物流很快！效果不错！
2020-11-18 20:36:35,挺好的，冬天我经常感冒，预防一下！
2020-02-17 12:12:33,挺好的
2020-02-18 21:47:39,效果不错，第二次买了
2020-02-18 21:59:34,买来备用
2020-02-29 21:29:30,通过这次疫情也在反思，常备药一定要准备齐全
2020-03-18 15:45:57,买来备着
2020-02-24 17:51:12,货真价实，值得信任。
2020-03-04 20:53:40,很棒很棒很棒很棒很棒很棒很棒很棒很棒很棒很棒很棒很棒很棒很棒很棒很棒很棒很棒很棒很棒很棒很棒很棒很棒很棒很棒很棒很棒很棒很棒很棒很棒很棒很棒很棒很棒很棒很棒很棒很棒很棒很棒很棒很棒很棒很棒很棒很棒很棒很棒很棒很棒很棒很棒很棒很棒很棒很棒很棒很棒很棒很棒很棒很棒很棒很棒很棒很棒很棒很棒很棒很棒很棒很棒很棒很棒很棒很棒很棒很棒很棒很棒很棒很棒很棒很棒很棒很棒很棒很棒很棒很棒很棒很棒很棒很棒很棒很棒很棒很棒很棒很棒很棒很棒很棒很棒很棒很棒很棒很棒很棒很棒很棒很棒很棒很棒很棒很棒很棒很棒很棒很棒很棒很棒很棒很棒很棒很棒很棒很棒很棒
2019-12-19 14:33:06,一次买了好多常用药，家里备用，正品，价格比实体药店便宜，好评！
2020-03-19 12:23:04,送货很及时，多每年都要备点药，板蓝根要多喝喝
2020-02-28 13:00:19,谢谢！
2020-02-19 22:28:46,快克感冒药挺灵光的哈哈哈哈哈哈哈哈哈哈哈
2020-11-19 20:05:27,买过第二次了还可以噶。。。
2020-02-05 21:07:18,好评
2020-06-27 17:10:33,和描述的一样，很好。
2020-11-16 21:19:27,非常好
2020-11-22 00:33:07,还不错
2019-12-29 07:49:56,家中常备
2020-03-26 19:36:11,好
2020-01-06 09:34:42,正品，阿里药房值得信赖，正品，阿里药房值得信赖，
2020-03-31 21:18:51,不想出门的时候觉得阿里大药房真的奥利给！
2020-05-24 21:32:59,家用常备??
2020-03-17 22:32:01,和药房价格比差不多
2020-03-01 12:58:02,好
2021-02-01 12:59:29,家中必备
2020-01-05 23:09:55,放家里囤着的，应急
2020-05-06 16:18:18,不错。要感冒吃一粒
2020-01-12 14:16:39,此用户没有填写评论!
2020-06-10 18:57:59,感冒用快乐，见效快，疗效好！
2020-02-24 15:26:47,买来备用的
2020-03-28 01:01:57,凑单买的 还可以哦 好评
2020-03-18 21:49:38,快递好神速
2020-02-15 20:09:24,买来备用  药店都关门了
2020-09-17 12:49:11,东西收到了，物流真心的快，，和超市的一样，价格却比超市的便宜很多，是正品，可以放心购买，下次首选这家店铺。很满意的一次购物。
2020-03-09 22:09:14,挺好的
2020-01-10 22:10:55,囤货备用中 又实惠 外面实体店价格贵一些
2020-03-08 11:03:04,很满意
2020-03-08 19:17:44,不错不错速度很快！好评！一直这里买！
2020-03-25 12:56:52,感觉还是可以的，使用起来也是很顺心。比较推荐购买。希望良好的评价。
2020-11-21 20:40:06,不好意思，评价晚了。很好，质量过关，价格也实惠，发货神速，有需要会回购，五颗星鼓励。嘻嘻。
2020-07-05 09:22:21,有人乖乖吃药就好
2020-12-06 23:16:31,家中常备感冒药。价格不贵邮寄到家
2020-04-20 12:35:16,不错
2020-01-17 13:22:44,买了一堆感冒药，备着
2020-10-09 18:29:05,很好
2020-04-11 13:30:40,这个时期感冒不的了 买来囤起预防感冒
2020-12-13 01:31:07,好评
2020-10-13 11:30:02,快递说隔天到才买的，结果我病都好了才到
2020-03-18 14:16:36,还没用。999感冒灵冲剂买6盒送指甲钳套装的，一直就不发货。虚假了吧。
2021-07-03 22:48:10,一直在买
2020-01-06 13:42:14,??
2020-04-11 17:05:33,此用户没有填写评论!
2020-01-18 17:06:16,好
2020-04-15 19:15:21,很好
2020-03-13 20:49:52,昨天有点打喷嚏，吃了一颗感觉好多了。
2020-11-28 23:57:45,物流很快，有需求会回购。价格划算，非常好
2019-12-26 17:20:16,效果不错
2020-10-10 19:12:22,好
2019-11-24 07:03:07,挺好
2020-08-22 12:05:38,正品
2020-11-26 16:36:01,发货速度很快，卖家服务也好，目前很满意特别满意，好评必须好评
2020-11-23 11:31:27,发货快，质量很好，好评
2020-01-30 00:18:19,网上购药备用还是挺方便，价格也便宜实惠一些！
2020-02-26 16:27:26,收到。
2020-03-06 09:15:57,不错，是正品～～～～～～
2020-01-10 19:17:39,应该是正品
2020-03-01 02:27:05,很好
2020-02-22 10:55:29,好评
2020-03-22 14:54:02,物流超快
2020-02-28 16:44:55,备用
2020-02-20 19:17:37,此用户没有填写评论!
2020-06-08 11:21:49,不错
2020-02-18 12:53:52,物美价廉，全五分好评。
2020-03-03 07:24:51,发货很快！
2020-10-25 15:52:59,还可以，发货挺快的，有的比药店便宜有的贵一点能接受
2020-05-13 16:46:20,还没吃，不知道效果
2020-05-22 13:36:45,吃了一次感冒就好了
2020-03-26 21:08:32,很好！是真货！
2020-02-12 18:04:37,此用户没有填写评论!
2020-02-14 19:40:07,物流很快，发货也很快，特殊时期，给家里屯点
2020-02-20 14:32:36,好评，
2020-03-09 21:54:58,东西很不错，物流很快，大胆买买买就对了
2020-08-08 16:59:37,还没用，买来备用，价格合适性价比不错，老客户回购
2019-12-29 16:29:52,图了省事，上网买了
2020-09-15 14:06:37,买来备用的！！速度超快
2020-03-30 12:32:35,好评满意好评很方便挺好用的好评满意好评很方便挺好用的好评满意好评很方便挺好用的
2019-12-30 13:19:05,好
2020-11-26 00:57:01,不错
2020-07-17 15:36:56,五分
2021-04-09 20:13:12,*******
2020-01-14 12:21:35,速度不错，与图相符。
2019-11-25 08:26:42,物流很快
2019-11-26 14:25:43,好
2019-12-14 13:45:39,买来备着
2020-09-22 15:47:15,挺好的 买了很多药放在宿舍以备不时之需
2020-02-07 14:49:54,在全国都在抵抗肺炎疫情的情况下，到货很快，这种情况下给快递和商家大大的赞
2020-03-26 16:37:12,好
2020-09-06 08:19:21,这个是真的好，材料和做工都特别精致，做工真的非常棒，我觉着我可以推荐给我朋友买
2020-06-26 17:22:08,我没有感冒，买z这个是为了备用的
2020-03-01 19:12:46,物流很快！都是正品！好评
2020-02-17 15:50:53,阿里大药房发货及时迅速，服务优秀。圆通快递前前后后寄了长达25天，由于春节期间，又遇上特殊疫情时期，应该互相理解，于是耐心等待，并且到当地物流点自提。
2020-01-19 21:02:55,发货快，比药店还便宜。东西也是正品。好好好！
2020-02-21 11:28:43,速度是真快，非常时期很不错了
2020-01-07 08:50:22,很好
2020-02-29 12:37:59,很好，太棒啦??
2020-04-09 20:27:36,挺好
2020-01-01 18:13:03,好
2020-10-24 17:17:17,副作用太大，治病和副作用相抵消，甚至副作用带来的困扰比疾病本身更大！
2020-02-24 10:11:43,good..??????东西不错，非常棒，值得二次回购。性价比高，满意、十二分的满意。关键是包装的非常好，品牌的就不一样。客服态度很好，推荐给亲朋好友。??????&nbsp;  &quot;生活本身就不是尽善尽美的，也正是因为有缺憾，才显得是那么的多姿多彩。 接受生命中的不完美，因为这个世界上，本来就没有十全十美的事情。&quot;
2020-03-04 13:48:10,好
2020-11-02 11:10:24,还行吧，备用的
2020-02-18 09:57:06,质量很好，，，，，，品质很好，，，，
2020-12-02 10:23:26,备的感冒药。
2020-12-01 23:09:59,。
2020-03-21 20:44:31,此用户没有填写评论!
2020-04-26 19:34:47,很好很好
2019-12-19 21:48:20,药品是正宗的可以扫防伪码，收到吃了几粒当晚鼻塞，第二早上见效了。
2019-12-28 16:03:37,挺好
2020-10-15 08:07:06,不错，正品
2020-06-08 08:12:25,挺好
2020-01-11 22:09:38,效果不错
2020-11-16 23:10:27,正品
2020-03-13 16:17:21,好，物流有点慢
2020-11-27 18:18:40,不错
2019-12-02 10:38:54,跟其它宝贝一起买的，凑单的，家里面也需要常备的感冒药
2020-01-20 11:03:10,配送速度特别快，必须点赞。买了好多次，家里的常备药都在这里买的，其实有活动还是可以的，就是宝宝的药比医院的贵，有些药也是，也不知道就便宜，还是可能宝宝的药直接过了医保的，。不过总好过跑去医院或者药房配，总之还是省时间省事的，蛮好的??
2020-09-01 23:12:03,很好
2019-12-30 05:26:30,物美价廉啊，经常搞活动，价格实惠。物流快
2020-11-02 22:06:31,??
2020-08-16 19:52:01,非常的方便。比实体店便宜。
2019-12-04 18:13:38,药完成药店便宜，送货快，方便，好评！
2020-03-10 17:26:02,辣鸡辣鸡   千万别被骗了   只要货到你手里就算 一堆废品也不会给你售后的   望淘友千万别被这家骗了
2019-12-01 13:58:37,都是囤货的，好多都没用，不好多做评价，应该是正品吧！
2020-08-23 21:14:12,备用，买了一堆，不错，挺方便的，物流也快，就是有两盒药2020年的保质期。
2020-07-20 16:28:32,凑合，不对症
2019-12-10 11:54:38,不行
2020-03-03 07:53:54,还行
2020-08-25 11:40:13,挺好的??
2020-02-16 00:11:33,所有的一切痛都会过去的！ 所有的美好都会如约而至
2019-12-30 09:47:04,在这里买了很多次啦&hellip;&hellip;发货快&hellip;&hellip;经济实惠&hellip;&hellip;哈哈哈哈&hellip;&hellip;
2020-06-15 21:23:37,外面药店都买不到了，买到的吃了都没效果。
2020-08-20 16:33:39,物流超快，效果很好。
2020-12-07 08:41:29,挺好
2019-12-19 10:19:32,速度快，囤货中
2020-03-06 17:01:56,家庭备用
2020-11-30 21:58:21,很满意
2020-03-04 18:27:52,送货快
2020-09-22 08:24:51,好评物流超级超级快！质量也非常不错，的确物有所值(*^__^*)非常满意的一次购物，物有所值，比实体店里实惠多了！
2020-02-24 19:36:51,因为是特殊时期快递等了快一个月，还是很感谢能送到
2020-03-17 16:12:28,包装挺好
2020-03-19 19:08:37,口腔溃疡，为了用券儿，买了一堆药，快二百块钱，第三件零元还没看见，好亏啊。极度不认真！但是阿里的药真的是超级便宜啊，比药店便宜好多。。。
2019-12-29 19:51:38,不错不错！方便
2020-01-05 08:46:56,包裹收到，快递蛮快的，用了才来评论的，效果不错呢，好评好评
2020-03-18 11:09:12,不错
2020-04-21 09:51:33,备着
2021-01-26 19:45:08,是正品，和实体店一样，价格还优惠，果断转粉
2020-02-11 12:30:52,好
2020-11-09 17:43:59,好极了好极了好极了好极了好极了好极了好极了好极了好极了好极了好极了好极了好极了好极了好极了好极了好极了好极了好极了好极了好极了好极了好极了好极了好极了好极了好极了好极了好极了好极了好极了好极了好极了好极了好极了好极了
2020-02-24 20:42:47,应该是正品，比实体店买的便宜多了，以后就在网上买了
2020-10-08 11:56:40,东西非常棒，这是第二次买了，质量特别好，物美价廉
2020-08-25 22:15:58,家中常备
2021-01-12 11:39:31,年前感冒的比较多  家里要常备着点   日期都很新   包装的还行吧
2020-11-08 17:13:48,ok
2020-09-16 10:01:04,好
2020-01-08 19:08:06,第一次阿狸买药，因为医院里没有医生开的药，让网上买，想起来阿里了。凑单屯了干感冒药，阿狸挺方便实惠
2020-03-09 09:49:48,一如既往的好
2021-02-02 15:32:07,好
2020-06-26 14:03:17,店家发货速度很快，宝贝跟图片上一样好，非常喜欢
2019-12-04 08:37:19,不知道为什么我吃了这个感冒药都没有用，买了两种都不太管用
2020-04-25 17:52:34,包装完好，发货很快！
2020-07-28 22:38:11,包装的很仔细呀，也没有任何破损和瑕疵！发货速度很快！嘻嘻，卖家的态度也很好，热情有耐心耶！快递叔叔送货也不会把东西乱丢在门卫，会打电话通知！嘻嘻，会继续回购哒！
2020-03-30 15:57:01,还不错，实惠，在备药。我感冒用这几种，一两天就会好。
2020-11-09 17:03:47,包装特别仔细 我检查了一下没有任何破损 商品还没使用。等用的好了 我就来追平
2020-12-10 09:19:18,药??不错，包装完好，快递师傅也很给力??
2020-04-05 00:26:43,发货很快，物流也给力
2020-02-15 11:06:24,还行，有需要会经常来的～
2020-04-30 12:38:07,好评。
2020-10-18 15:51:57,性价比高，配送速度快，马上疫情反扑，提前备好各种常备药。
2020-05-21 20:52:20,好评
2020-08-25 13:53:15,宝贝收到了，包装很结实，应该是个好东西，先给好评了
2019-11-25 14:44:03,此用户没有填写评论!
2020-02-10 19:32:26,啊里药房买的产品值得信任，买的都是四季常备感冒药，疫情期间仍保持发货，点赞
2020-09-12 21:52:04,家庭必备
2021-02-07 09:19:08,东西不错，包装完美，下次再光临
2020-01-15 13:11:02,此用户没有填写评论!
2020-11-02 11:52:44,第一次在阿里大药房买，真心方便
2020-02-25 12:09:49,不错
2020-10-09 12:17:23,生产日期是19年的。。
2019-12-05 11:07:07,速
2019-12-31 22:01:12,好
2020-01-03 13:47:45,先生产的批次应优先发货&hellip;&hellip;&hellip;&hellip;日期不是很满意，虽然在有效期内
2020-03-04 20:25:16,不错，疫情期间送货及时，不错，疫情期间送货及时，不错，疫情期间送货及时，不错，疫情期间送货及时，不错，疫情期间送货及时，不错，疫情期间送货及时，不错，疫情期间送货及时，不错，疫情期间送货及时，不错，疫情期间送货及时，不错，疫情期间送货及时，不错，疫情期间送货及时，
2020-02-17 17:13:09,已多次购买
2020-02-19 08:06:11,好评。
2020-07-13 20:09:38,要是一个人，能充满信心地朝他理想的方向去做，下定决心过他所想过的生活，他就一定会得到意外的成功。
2020-07-20 01:48:58,满意
2019-12-05 17:07:58,阿里健康买药放心，应该不会有假药。
2020-09-15 02:27:55,不错，好评
2020-09-05 23:30:16,宝贝收到了
2021-01-07 16:57:06,在阿里健康大药房购物很放心，可验证，全5星好评！
2020-11-23 17:55:23,好评
2019-12-11 22:08:29,商家发货快，使用方法也发过来了，非常好
2020-04-10 19:48:18,常备药物，物流很快给力
2020-03-23 20:14:10,由于药店买不到，疫情期间囤货的，买的太多了
2020-11-18 21:58:47,质量很好
2020-11-21 10:56:20,好
2020-11-26 10:32:33,很好不错五星推荐
2020-12-04 21:52:03,昨天下单，今天就收到了，超级给力，本来是想在楼下药店买的，结果店员不在，看看家里还有一点，应该够两三天，就在网上买了，没想到速度这么快，日期也很好，而且比实体店便宜
2020-02-22 20:18:53,不错
2020-03-17 19:18:26,还可以
2020-03-10 23:09:59,还没用过，用过再追加评论。
2020-12-13 22:10:53,感冒药备着
2020-12-14 18:01:47,好
2020-03-23 21:00:45,还没吃
2021-01-29 18:07:52,不太爱评价，但这个是真的棒！质量很好，做工细致，包裹很严实，快递服务态度好，绝对好评！
2020-05-27 17:28:14,屯着
2020-05-09 20:51:47,疫情过去了买来备用的，很实惠货品也全，挺好的
2020-03-26 11:18:33,一如既往的好，家里备一点以防换季感冒
2019-12-17 08:06:44,好评全部五分
2020-10-24 00:48:32,东西很喜欢，质量也很好的，这个价格能买到是真的很划算！
2020-03-08 17:50:59,发货快服务好
2020-10-07 12:28:02,出了要加邮费没毛病
2020-09-26 20:38:39,送的很及时
2019-12-15 21:20:14,"药效很好，吃了身体舒服多了，不然太难受感冒，质量非常好，与卖家描述的完全一致，非常满意,真的很喜欢，完全超出期望值，发货速度非常快，包装非常仔细、严实，物流公司服务态度很好，运送速度很快，很满意的一次购物"
2020-01-03 16:37:03,好
2020-10-16 21:15:21,囤货中
2020-04-09 13:37:54,感冒药跟药店买的不一样，这个吃上啥感觉也没。。一点不管用。
2020-12-09 17:46:23,此用户没有填写评论!
2021-01-22 20:25:45,阿里大药房真的挺方便的，家庭常备药都有，服务咨询很专业，也蛮贴心的，这里买药很放心！
2020-06-22 16:48:44,满分好评
2020-11-10 08:11:07,不咋样，吃玩了，还在感冒??????????
2020-10-30 17:29:11,都是感冒发烧常用药，买了一大堆，大人小孩的都有，比较方便，快递也很给力，有需要还会继续光顾的
2020-09-21 14:26:47,常在阿里买药。价格跟外面实体店一样，也是正品。发货也很快。
2020-09-20 07:41:49,挺好的
2020-12-03 13:53:27,方便快捷，常用备用药都在这买
2020-10-02 16:48:26,不知道真假
2020-03-12 10:35:54,挺好的
2020-11-12 13:24:11,好评
2020-11-12 08:44:04,老牌子的药了
2019-12-31 04:18:13,买了没几天老公就感冒了刚好用上刚需
2020-02-25 12:06:09,家里常备药
2019-11-29 16:24:52,喜欢阿里健康，买药方便还便宜
2020-11-28 12:09:31,很好
2019-12-06 19:03:28,备了好多药，药比店铺里便宜好多，家中常备一切经常用到的药，很不错，快递包装也漂亮，好评
2019-12-26 10:51:09,不错，第二次购买了
2020-03-14 00:18:53,很多家庭常备药，再也不用到处找药了
2020-10-21 17:32:47,价格良心。常备一些预防感冒
2020-11-17 11:18:58,挺好
2020-02-28 17:35:33,速度非常快，价格也很实惠，阿里大药房真的是惠民的好电商。
2020-02-27 15:29:29,特殊时期，备点常用药，避免到医院、药店。很方便，非常满意。
2020-08-19 19:05:15,好
2020-11-24 15:51:40,好好好好好ヾ ^_^?
2020-01-12 11:25:19,此用户没有填写评论!
2020-04-02 07:56:19,好
2020-11-08 10:54:14,此用户没有填写评论!
2020-10-17 16:15:39,好
2020-10-27 02:02:36,非常好，五星好评，有需求会回购。
2020-02-20 19:34:26,家里常备，感冒吃这个很灵
2020-11-17 09:49:39,很好，包装严实，价格实惠，物流快
2020-01-10 09:52:11,发货速度很快，还便宜，一次愉快的购物
2020-02-22 15:40:28,很好用
2020-11-10 18:05:05,很好不错五星推荐
2019-12-05 23:05:29,家中常备药品
2020-10-31 16:39:30,还可以吧
2020-09-20 17:25:30,好
2020-03-21 19:42:59,此用户没有填写评论!
2020-03-18 13:54:00,不错
2020-04-02 23:28:34,不错很好
2020-10-08 10:17:34,可以??
2020-11-09 19:40:11,感冒药家中常备，信赖阿里大药房。活动入手，价格实惠。发货快，物流速度。总体，满意，有需求会回购，祝店家生意兴隆。
2020-02-19 20:03:31,好
2021-01-07 11:18:37,挺好的！
2021-01-10 20:58:03,很好
2020-06-03 12:29:39,可以
