2021-11-19 21:21:19,配送方便，比实体店划算，正规平台也放心购买。
2021-11-14 22:18:30,买了一大堆常用药，以前在阿里买过药，所以放心屯??
2021-11-18 15:06:14,方便快捷，天猫大药房，希望把好质量关，不忘初衷五颗星星
2021-11-18 15:34:00,买来备用的，价格实惠
2021-10-29 09:46:57,此用户没有填写评论!
2021-11-18 12:48:42,很好无破损
2021-11-15 11:44:42,比实体店品牌种类多，还便宜，网上买两天也就到了，很方便
2021-11-15 19:33:27,天猫超市买东西，真的方便又实惠，满意。
2021-11-12 12:27:12,终于收到我需要的宝贝了，东西很好，两天就到了，物流也很快，是正品价美物廉 。谢谢掌柜的！说实在，这是我淘宝购物来让我最满 意的一次购物。无论是掌柜的态度还是对物品，我 都非常满意的。
2021-11-16 14:26:18,非常好，比实体店便宜很多，一样的药，省省省钱
2021-11-09 12:02:34,话说第一次用他们家的产品，朋友说好用真的没有错。店家果然没让我失望，也多些小伙伴们介绍这家店，倘若别人看不到，那么不是浪费心血吗？谢谢店家给我提供这么好的商品，我很喜欢，下次还会在回购的！很正，很正，很正！重要的话说三遍！小桥流水哗啦啦，好商品必须顶呱呱！你要是看了必须要顶它！
2021-11-18 14:59:00,物流给力包装完好，比在药店买还便宜
2021-11-09 20:37:21,发货非常快，日期新鲜，发的顺丰，大赞，现在是我的购药首选！
2021-11-15 22:28:58,感觉比药店便宜！日期也挺好！
2021-11-18 10:15:48,家庭常备药品，阿里大药房价格便宜，品质保证
2021-11-14 20:31:06,趁有活动囤点家庭常备药品，价格很实惠，满意好评。
2021-11-19 22:35:26,日期比较新，应该是正品吧
2021-11-16 09:35:01,备用的，双十一应该便宜
2021-11-16 10:22:25,这个特别不错，效果特别好
2021-11-18 23:48:55,多次在阿里健康大药房买药了。送货快，药品真一直很满意。
2021-11-17 09:05:52,宝贝非常满意，推荐一下
2021-11-19 20:46:56,非常好，质量棒棒哒
2021-11-16 20:40:45,很好不错，多次购买了，值得信赖，喜欢好评。
2021-11-18 11:53:48,网上买药一般都在阿里健康大药房买。好评
2021-11-14 14:25:14,速度快，质量好，挺好的，价格实惠
2021-11-12 13:26:44,没想到第一次试水没踩雷!无意在网上看到的，算是有缘，又看了看买家秀评价!好评如潮!还被我发现了优惠券，那我还等什么呢，赶紧下单购买了。刚刚收到宝贝，收到好大一个箱子。包装特别仔细。整个大泡沫箱没有一点损伤。描述质量物流都OK拉。用完还来哦!希望店家多些优惠呀!
2021-11-18 16:03:49,买清咽片凑单的，哈哈哈，买几盒备着也好。
2021-11-18 18:28:16,宝贝非常满意，邮政快递速度也很快，快递小哥服务态度很好，给五星好评。
2021-11-10 16:46:46,不得不赞，质量真的好，包装物流也不错。真心喜欢，入手后不会让你后悔的！
2021-11-18 23:56:34,最近气温起伏很大，买点备家里。
2021-11-18 20:44:04,有效期到23年七月 很好
2021-11-16 10:53:52,好，家人说这个管事
2021-11-15 15:37:32,这年头家用以备不时之需！希望大家小家都平安！
2021-11-18 12:02:26,方便购买，家里备用
2021-11-17 16:59:50,备用备用！ 很快就收到了
2021-11-16 11:26:06,日常囤货，到货很快。
2021-11-17 14:24:49,发货快，包装很好，客服服务态度好。满意的购物。
2021-11-14 19:51:44,秋冬感冒多发季买回来备用
2021-11-16 18:21:14,家用必备良药
2021-11-16 17:06:50,到货很快，点赞。
2021-11-18 16:03:49,好(&acute;-&omega;-`)
2021-10-21 22:50:41,此用户没有填写评论!
2021-11-14 19:49:16,迅速，方便，货真价实，值得信赖！
2021-11-06 13:12:51,阿里健康大药房比较信赖一直都是在这里购买自己需要的药价格比实体店里便宜药品真实好还好
2021-11-11 09:18:27,在阿里大药房买药，经济又实惠
2021-11-16 19:13:41,方便放心
2021-10-30 10:16:06,此用户没有填写评论!
2021-11-17 00:18:29,这个药效好
2021-11-12 20:50:18,非常好用，价格实惠，还会再来购买的。
2021-11-13 20:25:10,速度快，东西和药店一样，奈斯
2021-11-14 16:36:10,冬天到了准备点感冒药
2021-11-16 08:50:56,挺好der
2021-11-14 15:16:38,家里备一点感冒药
2021-11-10 19:57:38,比实体店便宜很多，特别划算
2021-11-14 17:45:36,家中常备，以防万一
2021-11-11 16:30:34,常备药，阿里发货快。价格实惠。
2021-11-17 11:32:32,备用，目前没吃上
2021-11-14 12:07:35,双十一买的，家庭常备，东西挺实惠的，物流速度还可以，应该是正品。
2021-11-12 18:41:31,太神速了，晚上下单第二天下午就到了！赞赞赞！
2021-11-09 20:25:49,冬天来了，家里人都经常感冒，比药店便宜
2021-11-13 10:06:03,之前都是服用颗粒冲剂，薄荷味道比较刺鼻，买胶囊比较方便携带！
2021-11-13 14:20:44,給女儿上学备用的。第一次在阿里健康买药。
2021-11-16 12:38:26,购物上淘宝这家店，省时省钱又省心，商品琳琅满目，货真价实，服务一流。正品行货。质量绝对保证。发货神速。快递员配送服务一流。售后服务全程跟踪。消费者无后顾之忧！！！
2021-11-17 15:44:11,囤着备用的，客服很耐心的解答
2021-11-13 07:51:03,价格实惠，效果真的好
2021-11-12 10:04:47,宝贝收到，一如既往的好，正品，满意好评！
2021-11-08 10:27:05,温病初期就用药效果会更好
2021-11-18 17:10:01,商品不错，质量很好，物流很快。
2021-11-15 21:36:47,比较快，好评。
2021-11-19 08:54:03,常备之药
2021-11-19 20:53:36,很好，一直在这里买
2021-11-17 11:48:37,囤着药盒里。
2021-11-12 21:28:57,物流很快，喜欢家里备点感冒药，因为工作原因经常在冷库，有个头痛脑热的也方便
2021-11-13 22:24:37,阿里大药房应该不会卖假货，价格比实体店便宜
2021-11-18 08:24:04,双11买的，物美价廉
2021-11-11 10:25:43,很方便，比药房便宜
2021-11-11 16:35:54,物流超快，服务超好，药品日期也非常好，总之很好啦，在阿里健康大药房买过很多次了！
2021-11-18 13:33:22,速度很快！
2021-11-19 18:34:50,经常在阿里买家庭常备药。
2021-11-11 14:50:53,阿里健康大药房购药方便快捷，品类齐全。
2021-11-18 11:34:53,好是好，为什么又不发新疆了
2021-11-13 15:23:45,家里必备药，治疗效果不错，一直信赖
2021-11-08 09:28:14,非常方便，价格比药店便宜
2021-11-13 11:55:20,比药店的便宜很多，冬天容易感冒，需要经常服用，谢谢！
2021-11-09 20:08:41,退烧效果很好
2021-10-31 17:10:23,此用户没有填写评论!
2021-11-17 08:54:11,货真价实。
2021-11-19 23:58:05,物流快，价格便宜，服务态度好，非常好
2021-11-07 20:52:46,生产日期都不错，提前囤点药放家里以备不时之需
2021-11-13 19:51:20,流行感冒就用它，买来居家备用 闲时物急时用
2021-11-09 18:03:20,冬天到了，这个季节有备无患，先备上
2021-11-09 18:53:07,常用药买来囤点备用，日期新鲜。
2021-11-11 18:05:52,第一次在网上买药，种类很齐全，发货也很快，很方便！
2021-11-13 21:41:17,好评！！第一次在淘宝买药品！！比实体店便宜很多！！！
2021-11-17 14:48:29,备点药，这样就算感冒也比较安心。
2021-11-10 14:40:22,快捷！第一 次买非常满意！
2021-11-13 23:07:54,产品质量很好值得购买
2021-11-08 13:00:37,可以，先囤点药放家里
2021-11-10 12:05:55,非常满意的一次网购
2021-11-09 08:35:50,发货快，可以治流行性的感冒，冬天了备着用，赞
2021-11-11 18:58:44,正品，日期新，服务好。
2021-11-12 10:19:09,多次购买了还不错
2021-11-11 08:11:58,挺好，比药店便宜点
2021-11-11 15:53:21,是正品，效果不错
2021-11-11 14:16:52,还行吧 主要是方便了
2021-11-09 20:44:33,正品，值得信耐
2021-11-13 14:23:09,家里备一点，伤风不担心。
2021-11-13 17:03:24,不用去药房了，非常方便！
2021-11-13 10:31:10,发货速度快，性价比高，比药店便宜。
2021-11-12 18:57:04,信任阿里药房，发货也快，特殊时期，备上心里踏实，满意满意满意！
2021-11-13 12:13:48,买来备用的挺好
2021-11-09 16:30:52,方便，疗效好
2021-11-16 20:14:42,收到了，滿意
2021-11-13 14:16:31,谢谢 物美价廉
2021-11-09 10:18:17,在我们村一般是没有人会网购的，一般花钱都是十元八元的花，第一次花几百元网购的这件物品，村长都到我家找到我父亲说我是不是疯了，等到漫长的的快寄之后，开快寄的当天，村长给我家请来了当地吹唢呐的，还当天摆了几百桌，庆祝一下买了几百元的东西，当时我的自信心就瞬间爆炸，我就是我们全村人的希望，我就是我们全村人的骄傲，现在我们村我也是有头有脸的人物，非常感谢商家这么好的物品，让我现在人生巅峰，站在人生的最顶端，以后还会再来光顾你的小店，还会购买你的物品。
2021-11-10 17:23:11,收到满意
2021-11-08 19:47:54,屯货必备
2021-11-13 17:16:44,真的很好用
2021-11-10 12:41:40,特别好用
2021-11-13 00:07:48,不错(*?&acute;╰╯`?)?好评╰(*&acute;︶`*)╯
2021-11-06 22:26:36,发货快，看起来不错哦。
2021-11-08 16:19:04,非常好，速度超级快。
2021-11-13 22:14:15,是好東西
2021-11-07 21:25:08,药品收到了，很好很满意哦。
2021-11-12 07:43:25,挺好的，价格适中
2021-11-12 15:52:34,囤货 希望用不上
2021-11-09 12:24:57,给家里备的感冒药
2021-11-13 22:07:32,好评，有备无患！
2021-11-04 21:28:58,屯点常备药 第一次网购买药品
2021-11-11 20:34:59,配送超快
2021-11-09 08:19:32,很不错，存些在家里
2021-11-09 19:36:48,物流挺快的，药品真实
2021-11-13 10:22:52,买药都是阿里药房 药品正宗 价格实惠
2021-11-02 15:05:28,收到了，确实便宜又是正品，以后就不用从药房买了
2021-11-09 09:30:32,家用囤货，好评
2021-11-06 22:28:53,此用户没有填写评论!
2021-11-07 07:57:37,家庭常备药都是阿里健康买，优惠又真，真好
2021-11-10 08:17:38,非常满意！
2021-11-08 10:27:24,很好，速度很快。
2021-11-05 18:45:08,我对这个产品是认可的，这条评价代表了我的态度，我是满意的。所以我贴上了这条好评，因为自从淘宝天猫买买买之后，都不用去商场了，越来越方便，收收快递就可以了，所以我也变得越来越懒了，所以在我买的满意产品都会附上这条评价。首先，包装很好，最重要的产品很好，也是我喜欢的，大大好评。作为一个资深的淘宝剁手党，我对物美价廉的产品没有抵抗力，大家一起剁手。
2021-10-30 19:16:34,此用户没有填写评论!
2021-11-05 12:48:08,价格美丽，优惠多多，大家可以试试。
2021-11-04 22:57:17,家里备用药而已~~趁着双十一便宜~~
2021-11-06 20:41:46,家庭日常囤货系列，比较划算
2021-11-06 19:32:47,日期可以，比实体店便宜
2021-11-14 00:07:09,是正品，发货很快
2021-11-12 20:53:05,宝贝收到了！正品的药！
2021-11-05 14:01:38,家里备用，是正品，发货快，下价格实惠。
2021-11-05 07:20:07,比实体店实惠
2021-11-07 15:10:14,每次感冒服用连花清瘟胶囊恢复的特别快！！！
2021-11-04 18:07:38,这个产品和它价位相比来说，还是很合适的
2021-11-13 08:16:31,发货快。商品好。
2021-11-03 16:06:31,宝贝不错，需要会再来购买的。
2021-11-07 06:42:00,家里面必备，价格实惠
2021-11-05 17:30:28,价格比实体店便宜不少。
2021-11-05 11:44:06,药药非常及时，和药店一样！
2021-11-13 14:24:37,是理想中的产品，质量不错，物流也很快，值得点赞
2021-11-13 13:06:05,线下买药不方便  还是网上找靠谱的店买点常备药屯着省心
2021-10-23 11:57:00,品质很不错??，性价比比较高的的商品??，喜欢的亲可以直接下手不要犹豫哦??
2021-11-06 08:07:21,多次购买，是正品，很满意。
2021-10-28 20:31:51,此用户没有填写评论!
2021-11-03 13:02:06,确实比药店买便宜好多
2021-11-07 19:36:57,发货速度快，价格也实惠
2021-11-05 13:09:18,很好，实惠，货真价实
2021-11-02 20:46:00,不错，正品。发货快方便
2021-11-07 13:47:39,小感冒吃了挺有效果
2021-11-07 22:40:51,方便快捷，信赖！
2021-11-05 14:32:20,家庭必备药物
2021-11-04 11:27:23,阿里速度发货啊，很快到手上，囤货
2021-11-05 14:20:19,网上买药方便
2021-11-04 19:05:52,可以的，挺好的
2021-11-07 14:16:15,方便，省心省力
2021-10-25 14:57:24,阿里健康大药房买药品方便快捷，服务超棒，是正品，很放心
2021-11-13 13:25:04,一股凉气从内到外，感冒好了
2021-11-04 19:49:39,好评鼓励!
2021-10-21 20:43:26,已经吃了，效果还不错，没有什么副作用。
2021-11-06 20:50:29,正品行货
2021-11-06 19:00:21,谢谢客服小姐姐帮我耐心解答，服务态度满分！
2021-10-28 00:30:54,连花清瘟胶囊收到了，家庭常备药，换季早晚温差大容易感冒买了以防万一的，满意！
2021-11-07 15:03:50,特殊时期，家中备货
2021-11-08 19:54:52,天气忽冷忽热又突然降温，买来备着，药总体来说还可以
2021-11-03 13:08:53,备用的，发货快物流也快
2021-11-02 10:38:01,速度快，价格优惠
2021-10-01 08:30:53,此用户没有填写评论!
2021-11-03 09:43:14,几经波折才拿到
2021-11-05 00:17:04,物流很快！东西也很好！
2021-11-06 18:48:29,家庭备用的
2021-11-05 17:13:18,买着备用
2021-11-03 14:41:44,不错，送货快，方便，
2021-11-04 18:06:01,备点！心里有安全感！
2021-11-06 14:17:07,很不错，家庭常备
2021-11-17 08:24:57,买过很多次了，正品且便宜。为什么实体店都关门了，态度决定一切。
2021-11-06 12:03:03,家庭储备药，价格优惠发货及时，好评。
2021-10-24 23:11:42,此用户没有填写评论!
2021-11-01 12:06:19,药收到了，买过多次都很好
2021-11-07 18:06:16,家庭常备药！不错！
2021-10-31 17:56:50,预防感冒用的，价格比药店便宜。
2021-11-06 02:16:39,非常感谢阿里药房困难时期的服务，因为疫情感冒药全线停售，孩子感冒没处买药，还好这里可以买药
2021-10-24 19:52:38,网上买的比实体店真心便宜些，希望是正品吧。很满意的一次购物
2021-11-11 09:59:45,冬天变冷，很容易流感备着。以备不时之需。
2021-10-30 21:23:43,屯的药，感觉比在我们这药店便宜一些，以前买过其他药品，比较信得过。
2021-10-23 14:06:46,常备药，我觉得对我来说比999感冒灵、双黄连的好用，疫情期间嘛，最近又换季变温，备点感冒药。大家注意保暖哦，别感冒哦。
2021-10-29 12:22:19,挺好的，跟药店买的一样，便宜实惠。
2021-10-21 15:41:59,嗯秋冬季节，容易感冒，备用
2021-05-27 11:23:08,此用户没有填写评论!
2021-11-01 08:42:36,网上买药比实体店还便宜，相信大品牌质量
2021-11-06 10:52:55,不错，很好
2021-11-03 14:19:38,给上大学的妹妹备的
2021-10-29 15:39:20,感觉挺好的，买下来囤起来，家庭必备!经济实惠
2021-10-25 20:18:31,此用户没有填写评论!
2021-10-24 22:13:02,莲花清瘟胶囊质量不错，生产日期新，满意的一次购物。
2021-10-24 09:49:33,对喉咙痛上火挺管用的，价格也实惠，非常不错
2021-11-06 16:12:16,此用户没有填写评论!
2021-10-21 09:46:55,正品，预备着，以前买过，比药店划算
2021-10-28 15:10:38,跟实体店买的一样，还便宜
2021-10-21 15:51:47,物流很快，本以为要六七天才能到的，可四五天就到了，没想到这么快就到了，看来店家所选的物流公司也是很给力的哦！东西和图片上的一样，没有色差，也没有太大的异味~~店家的服务态度也很好。在此付上图片以作参考，可能拍照没有现实中看到的效果要好，请各位谅解。?
2021-10-21 18:35:56,备用药，比药店便宜，药店35一盒
2021-10-21 19:51:43,这个很好用，第一天一直打喷嚏，下午吃了一次过一两个小时喷嚏基本没有了，第二天再吃一天就好了
2021-10-28 15:57:50,效果很好的感冒药，家里人多，日常常备
2021-10-31 12:43:01,一直用这个药，效果很好，还会回购的
2021-10-31 09:27:32,比药店便宜好多，疫情反复还是多备点常用药的好，疫情来了药店都不会出售感冒药，多备一些放心，日期都还可以，到23年24年才过期。
2021-10-25 00:40:00,发货速度非常快，产品质量有保障，送货上门，方便快捷，一直在此购买，好东西值得推荐
2021-10-26 04:45:29,价格实惠，正品，效果不错
2021-10-25 20:11:48,这个药是家里常备药，效果非常好。
2021-10-30 19:29:49,治疗感冒效果不错，妈妈吃了几天感冒好了。
2021-10-27 14:55:25,非常不错，室友吃了一个据说凉凉的  快递很快
2021-10-22 16:45:42,买来预防，以备不时之需，嗯，是正品。
2021-10-23 09:44:27,方便快捷方便，药品正。
2021-10-25 15:56:38,超级合适，趁有活动买一个
2021-08-28 10:30:08,此用户没有填写评论!
2021-11-01 20:49:51,很不错，便宜实惠
2021-10-30 13:37:15,优惠价买的很超值，比药店便宜多了！满意
2021-10-21 21:49:44,货真价实又实惠
2021-10-25 17:51:47,活动买的，比实体便宜
2021-10-25 10:52:17,药收到了，是正品，价格还便宜
2021-10-31 14:48:32,经实际 亲身到正规实体药店购买，使用，对比效果后，怀疑改店家 以次充好，用真药包装，次药填充，这里感谢阿里平台售后的及时 公正处理。大家小心谨慎，不要被刷的好评误导了
2021-10-25 20:32:53,发货快，价格也实惠！
2021-10-21 23:59:43,比实体店便宜
2021-10-22 16:27:35,方便快捷，便宜
2021-10-30 12:53:51,物品完好，日期新鲜。
2021-10-22 19:42:20,宝贝收到了，商家发货快，气温骤降准备一点感冒的药吧，疫情防控期间购买有点麻烦，在网上购买还可以还包邮。
2021-10-27 19:36:07,快而且价优。
2021-11-01 22:09:02,很好用，大家可以放心购买。
2021-10-25 10:14:25,今日下单明日送达
2021-10-21 10:30:38,价格实惠，家常备用
2021-10-24 21:49:45,放家里备用的，价格便宜
2021-10-27 18:30:33,很好，疫情时代更要注意健康！
2021-10-30 12:48:18,价格和药店差不多
2021-10-28 23:40:06,是正品，价格实惠性价比高
2021-10-25 13:09:56,五星好评，非常好！想不到那么快就到了！
2021-10-29 23:19:29,药品很好，价格实惠
2021-10-29 11:50:32,效果很快
2021-10-26 16:39:51,治疗风热感冒有奇效，名不虚传。
2021-10-27 16:07:22,不错，和药店一样。正品
2021-10-27 17:03:19,发货快，包装严实，商品质量非常好，好评
2021-10-21 09:22:03,到的挺快的，很不错，价格也可以
2021-10-22 09:11:47,很不错 可以放心喝 物流很快很快
2021-10-22 22:24:52,是正品，满意。大药房的药品，信赖
2021-10-23 06:43:11,现在冬季了。多买几盒预防用。国药可靠。
2021-10-24 10:04:55,快冬季了备上些，阿里大药房很好，便宜，也都验真了。
2021-10-23 15:40:40,物美价廉物超所值值得购买
2021-10-21 17:28:20,速度快，备点药心里踏实
2021-10-29 11:13:51,家庭必备的感冒药，此药很好，值得信赖。
2021-10-25 22:07:18,相信阿里，健康护全家！
2021-10-24 16:22:15,很好。非常优惠。能够网上购物也解决了大麻烦。就是填写信息的时候能否提供家庭常备这个选项，因为确实没有任何感冒症状。
2021-10-23 00:06:24,价格好像比药店便宜吧
2021-10-28 09:31:11,宝贝不错
2021-10-30 13:35:24,阿里大药房发货速度很快。家庭备用药。
2021-10-31 13:30:43,搞活动时买的  很便宜
2021-10-26 15:36:42,发货快，包装好，质量不错！
2021-10-24 15:54:52,在这里买药太方便了
2021-10-26 06:52:44,物流超级超级快！非常不错，的确物有所值
2021-10-28 09:54:36,治疗感冒效果好
2021-10-27 15:48:46,期待有效果，待追评！
2021-10-24 12:29:11,亲，收到效果不错！
2021-10-27 21:06:53,卖家发货及时，包装结实，质量不错，价格实惠，卖家服务热情，快递给力～
2021-11-01 18:34:52,还会再来回购的
2021-10-25 08:36:11,这个季节必备
2021-10-22 14:21:11,很好，出门在外，带一些预防一下
2021-10-28 22:08:30,家里常备药，感冒就买这个
2021-10-22 20:24:30,物美价廉好
2021-10-21 19:18:33,全五分好评！
2021-11-03 17:32:10,不错，我们这里因为疫情，医院都缺药，这个还是很方便，我都确诊普通肺炎了，可是还是没有这个药&hellip;多亏阿里&hellip;
2021-10-22 09:48:51,很不错 速回很快就送到
2021-10-28 12:59:11,好评必须的好评必须的
2021-10-30 13:12:27,药到了感冒也好了
2021-10-28 14:04:09,无限回购
2021-10-21 21:12:24,物美价廉，值得购买。全五分好评。
2021-11-01 18:31:49,不错很好
2021-10-21 13:34:59,正品，值得购买！
2021-10-10 17:34:34,药品包装完好，物美价廉，实惠(*^__^*)非常满意的一次购物，物有所值，比实体店里实惠多了！
2021-10-03 14:03:48,每到换季的时候，总是会上火感冒，莲花清瘟的治疗效果特别好，在家里备一些，有备无患
2021-10-28 01:21:05,物美价廉物超所值，物流也很快，很满意的一次购物。
2021-10-23 21:05:53,莲花清瘟胶囊收到了，很满意
2021-10-22 11:11:50,家中常备感冒药
2021-10-24 20:49:10,在药房买过，这次尝试在网上买，价格比药房便宜，物流也快
2021-10-23 08:47:25,给家里人囤货
2021-10-16 12:33:00,莲花胶囊，清热解毒，流行性感冒。热性感冒胶囊中成药24粒一盒的。
2021-10-29 14:11:12,发货蛮快的
2021-10-22 10:36:46,很好，应该经常备着
2021-10-31 14:20:43,买来备用的，发货很快，包装完好
2021-10-16 09:20:54,扫描出来是正品，领了优惠券买的很划算物流也非常给力
2021-10-29 12:57:36,包装非常好，物流很快
2021-10-21 15:39:29,很满意，速度很快，点赞
2021-10-19 19:54:18,连花清瘟胶囊收到了，卖家发货很快，包装没有破损，比实体药店便宜，效果也很好。
2021-10-06 16:23:14,包裹收到了 ?? 谢谢哟 药品给弟弟妹妹预防??????
2021-10-16 12:14:39,胶囊中成药24粒一盒的，用于热性感冒的。冬天到了可能有用。
2021-10-29 14:25:48,备用药，20年12月份的
2021-10-22 19:21:41,最近阴天多，怕感冒，预防感冒的
2021-10-29 13:56:08,nicenice
2021-11-01 14:17:23,很好，巨有效
2021-10-24 20:28:25,正品，不错
2021-10-19 17:01:03,此用户没有填写评论!
2021-10-15 21:38:26,网上买更方便，有效期很长，买回来做感冒备用！泰诺对付流感很有效，莲花清瘟胶囊对付伤感很有效果，对新冠更有效??
2021-10-11 13:52:41,很好??日期很新鲜&hellip;&hellip;??还会继续支持
2021-10-25 23:58:05,便民，很好
2021-10-20 18:05:32,药比药店划算太多，而且日期也新鲜，送货很及时，没有损坏
2021-10-28 06:24:57,用了好几年了，感冒发热用的，比西药好用
2021-11-13 13:18:17,盒子压的有点惨，生产日期2月份的，不过反正就是备着
2021-11-17 14:02:35,前几天整理了药箱，过期的都处理了，趁活动时备点，方便快捷
2021-10-06 17:18:09,扫码是正品保证，感冒必备良药，用了商家优惠券买的很划算，谢谢商家平台
2021-10-26 06:25:55,想买的别犹豫哇！没有廉价的感觉，很高端，特别棒！
2021-10-21 19:43:33,很好(●&deg;u&deg;●)?&nbsp;」
2021-10-16 18:46:15,比药房便宜多了，家里长背着点去取火??，好评主要是优惠很多
2021-10-12 16:06:23,治疗感冒发烧效果很好。家里常备。
2021-10-07 15:40:26,连花清瘟今天已经收到和店里买的一样，质量很不错，发货也挺快
2021-11-03 20:13:24,日期不错，就是这次物流慢了一些，赶上双十一，理解
2021-10-04 09:54:17,跟实体店卖的一样，比实体便宜。
2021-10-10 20:20:42,发货迅速包装很好，价格实惠性价比高。
2021-10-05 23:50:07,搓手手万分期待的东西终于到手。内心那个炽热激动的劲儿涌上来止都止不住！！！觉得东西不错我就会给好评。祝老板生兴隆，东西不错一定还会再来的！
2021-11-01 09:49:04,客服服务态度好，有问题都耐心解答，回复速度快。买了一堆的东西，到手的时候，没有少任何一件，值得赞扬。包装妥当，每件都有独立包装，发货速度快，值得推荐！
2021-10-08 20:04:22,和我在医院开的一模一样，棒棒哒
2021-10-21 03:38:32,这个还没吃，放家里备着，日期挺好的
2021-10-06 12:46:23,红包买的，正品。阿里健康大药房，值得信赖。
2021-10-08 20:34:58,和药店买的一样，确实不错
2021-10-10 23:00:46,很快就收到了，阿里健康大药房方便实惠，跟药店买的一样，连花清瘟胶囊是家中必备之药品，好评好评好评！
2021-10-06 17:48:10,活动实惠
2021-10-18 19:51:58,日期还有很长时间，阿里大药房值得信奈！
2021-10-30 07:57:40,很好的产品
2021-10-31 23:24:53,物有所值
2021-10-21 12:31:34,发货速度快，不错
2021-10-24 20:18:27,??商品收到了，包装得很好，物流非常快，客服态度很积极，有问题及时解答！总体来说非常满意！
2021-10-26 11:28:46,送货很快，第二天就到了
2021-10-25 13:22:26,物流很快就到了
2021-10-25 21:09:39,很实惠，快递也很快
2021-10-16 12:57:04,胶囊清热解毒流感用的24粒的，冬天冷空气多会有用
2021-10-06 18:54:19,常备药，不然去药店真是买不起，很快很方便
2021-10-25 09:10:34,买点备用！
2021-10-15 18:12:48,胶囊包装很好，好用。
2021-10-07 12:59:31,发货比较快，生产日期比较好，老牌子值得信耐。
2021-10-04 22:53:48,价格实惠，好用
2021-10-06 15:46:39,看到有活动，买来备用，超划算
2021-10-15 22:46:31,正品，和实体店的药店买的是一样的，阿里大药房连锁店，值得信赖！物流很快！
2021-10-08 11:54:46,冬季常备感冒药，是正品，很好
2021-10-06 15:56:25,配送速度超快，昨天买，今天到，日期今年的
2021-10-14 12:03:44,此用户没有填写评论!
2021-10-11 16:08:45,便宜，质量好。
2021-10-18 17:17:32,以备不时之需，希望用不上
2021-10-05 09:43:58,下单到收货一天就收到了，药品完好无损抵达！药品的生产日期和保质期都挺好！
2021-10-08 20:02:16,家里备用，有备无患
2021-10-08 05:25:57,以前一直都是在实体店买，这次选择了网上买，不光是正品，价格还实惠！物流满分??，包装快递满分??，配送员态度满分??，购物让人开心，吃土使我快乐~?????????
2021-10-13 22:28:34,完好收到！备用!
2021-10-14 19:42:06,物流很快，包装完好，日期可以，很满意
2021-10-18 15:37:39,包装严谨认真，好评！
2021-10-09 16:01:30,比实体店便宜太多了，效果一样，发货速度快
2021-10-06 14:08:52,不错，囤货中，日期还可以比较新
2021-10-15 16:41:00,收到  好评
2021-10-08 09:50:46,到货挺快
2021-11-18 12:28:49,我就想问下，口服液没吸管怎么喝？问客服，回复一天三次，早中晚一瓶，合着我是连瓶子一起吞呗。
2021-10-13 23:53:31,有活动的时候买的，比药店便宜，总体来说很不错。
2021-10-04 18:19:17,很好，物美价廉，提前囤货换季容易感冒
2021-10-17 14:20:47,不错是正品，莲花清瘟这个效果还是很不错的，挺满意，好评。
2021-10-18 17:21:16,有优惠券的时候买点家庭备用，保平安，感冒初起疗效非常好
2021-10-06 16:12:54,此用户没有填写评论!
2021-10-08 23:09:31,优惠活动价格很划算，备用的，效果应该是不错的。
2021-10-09 21:24:13,质量很过关，品质有保障，相当不错的选择，好多朋友看我用都想买，我都推荐了
2021-10-03 16:02:26,此用户没有填写评论!
2021-10-12 16:11:43,有个优惠券，就买了莲花清瘟备着，后面秋冬季节担心用到
2021-10-10 13:26:53,买了好多，每年都是这样，既便宜又好用，比药店更便宜
2021-10-03 13:33:03,宝贝非常不错，质量非常好，价格便宜，包装非常好，服务非常满意。
2021-10-04 12:53:04,不错，预方便的，日期新，快递快
2021-10-08 19:16:59,1.9到手，很好！
2021-10-09 22:58:25,是以岭药业的，物美价廉
2021-10-05 19:07:17,卖家发货速度很快包装看一下保护的很好，质量非常不错，大品牌值得信赖以后搞活动再来买，谢谢！
2021-10-07 20:55:30,像是正品 比药店便宜多了
2021-10-09 13:57:31,优惠券购买的，价格很实惠比药店便宜，放家里备用。
2021-10-07 19:47:08,和实体店一样但比实体店便宜多了
2021-10-17 23:10:01,质量很好，价格实惠，效果很好满意
2021-10-12 22:51:59,以岭莲花清瘟胶囊收到，比药店买便宜
2021-10-19 07:48:01,备用的，物美价廉
2021-10-16 07:58:19,购买多次，价格比药店实惠
2021-10-11 19:52:12,真品，领卷买的，划算
2021-10-05 06:53:51,货收到后就拆开用了，质量很好，东西和官网买的没区别！
2021-10-13 10:54:02,药品可验真，包装防破损。 承诺有诚信，全五星好评。
2021-10-12 15:00:13,和在药店的一样，这里比药店的便宜
2021-10-08 15:48:10,速度很快，经济实惠，比实体店便宜。
2021-10-10 21:00:39,宝贝已经收到了，打开来看看真的蛮好的，使用试试，会回购哒！
2021-10-15 18:49:33,扫码真品，比药店便宜，好评。
2021-10-11 13:57:17,我薅羊毛得的，莲花清瘟没啥好说的吧。就地解决大江大河大喊大叫等会等会接电话的好好的哈睡觉的计算机三级说弯就弯ii诶IE就觉得好的好的好哈苏岁数呜呜金额江淮度寒食啥时候说的好好读u嘟嘟大金额好好的
2021-10-17 08:59:30,对于肺热咳嗽效果比较好，今年受新冠疫情影响，咳嗽跟这个有些关系，莲花清瘟效果较好。
2021-10-05 21:52:01,药是正品，用了几天，效果很好，不错。
2021-10-05 11:27:02,很实惠，比药品超市的便宜多了。疫情期间给孩子寄的预防用的~感谢店家！五分好评！
2021-10-15 18:13:09,方便，还实惠，推荐阿里药房。
2021-10-13 22:58:28,给家里 ??娃备点药 希望用不到  隔天就收到 很好 日期也是新的 满意
2021-10-06 07:58:29,有券提前备的，价格不贵，效果很不错
2021-10-07 18:09:38,很药店卖的一样，领券买的超级便宜，给力
2021-10-04 10:47:42,这个药用红包买的，非常实惠！
2021-10-09 16:54:08,效果很好，感冒吃几顿，症状明显好转
2021-10-16 12:25:53,药是正品，挺好，价格美丽
2021-10-03 13:29:20,物流快，药效好，很满意，好评！
2021-10-10 21:30:21,买药方便，用优惠卷还便宜很多
2021-10-14 22:08:35,长用药，有备无患，扫码后是正品，嗯嗯
2021-10-17 17:12:24,到货很快，价格也很实惠，阿里健康值得信赖
2021-10-15 05:05:27,宝贝已经收到！质量真的非常好！
2021-10-03 11:07:40,正品好用，下次有需要会再买
2021-10-04 15:42:46,特别好，价格实惠的！！！
2021-10-07 23:10:27,价格实惠，给个好评，比实体店便宜，满意！
2021-10-09 09:56:11,给了个卷。领卷下单特别实惠
2021-10-14 22:15:16,满意，价格实惠，日期也好，家中常备。
2021-10-14 13:04:30,正好到货感冒了??，吃了8粒好多了，正品
2021-10-12 18:51:10,连花清瘟胶囊不错，是正品，价格便宜
2021-10-08 11:53:59,正品，家里常备药，价格实惠挺满意
2021-10-09 07:55:06,买到就是赚到，中药无副作用
2021-10-10 09:18:02,正品和药店买的一个样，家里常备！
2021-10-08 08:06:09,感冒头疼吃这个很有用 家里一直都有备一盒
2021-10-15 13:08:22,正品性价比高，值得入手
2021-10-12 16:39:32,胶囊一合24粒装的中成药，感冒用的买来备用的
2021-10-09 17:30:30,用了优惠券以后物美价廉
2021-10-07 17:24:37,物流特别快，正品，也比店里优惠，很棒
2021-10-05 12:36:34,以备不时之需的，这个价格还是很划算的
2021-10-05 15:21:25,又快又好，家居常备药。感谢阿里。
2021-10-15 12:37:20,商品质量非常好，而且不需要运费，价格实惠
2021-10-11 14:59:23,此用户没有填写评论!
2021-10-10 23:23:02,挺便宜的，发货也很及时，包装也很好，很满意
2021-10-14 23:30:12,到的很快，外面都买不到啦幸好可以网上买，储备着
2021-10-11 21:20:58,阿里自营质量有保障，质量很好，价格很便宜，好评。
2021-10-06 08:56:55,好评   发货快 和实体店一样
2021-10-15 15:27:22,管用感冒清热，治嗓子特别好用，中成药无副作用，值得购买。
2021-10-08 22:52:33,很不错，买来备用的，日期很新鲜。
2021-11-15 20:59:55,容易受潮
2021-10-09 18:39:28,挺好！吃后喉咙凉凉的，很舒服！
2021-10-12 11:32:56,优惠券一用真便宜
2021-10-10 15:29:47,挺好，实惠，买了很多药，备用一部分！
2021-10-08 14:40:00,家庭常备药，用了红包一块多，超值
2021-10-17 21:23:39,连花清瘟胶囊感冒高发季节必备，买来预防
2021-10-04 06:37:58,还没有吃，但是价格便宜，先好评
2021-10-12 14:43:37,物流很快，很满意，用了红包，便宜实惠。
2021-10-17 18:47:36,比路边药店便宜些
2021-10-05 21:32:27,产品总体不错，包装严实。再说商家服务：点赞啦。最后点评快递：发货很快。其他就是感谢店家打折送券活动，毕竟便宜好货更实在。希望店家多多优惠，及时通知老客户，促成回购。祝生意兴隆。
2021-10-11 11:49:48,还不错，比较便宜的
2021-10-10 00:10:05,买来就感冒了，效果很好
2021-10-11 11:34:25,便宜，还包邮，囤货了
2021-10-17 07:09:38,妈妈再也不用担心我买不到药了
2021-10-11 22:18:53,比实体药房便宜
2021-10-15 13:27:46,应该是正品，买过好多次药了
2021-10-09 20:08:15,物美价廉，便宜实惠，性价比高
2021-10-03 08:53:40,收到药品了，是正品，下次再来购买！
2021-10-12 09:25:30,给女儿买的，本人没看到货，先给好评。
2021-11-19 18:04:02,发错药了，责任心呢？
2021-10-07 22:42:00,货已经收到了，是正品。生产日期是今年的。满意给好评！物流也很快！
2021-10-11 12:53:23,不错啊！价廉物美还包邮，真是方便，谢谢卖家
2021-10-18 17:23:38,非常好的药品，是正品，全五星好评！
2021-10-15 19:36:51,连花清瘟收到了，非常满意，价格低，药品好！
2021-10-04 23:42:48,莲花清瘟胶囊收到，很方便不用去药店买了
2021-10-16 16:14:58,药店不让卖感冒药，还好网上可以买，真是方便
2021-10-12 13:14:54,是正品。比药店便宜
2021-10-16 19:19:10,宝贝产品质量很好，是正品。和页面描述写的基本一致，卖家的客服服务态度从头到尾都很好，快递发货速度超快
2021-10-14 09:06:45,用的红包很划算
2021-10-03 17:38:05,用红包买便宜
2021-10-15 10:02:37,已经收到，谢谢，非常实惠
2021-10-08 17:44:39,挺快，还便宜
2021-10-09 22:22:42,正品药品，有保障。
2021-10-06 09:20:33,?)??(o?▽?)ノ国庆快乐ヾ(?&epsilon;?｀*)
2021-10-04 19:21:21,好，进出空调房，或者热出汗着了凉风，这种寒暑往来造成的热感冒，这个非常管用
2021-10-05 23:36:56,有个红包，挺优惠的
2021-10-15 13:21:19,很好，不错
2021-10-12 13:59:08,发货快，正牌。还要回购的！
2021-10-03 14:57:44,卖家发货速度很快包装保护的非常好是正品非常满意，谢谢店家了。
2021-10-16 07:58:48,宝贝不错，值得购买拥有！
2021-10-10 10:55:21,要好，价实惠
2021-10-16 09:12:34,是正品，放心购买值得推荐！
2021-10-11 20:11:37,给父母买的，扫码验证通过
2021-10-13 11:04:24,便宜快捷
2021-10-11 22:19:11,不错的，红包抵扣，价格便宜
2021-10-06 23:14:42,多次在阿里健康大药房购物了，药品真，送货快一直都很满意。
2021-10-06 09:36:02,感冒药一直都在阿里买，效果好方便。
2021-10-09 22:21:13,囤货。第一次在网上买药。挺新奇哈哈哈
2021-10-13 10:25:01,宝贝收到了，很好很不错哦，下次继续光顾啊！
2021-10-11 16:35:44,很好，速度快包装完好，有追溯码！
2021-10-10 20:27:58,感冒了，正好吃上
2021-10-17 09:12:32,和实体店一样
2021-10-07 01:25:51,性价比很好  不错
2021-10-14 15:07:45,备用药，应该还行
2021-10-12 19:33:59,很棒正品
2021-10-06 09:27:12,比药店便宜。
2021-10-08 13:56:31,正品好药!
2021-10-16 13:59:22,单位防范性购药
2021-10-18 19:58:43,货真价实，发货很快
2021-10-14 16:12:00,品质很好的中成药，发货快！非常好的商家，支持，全五星好评并加分！
2021-10-13 16:33:23,家庭必备，非常好，可以多囤点。
2021-10-18 13:53:07,居家必备连花清瘟胶囊，买好多次了，值得信赖
2021-10-16 22:22:25,简单方便，是正品，好用
2021-10-06 14:58:34,方便快捷，虽然快递隔日达，但是上班没空去药房，这个比外卖送的一次可以满足各种不同药备用
2021-10-05 21:59:01,太便宜了，备用药
2021-11-19 06:39:30,不错，发烧喉咙痛，这效果好，一次5粒。
2021-10-19 13:32:19,阿里大药房的物流超快，连花清瘟胶囊家里常备的没有了，补一个留在家里备用的，很不错
2021-10-20 19:22:59,到货快，价格实惠性价比高，好评！
2021-10-06 17:42:12,是正品，快递超快，昨天晚上下的单，今天就收到货了
2021-10-19 12:08:34,效果很好。
2021-10-04 14:58:09,趁着搞活动家里备点日常用药
2021-10-13 21:54:49,产品不错，价格合理
2021-10-09 19:54:25,价格实惠，领卷买的
2021-10-06 16:11:21,很不错哦，亲民价格
2021-10-16 19:06:25,买来留着家里备用的，中成药很好。
2021-10-08 21:30:52,收到了，质量不错，价格比较优惠。
2021-10-08 08:16:01,挺好的，好用实惠。
2021-10-07 18:05:30,发货配色都很快，给家里备一点
2021-10-11 22:38:11,宝贝收到了，是正品，效果很好，快递发货很快，
2021-10-17 19:51:32,正品，性价比高满意！
2021-10-17 00:51:25,活动价格挺划算
2021-10-10 12:59:02,应该是比药店便宜
2021-10-13 19:29:16,药效可以，感冒好了 不错
2021-10-20 13:50:31,收到，价格实惠
2021-10-15 15:04:06,买药又快又便宜，屯点预防感冒
2021-10-09 23:29:28,挺好哒～阿里健康大药房yyds
2021-10-08 19:40:31,昨天晚上下单的。今天就到了，物流给力
2021-10-05 22:48:40,阿里大药房，一如既往的优秀！
2021-10-15 07:04:03,价格实在很好
2021-10-18 14:46:07,药收到了，物美价廉值得购买
2021-10-05 15:20:25,包装完好
2021-10-16 19:25:22,线上买药比线下便宜很多，很方便。
2021-10-14 12:31:15,是正品，价格实惠
2021-10-08 11:24:50,好棒物流快东西好我很喜欢
2021-10-03 11:09:59,优惠买的，头回从网上买药，不错！
2021-10-03 19:48:28,有活动很优惠，放家里面备用。
2021-10-17 21:15:29,老板包装认真仔细，物流速度很快，非常棒的感冒药！
2021-10-11 20:10:17,配送很及时 效果很好
2021-10-06 08:49:53,挺好的，性价比很高，挺满意的
2021-10-14 02:09:51,还没用到，是家中常备药，用后评价
2021-10-13 10:41:33,包装完好快递速度也快，完美
2021-10-06 09:40:52,存着！一年里面应该不用愁了
2021-10-09 13:34:01,发货快，家庭常备用药，流感季节多备点。
2021-10-20 22:48:45,忘记看日期了应该没问题
2021-10-19 10:33:01,现在是流感季节，此药是家中常备，和药店卖的一样，还比药店便宜
2021-10-06 11:38:38,速度很快，豆薯真品
2021-10-10 11:03:19,物流快，昨天下单今天早上就到了，包装盒漂亮，绿色盒子印有阿里大药房字样，买药也放心，保质期长23年5月到期，符合自己的备用??标准！
2021-10-10 12:50:18,质量非常好，价格便宜
2021-10-13 09:35:05,好????，方便快捷，备用
2021-10-05 22:25:10,没啥好说的，便宜速度快，正规
2021-10-13 21:41:30,正品，发货快，有效果！
2021-10-04 10:09:19,这是一条好评，当你看到这条评论的时候，基本可以无视，因为我一定没有想要吐槽的话要说，才使用了我的御用好评，自然肯定也没有什么夸奖的话要说，产品肯定是没有过分的缺点和超出什么预期，一定是正常情况下对得起价位
2021-10-18 18:26:25,不错的宝贝
2021-10-06 16:19:13,物流很快，包装完好，以后有需要还会来买的
2021-10-08 00:34:12,正品，大药房买的放心
2021-10-11 21:46:41,不错 挺好的 方便快捷
2021-11-16 11:49:08,药品就算了不知道该怎么评价反正和药店里买的都一样。
2021-10-15 12:34:42,挺好用的，治疗感冒咳嗽好用，发货也挺快的质量很好，客服态度也特好，会再次光顾的，物流非常快
2021-10-12 17:23:14,不错，实惠
2021-10-11 21:48:38,不错哦，红包购买很好
2021-10-06 15:09:40,对风热感冒很有效
2021-10-14 15:22:22,发货快，包装完好无损，好评！
2021-10-09 05:07:08,如果是真货，那就是物美价廉！
2021-10-03 11:31:30,五星好评，物超所值，推荐购买！
2021-10-13 09:13:37,包装完好，发货快。
2021-10-09 09:20:34,是正品哦⊙&forall;⊙！不错
2021-10-11 01:48:33,很不错已经吃了。
2021-10-09 15:15:09,是正品哦⊙&forall;⊙！ 不错
2021-10-11 15:44:57,还是不错的发货也快非常满意的。
2021-10-13 19:10:26,正品好药良心商家
2021-10-08 11:02:51,很不错，发货速度挺快，包装的挺好的，日期什么都没看，应该是新的，健康指导师097服务态度挺好。
2021-10-15 21:52:36,家里一直必备的产品
2021-10-20 13:39:59,宝贝已收到
2021-10-07 21:11:30,放心！妥妥的，日期很新。
2021-10-04 20:35:40,日期是最近的，正品
2021-10-12 06:56:29,非常满意会回购
2021-10-19 22:25:51,到货速度特别快
2021-10-04 13:37:33,正品药。日期还行，今年的，24小盒装，现在这个药需要填写用药人信息了。
2021-10-20 19:09:32,收到，昨晚买今天就收到，快。满意。
2021-10-11 20:19:10,备用，可以购买。
2021-10-13 14:16:50,搞活动买的，很合适！！
2021-10-06 23:39:58,特别快，家里常备。
2021-10-16 06:55:00,相当不错，质量也很好
2021-10-11 22:52:18,正品药，很实惠
2021-11-18 08:38:58,和实体店一样的钱没有不一样不便宜
2021-10-09 15:23:53,好，买药都来这里
2021-10-06 14:21:39,挺好的药，家中常备。
2021-10-04 22:12:18,非常好，发货快，药品有保障。
2021-10-18 13:22:41,家里常备药品，变天了多囤几盒
2021-10-11 15:52:04,有用，可以买
2021-10-17 09:17:40,与描述一致。
2021-10-06 00:38:35,使劲儿。。我已经买了之后，哦哦好吧拜拜。好
2021-10-17 12:09:03,感冒咳嗽，服药三天已基本好了，晚上睡眠质量也改善了。
2021-10-08 16:26:27,和药店的一样，好评
2021-10-08 19:02:44,很方便 发货快
2021-10-09 12:29:57,很快很实惠哈&hellip;&hellip;
2021-10-14 10:43:18,第一次购买，家庭备用
2021-10-19 15:48:38,大店铺很靠谱
2021-10-07 21:57:05,囤货，居家必备
2021-10-11 08:14:14,这个必须好评
2021-10-11 21:24:55,信赖阿里药房
2021-10-06 14:01:39,阿里买药，放心
2021-10-13 10:24:11,一如既往的好评.
2021-10-08 10:12:26,是正规药，送的也挺快。
2021-11-16 19:02:54,这盒药破了
2021-10-03 09:54:57,多次回购了
2021-10-15 12:57:28,这个感冒了好用
2021-10-18 22:33:23,备用，冬天快来了
2021-10-05 17:38:13,提前购买 家里常备感冒药
2021-10-11 20:38:10,我是非常满意的，
2021-10-09 11:55:13,挺好的，速度又快，价格也比药房优惠
2021-10-06 08:38:41,宝贝儿收到了，包装很好，效果也很棒，卖家服务很好，快递很给力。
2021-10-10 20:08:51,发货很快，价格也便宜，以后都来网上买
2021-10-19 19:13:17,和卖家描述一致。
2021-10-11 09:21:28,卖家服务态度非常好，转天就收到了
2021-10-03 07:05:01,实物和店家描述一样，服务态度好，下单后发货快，好评好评好评！
2021-10-18 15:13:01,药收到了，很棒
2021-10-20 15:22:46,好，秋冬常备
2021-10-09 17:47:07,好(?▽?)
2021-10-12 16:54:07,送药速度快
2021-10-11 15:41:42,发货快，很方便，给家里囤点
2021-10-03 18:01:10,好，买着备用
2021-10-20 17:52:17,是正品，全五星好评送上
2021-10-16 14:27:54,包装很好，备用药
2021-10-19 15:48:35,秋冬时节容易感冒，备用
2021-10-10 14:48:12,收获太快了！一天到货，赞！
2021-10-12 20:56:51,"发货快,物流快，比药店便宜，好"
2021-10-04 16:43:19,不错 好评
2021-10-12 08:53:17,挺好的 满意
2021-10-05 08:18:55,领红包买的，2块钱??，很好，值得信赖
2021-10-04 20:46:35,吃了喉咙热热的
2021-10-16 16:00:09,收到了满意
2021-10-13 15:35:04,物流很快 保质保量 下次在回购
2021-10-16 22:53:52,家庭必备
2021-10-14 15:38:09,非常不错，
2021-10-05 17:35:14,换季必备。
2021-10-13 16:57:24,发货很快，正品放心购买
2021-10-09 21:12:37,药到病除
2021-10-11 21:28:03,好评，不错的中成药，买了备用的
2021-11-17 19:01:56,疫情期间，实体店不好买，在网上买还挺快的
2021-10-09 14:28:06,性价比高，我很喜欢，下次还会光临
2021-10-15 12:13:44,超值，感谢卖家。
2021-10-15 11:52:27,宝贝收到了，买来囤着
2021-10-10 20:09:39,发货很快，白菜价，保质期也很长，值得购买
2021-10-13 19:28:10,药效可以流感好了，物流也很快，很满意的一次购物。
2021-10-18 18:54:05,棒棒哒！物流超级给力。
2021-10-15 22:09:34,很好，家长的产品
2021-10-05 11:56:33,好快，隔天就到了，很好。
2021-10-04 16:57:47,买来备货的，以后长备药。
2021-10-03 16:30:38,好的很快
2021-10-14 08:29:18,正品，很nice
2021-10-15 08:08:54,宝贝很好，不得不说，客服态度也太好了吧！
2021-10-03 14:24:24,很好，很满意。开启购药新模式。
2021-10-07 23:33:13,很好，价格便宜
2021-10-10 06:44:41,产品质量，客服服务态度特别好，很喜欢
2021-10-05 11:29:23,第一次网上买药，很不错
2021-10-20 08:00:54,与描述一致。满意。物流运输快捷。
2021-10-04 02:42:16,信誉商家良心卖家包装好物流快好评好评好评好评好评
2021-10-20 13:56:20,性价比很高！发货很快！
2021-10-18 12:42:28,买点家庭备用药
2021-10-08 15:09:23,宝贝已收到，发货快，物流好，非常喜欢。
2021-10-07 21:52:01,挺好的，价廉物美值得购买
2021-10-11 14:03:16,物美价廉，物超所值啊！
2021-10-11 17:02:34,放在家里备用
2021-10-03 17:38:49,买来家里备用
2021-10-17 19:01:27,买的备着，还挺便宜的
2021-10-03 08:05:00,发货快一天就收到了。好评
2021-10-12 11:16:43,快递速度很快??????
2021-10-14 12:40:54,宝贝收到啦，店家发货很快，物美价廉。
2021-10-05 15:26:02,买来预防一下
2021-10-03 16:22:38,服务质量好，态度热情，值得推荐！掌柜发货很及时，谢谢啦！
2021-10-14 21:03:13,很满意的一次购物！物流公司服务态度很好，运送速度很快！
2021-10-04 21:22:18,速发货   度快
2021-10-04 07:05:07,已收到货囤着
2021-11-12 17:46:40,因为疫情原因，当地药店不售卖退烧药，买回来备用的。
2021-10-08 15:02:55,物流很快 很有用
2021-10-12 17:13:37,发货快，非常好。
2021-10-19 14:24:05,很不错，网上买药也很快
2021-10-22 10:40:09,出国必囤，希望用不上
2021-10-14 08:41:33,速度好快
2021-10-13 10:57:05,备用家常药
2021-10-12 09:30:50,家中常备药
2021-10-06 14:34:18,试试这款如何
2021-10-07 23:34:23,物流很快，生产日期也新鲜，非常满意。
2021-10-14 20:54:08,挺好的，希望活动多一点
2021-10-15 20:13:45,冬天背着用
2021-10-06 19:48:58,药很好，很满意。
2021-10-10 11:53:39,家庭常备。
2021-09-19 19:45:06,囤货中，比实体药店便宜。关键是治感冒发烧效果很好，五星好评！
2021-10-15 09:44:58,先买了囤着
2021-10-11 16:34:30,产品不错，值得购买
2021-10-14 15:55:51,家中备着
2021-11-17 16:37:46,发货挺快，就是物流太磨叽，要是急等用药可毁了??
2021-11-09 21:27:48,挺好的，东西挺不错，快递也比较快。包装也挺好的。
2021-10-03 22:49:22,是正品  留着备用的
2021-10-08 18:01:04,家庭必备，物流速度有些快
2021-10-09 19:01:39,买过好多次了，真的
2021-10-11 16:29:18,发货快，包装好，为服务点赞
2021-10-07 11:06:18,物流很快，下次还来这里买药
2021-10-08 19:25:06,快递小哥打电话询问不错
2021-10-04 17:15:19,作为备用药买点还是比较合适的，平时打折点备用药，莲花清瘟胶囊以前在新闻中总是看到他的名字，这一次买点备用吧。
2021-10-15 06:23:56,不错的，挺好的！
2021-09-26 12:37:54,一直都选择在阿里健康大药房买药，一是因为比较便宜，价格优惠，二是质量有保证，也比较省心。客服的服务态度很好，在晚上很晚的时候还能跟我进行及时的交流，物流发货速度也比较快，包装很好，总体上是一次比较满意的购物，一直都在这里买，之后还会持续在这里购买有需要的药品
2021-10-19 20:09:26,是正品，很好
2021-09-24 11:36:24,比药店实惠，阿里大药房都是正品有保障就OK了！日期都是今年生产的！
2021-10-14 19:19:10,不错，用了券更不错
2021-10-17 10:18:08,活动买的，很好
2021-10-19 16:09:31,物流快，划算
2021-10-15 11:23:21,正品  好评！
2021-10-06 13:13:00,正品，好评
2021-10-08 13:59:27,很好很快，包装很好，快递也很快
2021-10-05 20:55:07,很好。方便
2021-10-20 08:07:07,不错，方便
2021-10-12 21:18:47,没查，应该是真的吧，到货挺快，隔一天就到了
2021-10-09 19:53:05,性价比高！
2021-10-10 18:10:37,备货，很好
2021-10-07 13:23:44,收到了，挺好的
2021-10-08 10:21:24,发货送货非常快，满意
2021-10-04 08:42:21,非常好，谢谢
2021-10-13 13:32:03,石家庄以岭药业，连花清瘟胶囊，24粒，清热解毒，流感冒，咳嗽咽干，头痛颗粒，发热鼻塞，标准装，一盒，一次4粒，一日三次，很好
2021-10-17 10:02:03,来买好几次药了，比药店卖的便宜，发货挺快的，不错。
2021-10-14 22:58:45,物流很快，感冒必备
2021-10-13 17:51:10,还不错，日期也可以，买来备用的。
2021-10-14 00:54:47,特别好，物流快
2021-11-18 16:47:22,挺好的，希望用不上
2021-10-20 18:18:27,石家庄以岭药业，连花清瘟胶囊，24粒一盒，标准装，一次4粒，一天三次，两天就吃完了，囤货、清热解毒，流感冒，咳嗽、咽干、头痛、颗粒，发热，鼻塞，病毒性感冒效果还是不错的
2021-10-07 22:09:16,价格优惠，日前好。好评
2021-11-10 14:59:56,太苦了，孩子喝不下去，哭的发恶心，给他喝了两天就没让喝了，效果还行，三九牌的还是比较信奈的
2021-10-10 20:36:05,本来想备着冬天感冒用 刚刚才知道这个药只适合热感冒 留着明年吃吧&hellip;&hellip;
2021-10-09 13:09:53,物流很快，已经吃上了
2021-10-04 07:38:29,发货快，值得购买
2021-10-13 08:08:38,还没用，吃过再评价
2021-09-28 10:17:42,真的药效很好，是正品，建议购买的，非常奈斯
2021-10-16 19:57:29,和药店卖的一样，快递也非常给力
2021-10-15 08:13:38,冬天快到了，备着药以防感冒。
2021-10-03 14:02:05,不错，物美价廉
2021-10-03 20:46:44,很实惠哈&hellip;&hellip;
2021-11-18 09:28:15,应该还可以，这个怎么评价呢？
2021-09-27 11:41:58,卖家发货迅速，包装完美，产品正规，这款感冒药是得感冒的治疗，感冒的必备良药
2021-10-08 16:42:36,赞??一个
2021-10-07 19:19:44,收到货了！包装完好的，给家里老人买的！发货速度挺快！
2021-10-11 16:16:48,发货速度快。满意
2021-10-20 08:12:45,收到还没用
2021-09-30 18:20:09,第一天下单第二天就到，价格也不错，方便快捷
2021-10-01 11:29:45,连花清瘟胶囊收到了，当天晚上下单，第二天下午就到了，商家发货快，物流特给力！老品牌了，冶疗急性咽喉炎，风热感冒、发烧什么的，很管用！中成药，副作用少，家里常用药，备着。价格实惠！满意！
2021-09-18 08:15:22,连花温瘟新品感冒药，贷已收到据说治感冒效果还不错，正好阿里大药房做活动，买盒试试效果好下次再买，快递也还正常，三天送到用户手上。商家对用户负责，疫情归定核实信息。很值得贊一个，评价五颗星！！
2021-09-26 19:53:32,好评 方便 实惠
2021-10-06 11:49:13,药收到，包装完好。
2021-11-04 21:00:45,比我之前买的便宜了 好多 亏了 价格浮动也太大了吧
2021-10-10 22:39:42,这次买的最便宜，买来预防偶尔感冒得用。
2021-09-21 17:11:33,宝贝非常的好！价钱优惠！买到即是赚到！外观非常漂亮大气！质量非常的棒！丹鸟物流速度好快，第二天早上就送到了！没有什么阻挡着购买的心，会继续光顾的！
2021-09-26 12:40:53,用红包凑单买的，划算
2021-10-18 23:24:36,感冒经常买这个药吃
2021-10-20 14:33:54,买来备用的，结果老妈来了，她感冒正好用上了
2021-09-25 20:31:08,胶囊包装很好，可以用。
2021-09-26 09:42:33,家中常备，有备无患，去药店买药可贵了，还是网上方便
2021-09-27 20:35:39,物流快包装好服务好正品
2021-11-17 17:13:35,货已经收到，卖家发货很快的！
2021-10-08 11:07:02,不错不错，物流挺快
2021-09-24 16:15:34,网上买药很方便，价格美丽。
2021-10-01 14:41:03,是正品，信赖商家，价格也适中，无限回购！
2021-10-03 17:12:13,正品，有效果期长，
2021-10-07 13:02:11,物流很快，正品
2021-11-13 19:34:44,咱就是说 这日期也太差了
2021-09-16 15:27:03,家居备用，跟风款&hellip;&hellip;
2021-10-10 22:05:01,收到货了，是半年前生产的产品。还可以的吧。
2021-10-05 17:09:05,阿里的药还是让人放心的
2021-09-25 08:24:37,全五星好评，买来备用的希望用不到??
2021-09-11 07:49:02,"首先，店家发货速度很快，物流包装也很棒，外观没有破损和挤压，物流方面很不错，让我很满意，其次， 东西看起来很不错，很满意，使用了一段时间 ，也很不错， 总体还算满意吧,  习惯性好评，继续使用不错的话还会再来"
2021-09-30 19:32:59,买连花清瘟胶囊，效果不错，买了放家里备着。
2021-09-25 17:53:50,莲花清瘟胶囊收到了，囤货中备用。
2021-11-18 16:45:57,不错，买了好多次了。
2021-10-10 11:33:04,这药对感冒很有效。价格比实体药店便宜多了，买些备用。
2021-10-07 23:35:54,快递很快，宝贝很好。
2021-09-26 17:03:36,清热解毒的感冒药，中成药。用于风热感冒的备用的。
2021-11-08 18:03:37,挺好的，只是日期太远了，不能放很久
2021-09-30 08:35:56,家中常备药，清热解毒很好的。
2021-09-17 20:35:18,正品，价格实惠
2021-11-13 18:30:00,药是好的，但快递真垃圾
2021-10-02 06:39:54,家中必备的感冒药，效果好
2021-09-25 16:48:11,"感冒药一合中成药胶囊,冬天买来备用呢。风热型感冒。"
2021-11-15 19:40:56,看错了，以为买的是颗粒
2021-10-06 15:26:04,秋天来了，多备一些药，这些都是家庭常用药
2021-09-17 12:33:45,很好，跟医院开的药一样
2021-09-30 12:35:54,用红包买的，不要太划算了。学生党们应该在宿舍里备一些药物准备不时之需。快递很快，次日送达
2021-09-26 20:07:33,还不错的药，清热解毒
2021-09-16 08:01:05,药效非常好。便宜实惠，比药店买便宜，是正品
2021-10-08 19:43:12,挺好，可谓是药到病除啊
2021-11-11 08:58:32,快递挺快的，但是不知道是不是正品。不过板蓝根又不是很贵的药物，应该不会有假吧
2021-10-05 14:46:23,换季以防万一买来备用
2021-09-16 07:12:12,家里的常规药品一直从阿里大药房买，比药店便宜品类也多，很方便。
2021-09-30 02:02:41,正品没问题，效果非常好，物流速度挺快的，包装完好，总之很满意
2021-09-09 15:36:22,一年四季常相伴
2021-09-20 11:11:08,阿里大药房屯的，换季降温容易感冒，买家里备着。
2021-09-20 14:37:33,很好物有所值，物流很快并且包装也很好。值得购买的，比线下便宜多了，已经收藏有需要再继续回购
2021-09-29 06:54:44,第一次在淘宝上买药，应该是正品吧，包装很好。
2021-11-06 00:40:06,冬季备用的，第一次来，不知道好不好。
2021-09-16 20:31:27,搞活动买的。很实惠。家里常备药～
2021-09-30 19:08:20,下单隔天就到了，速度很快
2021-09-21 16:24:08,一直种草的产品，终于买了，
2021-09-24 11:18:57,经常在这里买药，是正品而且比药店还便宜
2021-11-12 10:36:54,东西没有问题！！就是客服气*个人，只是退运费这么点儿小事儿，弄都弄不明白！！
2021-09-28 19:46:24,很快就到了
2021-10-03 13:19:55,挺好的，网上第一次买药，保质期到23年
2021-09-27 11:06:57,本仙女一直都很挑剔！(?Д?)ノ收到货后发现真的很赞(=?&omega;?)?包装非常好，里三层外三层，风雨不透，水泄不通，拆了我很久_(：з」&ang;)_打开后宝贝就跟图片上一样，很是惊喜！~\(≧▽≦)/~～客服服务态度非常好，(＞人＜;)有问必答，无问也答，还可以长知识哈哈哈哈 (≧&nabla;≦)这样的店以后会大红大紫！祝老板生意兴隆，万事如意！???
2021-09-12 12:38:55,买来做家庭备用药的
2021-11-15 15:56:13,就是售后不好，寄错的退回去运费就没转过来，联系了就说稍等看一下
2021-10-29 08:02:58,头疼脑热贼好用，注意！！！该药对胃的刺激性极其大，堪称恐怖??一定要垫点东西在吃！（请遵医嘱/ doge）
2021-09-30 17:06:16,比药店便宜，质量一样
2021-09-25 21:03:35,发货迅速
2021-09-30 13:44:59,价格实惠，效果很好，比药店便宜多了。
2021-09-24 11:40:53,物流很快，药品不错，五星好评
2021-10-01 15:34:19,还可以，价格实惠，有效期也长。
2021-10-13 14:52:51,药收到了，物流信息快，吃后感冒症状好多了
2021-09-24 13:53:17,比实体店便宜多了！这药效果不错！家里必备良药！
2021-09-15 19:57:57,宝贝连花清瘟胶囊已收到，物流快，店家服杠杠的????
2021-09-29 18:29:26,是正品 价格真得比实体药店便宜好多
2021-09-26 10:36:37,发货很快，和药店买的一样
2021-09-28 15:22:57,和药店一模一样。便宜不止一点点。
2021-10-01 17:32:57,物流满分??，包装快递满分??，配送员态度满分??，
2021-09-16 06:44:41,老顾客啦，购物方便，价格实惠，包装仔细无破损，快递给力
2021-09-18 13:22:18,正品，比实体店便宜，下次还来光顾
2021-09-19 15:54:01,搞活动用劵买的，便宜，常用药，喉咙发炎吃有用
2021-10-05 18:23:42,物流很快，当天下单，第二天就到了
2021-09-26 18:37:58,感冒上火经常吃莲花清瘟，比在药店买便宜。
2021-09-18 09:24:02,发货很快，物流我很快，价格实惠，日期也很新鲜，福建这边沦陷了，买一些预防的药，比较踏实
2021-09-15 03:41:17,包装完整，发货速度快！
2021-09-26 19:56:42,日期还算很近的，备点以备不时之需，价格比药店便宜很多
2021-10-02 21:23:50,发了红包，然后买了这个药品备用，秋冬季节来了容易流鼻涕感冒，价格很划算，阿里健康大药房买东西方便。
2021-09-09 22:34:55,整体来说，还是很好的，非常值得再次回购
2021-09-30 07:48:36,购物体验不错啊，网购药品方便实惠。
2021-09-19 17:17:00,多次购买  正品效果好  阿里药品放心
2021-09-30 15:12:45,还没吃，优惠时买来囤着的，冬天到了马就可以用了，价格比较实惠性价比高。
2021-10-08 14:33:54,买来备用的，物流速度快，价格美丽。
2021-09-10 22:02:53,店家发货快！包装精美，产品质量可靠！信价比高！
2021-10-01 22:28:52,没事囤点药以备不时之需，快递非常快good??????阿里健康大药房一直很好
2021-09-11 22:20:36,一直在网上买药，比实体店便宜
2021-09-09 23:36:14,此用户没有填写评论!
2021-09-29 13:01:59,和药店一样，效果非常好，物美价廉
2021-09-28 09:54:14,比药店便宜 送达速度快！
2021-10-01 16:38:46,有活动就买了，备着
2021-09-10 20:48:12,备用感冒药，和藿香正气液一样必备
2021-09-12 18:24:44,正品，用了优惠券，特别划算
2021-09-30 06:15:54,价格实惠，和实体店一模一样
2021-09-16 14:21:41,都是比较新的正品药，非常好
2021-10-01 20:22:05,物流很快 很方便 还比较实惠 下次在回购
2021-09-29 12:49:12,跟实体店一样，价格比实体店便宜
2021-09-25 12:47:02,价格实惠，效果也不错
2021-09-16 13:03:08,非常好，价格低，作为普通百姓，真的感谢平台给我们的实惠，这才是真正的帮助底层贫困户！作为社会底层劳动者，说一声谢谢您！
2021-09-17 19:28:33,第一次体验阿里买药，感觉非常好。首先包装干净清爽，收货后又是验伪流程、又是用药指导，服务链条很棒。
2021-09-27 16:10:24,价钱很合适，效果很好
2021-11-14 08:14:15,速度很快。效果一般。
2021-10-11 20:02:08,换季时爱着凉，囤着的&hellip;&hellip;
2021-09-29 15:38:25,首先给好评的，全五颗星星的哈，真的是物美价廉的好，希望以后得到很多活动，值得购买！
2021-10-06 20:00:00,别人说这个好，还没吃，应该可以
2021-09-16 10:56:51,药??不错，包装完好，发货快??快递师傅上门送货????????
2021-10-01 12:31:42,第一次在阿里大药房买东西，店家迅速发货，很快就收到，包装仔细，给我非常好的印象。
2021-09-30 10:11:39,效果不错，比药店便宜！
2021-09-27 19:16:19,家庭常用药，比药店便宜。
2021-09-25 09:23:50,比药店购买实惠。
2021-09-15 12:40:18,方便快速，价格也优惠，家里储备药。
2021-09-30 22:01:18,比实体店便宜很多，质量也好。
2021-09-24 10:28:34,很好，买了药还能换购一些消耗品，非常好，超值
2021-10-01 23:07:40,正品，实惠！
2021-11-13 20:40:02,疫情期间，药店都不能买了，囤起来
2021-09-15 16:18:02,第一次网上买药，希望是正品
2021-10-01 15:11:04,备用的。用优惠券便宜多
2021-11-08 18:03:10,第二次购买了 第一次包装得很好 第二次盒子挤压非常严重 里面的药盒全都变形
2021-09-16 10:27:34,经常在大药房买药质量很好。客服美眉服务周到热情。
2021-09-24 14:18:44,药品很好，价格实惠，物流也很快。
2021-09-14 15:46:23,治疗鼻炎效果可以
2021-10-02 08:59:44,有红包，真的很划算
2021-09-25 23:29:03,价格比较实惠性价比高，正品无疑，发货速度快
2021-09-30 02:21:49,方便实惠
2021-10-01 15:10:38,用了优惠券便宜。备用的
2021-09-10 14:16:27,优质好药，阿里大药房购药物美价廉，方便快捷。
2021-09-20 21:43:57,药不错大品牌质量可靠
2021-09-19 20:17:16,东西收到，朋友帮我带回来时已是破损状态，内部药品部分包装破损。不影响使用，还好只是买点常备药品，不过我还是想问下能否换家快递。
2021-09-12 22:23:37,好比药店便宜
2021-09-24 16:12:45,价格实惠，买来备用。
2021-09-17 16:43:29,快递很快，质量棒极了，建议购买
2021-09-17 14:16:48,价格实惠发货很快
2021-09-30 17:23:45,领卷购买便宜。
2021-09-30 22:54:01,和外面药房买的一样
2021-09-25 15:08:30,阿里健康搞活动一块钱买的超级划算  超级棒
2021-09-27 10:12:52,非常便宜，非常好！
2021-09-17 10:29:03,蛮好的 一直回购 必备（这次箱子破了点 紧凑了些
2021-09-26 10:08:15,真的超级喜欢，质量非常好，与卖家描述的一致！
2021-09-24 20:45:44,第一次在网上买药，很方便，也很实惠
2021-09-19 12:07:48,东西不错，推荐购买。
2021-08-13 20:44:26,此用户没有填写评论!
2021-09-23 22:41:55,昨天下单，今天就收到货了。必须点亮五星
2021-09-19 18:31:02,大品牌值得信赖，值得购买还会再来东西还行，店家热心。
2021-10-02 13:06:20,还不错，挺快的，方便，不出门就可以拿到
2021-09-28 07:01:45,正品有用
2021-09-24 18:58:51,正品很好
2021-11-04 13:05:36,阿里药房的药很全，性价比也比较高，就是这次送药的速度好慢
2021-09-19 13:48:19,质量很好，值得拥有
2021-10-01 11:12:07,很好哦，药非常管用，是正品
2021-09-13 10:50:19,便宜，正货，物流超超级快，服务好!特别好!
2021-10-09 12:28:36,此用户没有填写评论!
2021-11-07 11:09:09,救命的速度，感谢阿里。
2021-09-25 07:32:14,提前准备好，以备不时之需
2021-09-20 20:19:33,不错，在阿里买了多次的药。正品物流速度也快！满意&hellip;
2021-09-30 10:29:36,价格实惠好用，发货速度很快。
2021-09-16 09:35:23,【heraldcorp】[Wendy演唱《由美的细胞们》OST Part.1]Red Velvet Wendy演唱Tving原创电视剧《由美的细胞们》OST Part.1，拉开此电视剧OST华丽序幕。 16日，《由美的细胞们》OST制作方Stone Music Entertainment透露：&ldquo;17日将公开Wendy演唱的与电视剧氛围非常适合的第一首OST，后续会每周公开1~2首OST。&rdquo;#Wendy[超话]#
2021-09-25 19:34:35,客服人員特別有耐心，特別好，買來當備用藥
2021-09-28 16:34:22,日期都非常好，买来囤着的
2021-09-28 10:43:18,发货神速 非常满意的一次网购
2021-11-06 18:46:24,好评都是刷出来的吗？这药扫码都扫不出来问客服也不回答，买的别的药都能扫出来码，唯独你家买的这两个扫不出来，不敢吃，怕吃出毛病，想买的别盲目下单
2021-09-25 09:09:49,风一样的速度，特别满意
2021-09-28 21:06:15,价格划算
2021-09-20 13:11:55,大品牌，用起来很放心，客服真的很不错哦～
2021-09-30 08:38:43,挺快就收到了，是正品
2021-10-01 19:56:31,治感冒的好药，有备无患
2021-10-02 18:51:18,没喝过这种感冒药，不知道好用不，有活动拍下试试，先屯着。
2021-09-28 08:15:30,物流快，跟药店买的一样，价格便宜
2021-09-25 13:17:15,日期新，可以屯点
2021-10-01 08:57:55,和店家描述的一样
2021-09-22 16:06:45,宝贝收到了，泡腾片也不错！
2021-09-27 19:52:54,很好，买了，以备不时之需，希望用不上
2021-09-22 00:01:38,比药店便宜，值得购买。
2021-09-14 14:08:31,包装好  发货快
2021-09-24 13:38:41,方便快捷，价格也便宜
2021-09-16 19:03:07,货已经收到了，包装好，质量不错。
2021-09-25 10:25:52,跟线下一样
2021-10-01 21:48:15,东西质量非常好，与卖家描述的完全一致，非常满意
2021-09-17 15:36:01,发货很快呀，有券的时候还是值得屯点的 &omega;?）
2021-10-01 08:53:08,非常好发货很快，跟药店一样
2021-09-29 18:34:19,看到网友们的好评买来备用，先给好评！
2021-09-30 19:53:23,跟药店买的一样   物流也很快  好评
2021-09-28 11:28:53,两天就到了，家中常备药，有备无患嘛
2021-11-15 12:36:14,怕疫情严重 囤货
2021-11-04 17:53:37,此用户没有填写评论!
2021-09-11 11:38:20,发货迅速质优价廉。
2021-10-02 08:20:21,天气渐凉 预防为主 有备无患
2021-09-30 20:21:45,不错，发货很快，也没有破损，这是第一次在网上买药品，购物体验很棒
2021-09-29 13:35:02,这个价格很好
2021-09-10 22:17:04,价格实惠，值得购买！
2021-09-26 21:29:15,还没用，先好评吧，以后再评论
2021-09-27 10:35:59,买了好多药备上，冬天快到了，药很正规，好评！
2021-09-30 23:58:21,和生活中买的一样，很好
2021-09-30 20:23:42,非常不错，药还在路上没回来的时候，我的病已经好了，赞????
2021-09-12 21:40:22,正品，这里买放心
2021-11-10 18:53:03,差评，差评，一家卖的相同的药，价格贵，价保也不给赔付。差评差评，大大差评。
2021-09-27 15:08:40,备好，以防不时之需，值得购买！
2021-09-13 17:03:57,可以治疗不错
2021-09-12 14:16:40,和实体店价格差不多，发货快。
2021-09-27 14:03:16,非常棒，效果不错
2021-09-23 17:00:03,回头客，继续支持
2021-09-14 23:43:30,此用户没有填写评论!
2021-10-01 12:30:23,快递很快包装也不错
2021-09-28 20:05:03,感冒有这个太好了
2021-09-26 12:08:42,阿里药房信得过
2021-09-21 17:59:04,搞活动就买了，囤货的
2021-10-02 00:08:50,很快很赞 超级好
2021-09-18 11:16:28,感冒药买来备用的，清热解毒风热性感冒。每合2板24粒，一次4粒，一日三次，一盒可以吃两天。
2021-09-29 18:01:40,家庭必备，好药
2021-09-30 05:05:22,好用  性价比高
2021-09-21 16:10:46,速度快，非常好
2021-09-11 17:57:57,家庭常备药，多次购买
2021-09-21 14:17:44,正品，到货快
2021-09-27 19:56:27,正品药，不错
2021-09-12 18:04:31,对流感特有效
2021-09-25 16:31:27,可以，送货师傅很好
2021-09-25 21:30:37,已验，是正品
2021-09-10 22:21:33,收到，可以
2021-10-02 22:26:43,真不错，挺快的
2021-09-20 16:02:16,真的推荐啊，快递速度特别的快，爱了爱了
2021-09-27 19:44:28,效果不错，价格比实体店便宜，物流快
2021-09-29 21:58:20,为了屯药，挺好的～
2021-09-16 19:26:12,还不错，挺快
2021-09-22 19:32:44,给给说很好用
2021-09-19 22:35:54,是正规品牌
2021-10-08 23:47:13,家里常备药，都是在这里买
2021-11-11 21:07:09,分开四次发货，前后足足差了6、7天才把货收完
2021-09-16 11:13:31,就是好哈哈哈
2021-10-02 12:18:53,很好 很便宜
2021-10-02 16:38:47,习惯性好评，备着
2021-10-01 11:48:46,很快到手
2021-09-22 17:30:02,定期回购的
2021-09-27 06:03:04,推荐购买
2021-10-02 14:12:42,非常完美
2021-09-16 14:35:44,物流速度很快，多次购买
2021-09-12 19:12:00,很棒，快递很快，生产日期是新的，到期还要好久，买着备着的
2021-09-25 15:44:03,发货快，已收到，先确认。
2021-10-02 14:11:14,可以，不错，需要再来
2021-09-16 23:45:11,阿里药房，买的放心??
2021-09-15 15:02:51,买了安心
2021-09-22 14:47:33,药品生产日期都比较新，规格多样，方便选择拼单，配送速度太慢了。
2021-09-16 08:58:28,发货速度很快，效果也很好
2021-09-14 23:54:36,配送超快，点赞
2021-09-10 14:16:27,方便快捷，物美价廉。
2021-10-01 08:35:58,质量很好！
2021-09-15 19:37:52,发货送货飞快??
2021-09-14 23:32:04,快递很快，药品没问题
2021-09-19 15:47:11,物流好快，很方便
2021-09-27 09:02:53,物流很快。保质期也很长。和药店买的一样！
2021-09-23 17:36:55,送货速度快
2021-09-23 13:01:47,近期生产的，备用
2021-09-21 15:59:20,感冒好了
2021-09-23 14:33:40,家庭备用，快递神速，好评。
2021-09-24 06:42:33,多次购买，值得信赖
2021-10-02 19:23:04,可以，不错，清热解毒。
2021-10-01 07:13:48,挺不错的，满意。
2021-09-27 21:42:11,家中备用
2021-09-17 11:33:58,收到，备用
2021-09-18 11:11:50,清热解毒流感冒。用于偏热型的感冒。中成药配方。24粒一盒。
2021-10-02 19:09:06,确实不错，物美价廉，很实惠
2021-09-23 19:06:28,好评，物流速度很快，买来备用
2021-09-22 21:28:38,是正品，很满意
2021-09-30 07:59:55,末按时间送达
2021-09-30 13:16:48,价格优惠，发货快，还没用，留着备用
2021-09-19 22:02:47,发货及时 ！很棒 ！
2021-09-15 12:31:00,物美价廉，值得信赖。
2021-09-23 13:39:09,隔天到，和猫超一个速度，有活动可以考虑?(&macr;?&macr;?)
2021-10-01 18:15:44,发货速度快，物美价廉，囤货！
2021-09-18 23:43:52,好评。正品
2021-09-17 16:28:57,石家庄发货离我挺近的，第一次在网上买药，感觉还不错
2021-10-01 19:19:37,货真价实，发货快，服务好！
2021-11-07 12:29:27,质量有问题，临近日期的产品还发出来
2021-09-28 20:44:04,发货及时到货快，好评！
2021-09-17 16:01:46,很好，很便宜
2021-09-24 19:14:06,非常满意!
2021-09-16 12:38:43,发货迅速，价廉物美
2021-11-06 20:37:14,服务非常差，可能店大欺主吧，拍的消炎药也不给发，也不告知，就给退了。审核也填了，现在又说买的药重复不能同时买，但是你也没有任何消息说不能同时买，最起码发信息说明原因，无故关闭订单，态度非常差！
2021-10-01 18:12:31,发货速度快，便宜，囤货！
2021-09-25 07:02:43,好评，包装好
2021-09-28 12:04:49,物美价廉，发货快，物流快，没耽误使用
2021-09-20 21:24:55,很好很满意，卖家发货很快
2021-11-08 15:27:37,个人比较容易上火，备一些用。
2021-09-27 20:20:33,一直用以岭的莲花清瘟现在老是气温变幻不定备着点感冒药以备不时之需！
2021-11-07 13:51:14,此用户没有填写评论!
2021-10-01 16:42:02,发货速度快！
2021-09-29 12:30:49,发货速度快，是正品
2021-10-01 07:13:11,物流没的说，希望感冒早日康复，最怕感冒了～
2021-09-29 20:59:07,正品，发货很快
2021-09-23 19:40:45,物流太快了，用了红包买的好便宜，买来备用，治感冒效果不错。
2021-09-22 08:32:22,物流很快，客服态度不错，好评！
2021-10-23 20:07:36,此用户没有填写评论!
2021-10-30 09:11:43,看起来不错，不知道真假
2021-09-23 06:57:10,价廉物美
2021-10-02 21:26:56,物美价廉，发货快，物流快，不耽误用药
2021-10-01 18:41:14,很满意，物流很快
2021-11-08 22:00:38,买过很多次了
2021-11-11 20:19:26,上火清热。
2021-11-11 10:57:05,说好的隔日达，我病都好了才慢悠悠的到货....真的大无语
2021-09-22 15:15:28,用了优惠券价格便宜，主要是带着备用，快递次日达
2021-10-30 07:54:21,家里买了一些备用药，特殊时期。是正品。物流很快。
2021-09-22 16:55:48,莲花清温是治疗感冒的好药，尤其是现在早晚温差太大，人对外界的温差还没有适应调整好最容易感冒莲花清温是首选药，效果立竿见影，五星好评
2021-09-25 11:12:57,物流很快，希望感冒快点好起来
2021-11-10 11:52:30,天猫商城现在都不送货上门了，越来越不象话
2021-09-15 16:20:08,用红包买的特别便宜，第一次网上买药不知道效果如何，免运费还行，加运费的肯定不合适，送货速度是非常快！
2021-11-12 23:33:52,还没吃，一起买的其他药好使
2021-11-12 15:18:05,药品还行，物流很垃圾！特别垃圾！
2021-09-22 17:34:44,物流很快，次日送达，跟实体店的一样
2021-09-20 15:28:51,可以 给了十元劵买的
2021-11-07 20:26:22,货已收到，还没用
2021-11-12 20:15:27,感觉买贵了比药店还贵
2021-11-12 10:41:11,备用 虽然??医院贵
2021-08-11 10:18:50,价格合理，产品质量有保证，客服解答耐心，直播间的老师很专业很细心！非常好的产品，绝对会推荐身边的朋友同学。
2021-11-10 15:15:48,储存的，还没用，希望用不上
2021-11-08 20:05:47,还没吃，备用的。
2021-11-03 21:18:05,备用时一直是你家的。
2021-11-11 08:45:38,习惯好评
2021-11-12 10:51:29,此连花非彼莲花
2021-11-12 12:55:40,中药 治感冒
2021-10-23 16:17:22,自己系统有问题还怪用户不及时填写信息，把我订单自动取消，找其客服理论，根本提供不了任何凭证证明自己系统没问题，事后承诺保价退差，线下退我邮费，半个月了也不处理，每次进线咨询都敷衍了事，膈应人，服务态度很辣鸡，毫无诚信可言
2021-11-07 22:05:51,速度很快，，挺好的。。。。
2021-09-16 20:21:56,药没问题就是物流没预计的快
2021-08-10 10:35:17,备着点，价格实惠！便宜送货速度 非常好??
2021-10-19 10:28:27,物流速度真的是没话说，就是一个字：快。商品从外包装来看非常高档，真是一分钱一分货，贵有贵的道理
2021-10-27 18:11:37,日期大多还有2年多，这些年都在阿里健康买还是可以的，近期价格相比浮动有点大。很多药相比半年前贵了。
2021-08-17 20:59:09,东西不错，是正品！
2021-08-12 22:42:54,每一次都很满意，这次选的宝贝更加满意，以后还会一如既往地买下去
2021-11-06 08:07:01,最近都不大好买药了，实体店都不如网上好买，买一点以备不时之需
2021-09-22 15:41:21,总算可以买了，不容易啊，买着备用的，怕到时又买不到了
2021-09-07 09:44:05,这个包装是我见过最棒的了??
2021-10-25 18:26:33,胶囊的一次要吃三粒，比颗粒方便一些。
2021-08-11 16:27:33,非常划算用10元的红包优惠券拍的，花了不到2元钱买了一盒药，以岭连花清瘟胶囊是之受缓解感冒症状的常备药名牌药，而且是阿里大药房拍的，品质有保证，好评！
2021-08-13 15:38:49,第一次在阿里大药房买药，超级划算，品质也一样很实惠，比药店便宜一半呢
2021-10-28 12:26:46,东西收到，就是快递有待提高，说的次日达最后二天才到??????
2021-08-29 21:36:06,没问题，效期很长
2021-08-31 19:24:08,产品早收到了，今天有空评论下，己经习惯网上买东西了，价格便宜，质量也很好
2021-11-02 16:12:25,感冒预防
2021-08-12 12:24:15,包装好，物流快，价格实惠，比本地药房便宜多了。我已经是多次购买了。
2021-08-28 10:49:01,一直听说这个药不错，这次买了以备不时之需。希望是正品。还没用上。
2021-10-28 11:01:35,此用户没有填写评论!
2021-09-01 08:10:47,发货送货速度快
2021-09-07 20:28:02,备用药品，下次再来，
2021-08-10 14:01:45,之前买过，效果还不错，这次买来先放一盒备在家里用
2021-08-11 16:17:50,一如既往的好，阿里大药房买医药品不用担心买到假货。这玩意必须得整正品，不然安全堪忧啊。物美价廉
2021-09-01 20:54:39,相信品牌的力量！阿里健康大药房货真价实！值得拥有！
2021-09-07 12:51:40,快递员很好！
2021-08-18 22:48:04,强烈推荐连花清瘟，只买了一盒，喝了两天就好的差不多了，考虑多备几盒
2021-08-11 19:57:29,日期较新。不错。发货快，发货地距离收货地很近
2021-09-21 09:45:39,感冒的时候很管用的
2021-09-05 17:12:41,喝了止咳的，效果可以，是正品，放心购买
2021-09-01 22:09:15,和医院开的一样，比医院便宜一点
2021-08-20 14:48:42,朋友推荐买的，常规药买点在家备用。
2021-08-19 20:59:53,保证正品，价格便宜，效果好。健康大药房真不错。品质好
2021-08-13 17:33:04,可以说，家里日常必备呢。正直德尔塔病毒肆虐期间，用来预防也是不错的选择。
2021-08-18 05:06:51,买着备用，平时感冒一直吃这个，效果很好。
2021-08-30 20:09:34,一直都在这家买的感冒药，效果还是很好的
2021-09-07 17:56:59,感冒药收到了，最近天气忽冷忽热，容易热伤风，便宜好用的感冒药！！！
2021-08-18 14:13:55,终于收到我需要的宝贝了，东西很好，价美物廉，谢谢掌柜的!掌柜态度很专业热情，有问必答，回复也很快，我问了不少问题，他都不觉得烦，都会认真回答我。再说宝贝，正是我需要的，收到的时候包装完整，打开后让我惊喜的是，宝贝比我想象中的还要好!不得不得竖起大拇指。下次需要的时候我还会再来的!
2021-08-29 17:41:13,药是正品，前两天收到时正好感冒了，就吃了，药价格实惠比药店买还便宜点。
2021-08-11 14:02:30,现在买药很困难，药店很多药都买不到，这个很方便，有需要还会来购买的！
2021-09-03 23:13:29,效果很不错，价格也很实惠。
2021-08-17 15:21:16,跟医院价格一样，胜在方便
2021-08-10 14:36:19,价钱便宜，效果用后追评
2021-09-05 16:29:39,宝贝质量很好价格也便宜，性价比很高，与产品介绍描述一致。客服对提出的问题都及时解答了，对选购商品有帮助，物流发货速度及时，非常满意。
2021-09-02 07:35:16,多次购买了，比实体店便宜多了。
2021-08-12 10:46:39,很好价格便宜包装完整
2021-09-02 16:09:55,一起给孩子拍了几种常用药，上学的时候带去学校备用，价钱不贵还方便
2021-08-11 12:24:27,阿里健康的药价格很实惠 很方便 好评
2021-08-27 11:21:12,正品药物，正常储备，方便快捷。好评！
2021-08-20 13:34:50,总体来说还说还是很不错的～很满意～
2021-09-02 08:34:36,质量有保证，价格还便宜
2021-08-24 23:22:46,正品 挺好 方便家用囤货 要是免运费就更爽了
2021-08-14 16:30:33,赶上活动的时候买的，划算
2021-09-08 20:01:01,实惠，家庭常备
2021-08-11 06:48:51,很划算，囤着总没错
2021-11-05 08:47:11,此用户没有填写评论!
2021-08-29 01:54:02,连花清瘟胶囊是21年1月的生产日期，众生丸更离谱20年10月，剩半年多有效期，呵呵
2021-08-21 16:01:27,第一次在网上购药，在阿里健康大药房买药放心！
2021-08-19 21:46:26,非常好??药是正品
2021-08-10 22:23:28,比较正，用着效果还不错～
2021-08-18 15:26:55,习惯用药，风热感冒，咳嗽，就吃它联合肺力咳，特别见效。
2021-08-15 16:11:44,听朋友介绍，为防疫情囤货。
2021-08-17 07:06:14,正品 日期好 囤货
2021-08-29 19:44:06,发货快，日期新，给孩子带着上学住校备用的
2021-08-16 16:05:41,听说效果挺好，买着备着
2021-08-16 07:33:24,疫情期间囤货。期待效果
2021-08-25 15:23:34,不错，比药店便宜，家庭常备。
2021-08-13 12:52:57,活动买的 很划算
2021-09-05 11:50:52,发货速度很快，阿里大药房的专用纸箱包装的整整齐齐，药品日期新鲜，好评！
2021-08-22 10:18:50,便宜，留着备用
2021-08-30 23:44:34,便宜 又使用&hellip;&hellip;
2021-10-19 15:36:42,需要填写个人信息，符合防疫要求。
2021-08-17 15:56:26,质量很好，正品，价格合理
2021-09-06 20:05:21,包装严实，可以扫码查验。有专业医生指导，不错。
2021-08-29 15:07:40,商品很不错，卖家发货快，物流快递也很快，而且卖家的服务态度也很好，有问必答，是一家很不错的店铺，值得购买！^_^^_^^_^
2021-09-07 08:52:24,跟视图描述一样
2021-08-11 15:57:59,看了很多评论对比来对比去才下单，商品没有质量问题，收货时包装完好，没有破损，比实体店便宜多了，满意。店家回复及时，沟通流畅愉快，希望卖家生意越来越好。感谢快递小哥辛苦配送，这是一次愉快的购物。好评到此结束。
2021-08-22 18:10:43,便宜有效
2021-08-17 10:43:50,包装严实，今天买隔天就到，好评。
2021-08-14 20:37:12,还不错，家里备着以防万一！日期很新
2021-08-16 23:07:10,爱就在身边，只需要用心去感受，伤痛只是暂时的，等你到了我的年纪再回首这一生，他们都是你匆匆一生的美好回忆。
2021-08-27 07:14:46,买了好几次，真心不错，那怕备用都是不错的
2021-08-10 21:02:34,正品好货
2021-08-15 13:07:34,是正品，效果很好
2021-08-18 00:17:42,不错，便宜方便，备着安心
2021-10-22 14:24:46,很无语，作为阿里大药房的老顾客，家里备用药全在这里买，就因为钙加锌液坏了几瓶，让我知道你们是这样的服务，几块钱真的不稀罕，客服给差评
2021-08-14 13:50:24,商家发货快，包装完好，日期近有码可扫，买来被不时之需
2021-08-29 22:18:32,货已收到，价格实惠，第二次购买
2021-09-02 15:21:35,莲花清瘟很管用，碰见活动了屯一点
2021-08-15 16:44:54,非常棒的交易对象，守时重信。中国卖家守信典范！
2021-08-19 07:44:23,客服服务质量很好。发货快，包装完好，日常备用。
2021-08-17 05:55:22,宝贝收到，已多次购买了，是正品。
2021-09-07 21:17:59,宝贝物超所值，很喜欢，下次还会来的
2021-08-12 08:26:34,和药店的一样
2021-08-10 10:46:51,发货快，价格便宜，放在家里备用的。
2021-08-11 08:57:31,跟药店一样的
2021-08-19 17:01:22,跟描述相符
2021-08-10 13:12:35,是正品，买回来在家作为备用药
2021-08-27 18:26:58,相信阿里健康，还能指导用药
2021-09-01 21:46:01,防疫备用物资！先全五分好评！
2021-08-12 13:52:15,买了几盒，感冒退热之类的，家里必须有备用的很好
2021-08-20 08:48:19,提前买好，屯着以备不时之需
2021-10-19 10:35:36,我老公吃了一次药，犯恶心难受，不能吃，效果也没，没再吃了，以后也不在网上买药了
2021-08-17 18:36:06,感觉还不错，先囤一点，以防万一
2021-08-19 13:25:04,莲花清瘟胶囊必须囤起来
2021-11-02 23:33:05,旅进旅退**兔兔快乐旅途听课记录巨泰考虑考虑路兔兔V5
2021-10-18 16:34:51,抗感冒发烧有奇效，中药的瑰宝
2021-03-18 14:47:36,此用户没有填写评论!
2021-08-12 21:29:06,包装好，物流快，价格实惠，非常满意！
2021-08-19 15:26:17,宝贝不错挺好的
2021-08-16 13:22:18,不错，比药店便宜。好评！
2021-08-14 00:17:29,放家里备着。用后再来追评
2021-08-10 22:14:39,一个字好，两个字很好，三个字太好了！哈哈&hellip;&hellip;
2021-08-15 16:55:14,网上第一次买药，不错，以后还会再来
2021-08-14 15:52:28,价格便宜，发货快，药效好。
2021-08-21 11:40:37,很好，比实体店实惠
2021-08-16 21:20:32,送货非常快，官方的有保障，各种服务响应迅速
2021-09-01 14:00:33,东西收到了，价位挺合理
2021-09-03 20:05:04,特殊时期，需要实名认证，买来备用的
2021-08-10 19:21:40,希望正品
2021-08-17 17:13:50,客服服务很好 发货很快 中途物流耽误 客服也帮忙积极解决 买一些备家里
2021-08-21 23:51:36,用来备用的，对流行感冒很好。
2021-08-13 20:28:39,生病一直用这个药，挺好的
2021-08-15 19:23:26,药品质量有保障，留着以后用，好评！
2021-08-15 15:58:10,发货快，正好用上。
2021-08-24 08:57:46,药效好，以后还会回购
2021-08-13 18:32:47,回购了，用了就知道，不多说。
2021-10-30 11:50:43,还可以，跟实体买的一样。
2021-08-11 12:40:13,买在家里备着有备无患
2021-08-11 22:43:53,N次购买，效果好
2021-08-21 17:52:17,比实体店便宜好多
2021-08-22 20:33:07,这个药很好！备货中！
2021-11-05 20:03:43,正品，发货很快！
2021-08-26 15:52:38,常备药，很好的一款药
2021-08-25 06:52:15,挺好的，发货快，家庭日常备药。一盒只有两天的剂量，有活动要多备用。
2021-08-25 17:15:31,备用，应该没问题
2021-09-01 17:02:31,还不错哦，家里备用
2021-09-06 16:54:30,收到的当天感冒了??
2021-08-21 08:49:46,完好无损，正品
2021-08-13 07:51:08,好  品质有保证
2021-09-02 12:10:41,很方便。特别好。
2021-08-16 15:56:00,信赖方便快捷
2021-08-17 09:41:43,吃热感非常好
2021-08-18 21:04:56,一如既往地好
2021-09-01 23:33:17,好用！有备无患
2021-08-13 09:47:52,家里必备品??
2021-08-14 14:04:29,便宜，不错
2021-08-20 17:52:51,囤货，是正品
2021-08-28 16:12:41,红红火火恍恍惚惚好红红火火恍恍惚惚很好很好很好
2021-08-21 11:03:27,管用，效果好
2021-08-18 22:23:09,五星好评&hellip;&hellip;速度老快了
2021-08-15 11:07:53,不错不错，很便捷
2021-08-15 23:06:41,很快就收到了
2021-08-21 22:12:16,降火效果好
2021-08-13 10:41:14,囤货备用的
2021-08-31 11:06:15,常备药，很实惠，赶紧囤起来
2021-09-04 13:50:40,没有破损，物流速度快，性价比高，5分
2021-10-30 10:36:00,这个真真的好用吃了两次就不疼了
2021-08-11 01:17:51,还没用，以后追评
2021-08-10 20:16:57,好便宜，囤两盒，省的之后不方便买
2021-08-12 06:55:48,很好 满意
2021-09-04 15:32:57,很好满意
2021-08-22 07:48:24,五星好评！
2021-08-14 21:24:35,货已收到，价格实惠
2021-09-05 20:57:00,可以不错还没用
2021-08-25 11:47:36,药效不错
2021-08-24 16:24:28,家庭必备。
2021-09-08 14:58:40,非常给力！
2021-08-20 09:19:23,看着不错
2021-08-18 08:20:26,比较方便
2021-08-10 14:14:36,买的很及时～
2021-07-28 20:20:28,此用户没有填写评论!
2021-08-13 22:02:31,价格实惠，很满意
2021-08-22 21:33:32,囤货，安心。
2021-08-30 19:47:49,到货很快！
2021-08-13 09:56:52,一直在阿里健康大药房买药，发货快，价格优惠。
2021-08-15 21:39:38,多次购买，物美价廉。
2021-08-20 00:03:44,发货很快，这种情况下必备了，一直觉得它是最好的，无论疫情前后
2021-08-15 15:53:27,到货很快。
2021-08-14 16:35:00,快递小哥配送很快快快呀
2021-11-04 15:46:46,挺快的，就是生产日期有点早
2021-09-04 15:31:27,第二次购买了
2021-09-04 16:22:50,品质不错，值得购买！
2021-08-27 09:47:28,莲花清文，永远的神，无论在哪，我都是买，他，现在一天期间用这个就不。
2021-08-11 13:31:38,好评 阿里大药房值得信赖。
2021-08-11 07:52:54,一直这里买，备货
2021-08-29 09:43:18,发货快，和药房的一样，客服热情
2021-08-15 18:48:02,质量不错！
2021-08-17 20:14:10,家里一直常备这的一款药。 疫情反复，药房不给卖。
2021-08-28 08:46:16,质量很好，满意。
2021-09-06 11:45:02,挺好的买了几次了
2021-08-23 06:58:02,很实惠！就是标准！
2021-08-30 20:24:39,给家里备点药
2021-09-06 15:58:32,家中常备药品！
2021-07-18 15:59:03,此用户没有填写评论!
2021-08-13 16:45:42,物流很快不错
2021-08-21 06:34:53,价格不贵，日期也不错。快递很快就到了。
2021-08-10 10:36:58,很好啊，值得推荐！
2021-08-31 23:43:08,买来备用  已是老客户了
2021-08-25 11:11:13,挺好的，家里必备感冒药
2021-11-06 16:11:17,忘记评价了，物流很快早就收到了。
2021-09-02 11:53:28,很棒哦！值得信赖。
2021-08-12 13:03:53,家里备着用
2021-08-12 10:31:35,换季，囤货中
2021-11-04 20:31:42,比实体店贵两块钱
2021-08-20 22:45:43,挺好的，感冒吃这个挺不错的
2021-08-30 22:25:48,挺好的，发货快，和药房价格差不多。
2021-09-07 00:21:40,好评五星！多次回购了！！！他家的药品不错！值得信赖！！！医师讲解清晰！！听他们的没错！！！
2021-08-13 14:49:33,囤货，看家
2021-08-14 12:06:04,循例囤货
2021-08-16 23:00:33,日常备药
2021-08-12 21:27:49,中药之光
2021-08-11 01:24:23,提前备着
2021-08-22 18:27:55,感冒用用看
2021-08-12 21:28:11,国货之光
2021-08-11 17:40:55,阿里药房的，值得信赖
2021-08-15 15:10:00,买来备用的，很好，快递神速
2021-08-12 19:08:43,先用后评
2021-08-12 17:26:06,买给家人的，发货快，不错
2021-09-04 09:37:34,多次购买，满意
2021-08-17 21:14:25,先备上~
2021-08-10 16:05:35,看了微博热搜买的，家中常备，心里不慌
2021-08-20 17:14:10,前天拍的，郑州发货今天就到了，不到两天，速度好快，大赞。
2021-08-17 15:08:48,正品，值得购买
2021-08-21 11:20:04,发货很快 ，买药很方便。
2021-08-18 17:24:00,买来备用里
2021-08-25 15:28:37,很好，隔天就收货了，满意
2021-08-24 18:45:50,己收到，谢谢！
2021-10-23 15:33:26,神奇了，药都没有收到就给我签收了，会玩
2021-08-10 09:45:30,方便快捷，很好
2021-09-05 14:03:58,很好，特别满意
2021-08-28 23:52:09,不错，买来备用的
2021-08-19 11:20:13,好评，配送要能在当地仓库一次到位就更好
2021-10-31 20:58:55,东西还可以吧，就是客服
2021-08-11 21:46:20,感冒吃了这个药感觉好多了
2021-08-15 18:59:19,挺好的，备用药
2021-08-13 08:54:27,发货很快，是正品！
2021-08-19 19:10:46,好评，备用的，好评了
2021-08-18 14:17:51,备用的，不错
2021-08-26 20:34:47,收到，很好
2021-08-24 17:54:36,买回家备用。
2021-08-28 14:31:17,东东很好，快递也很给力，赞一个
2021-08-18 10:46:24,发货迅速，不错
2021-08-30 18:18:57,这个药不错，经常备这
2021-08-17 13:39:48,收到了，还没有用，备货呢
2021-08-12 14:09:09,不错，比线下药店便宜很多，物流也快，挺好
2021-09-07 01:20:54,买来在学校备着的
2021-08-28 21:01:03,东西是凑单一块儿买的 疫情期间实体店里没办法买 网上东西挺全可以买到 挺好的
2021-08-17 19:26:29,好 为了开学军训时候备着
2021-09-06 19:47:00,不知道药房卖多少钱，正好包邮就买了几盒放着备用，本地仓发货很快。
2021-10-20 13:30:33,每次有点感冒咳嗽就喝它，效果还挺好的
2021-11-01 15:43:14,囤货的，还没用，物流很快
2021-08-21 08:58:48,客服态度很好特别耐心解答问题。
2021-08-26 11:03:39,发货速度很快，东西挺好的
2021-08-13 10:08:13,还可以，日期挺新鲜的，疫情期间囤一点，听说可以预防。
2021-08-21 08:51:10,物流很快，赞
2021-08-21 14:18:33,此用户没有填写评论!
2021-09-07 19:38:17,这就是发过来的药品真是大开眼界！咨询了客服！客服来一句里面应该没什么事放心食用！
2021-08-27 15:50:05,药给力，吃了两三次就好了。
2021-08-20 09:06:17,帮朋友买的，也是备存货用的
2021-10-07 08:59:08,也不知道是发货没有包装好还是物流太暴力，收到时盒子都变形了，快递公司一个城市好几天才送到，还是打了好几个电话才给送，最牛掰的快递公司。
2021-11-05 09:37:52,发货快，物流快！
2021-11-06 16:19:46,正品，物流很快
2021-10-17 18:37:34,居然是空运过来的。。卖家是怕我着急吗，良心的卖家也是有的。
2021-08-13 10:33:48,挺好的，这个东西，平时还是需要准备一些在家里边
2021-08-13 13:00:56,非常满意，一直在这里买药，疫情期间感冒药药店不卖，要不是你家提供，叫人怎么活。
2021-08-05 21:58:02,性价比不低，价格真合适。幸亏买的早，现在涨价了。这个东西都说好，推荐给大家！
2021-10-20 17:36:04,常备药，一般轻度感冒用了挺好，预防感冒也可以用。
2021-08-28 18:56:47,囤货，习惯好评
2021-08-19 10:27:47,阿里巴巴的货还用评价吗？必须好用，发货速度特别快
2021-08-07 19:03:41,物流很迅速，包装也挺好，用上优惠比家里药店卖的要便宜，家中常备，一直信赖阿里大药房。
2021-08-11 09:37:08,快递到家，外包装箱和药盒已经破损，幸亏里边药物没有破损
2021-08-07 13:54:53,东西收到了发货挺快的买了几次了，很方便价格也实惠有需要再来
2021-08-08 11:27:07,每当感觉有感冒时就服用，遇到人多密集时回家也是立马服用，已经买了十多盒在家备用了，真的很见效，服用下去立马感觉凉凉的，有的咽喉疼呀或者流鼻涕呀一会儿就见效了，感恩连花清瘟胶囊
2021-08-29 18:36:03,一直用得是你家的。
2021-08-08 22:33:13,家庭常备用药！阿里健康买药又快又划算！常年在阿里囤货！
2021-08-01 21:42:42,买来在家里放着，需要时可以吃日期还算很新鲜的。
2021-10-21 00:25:02,效果还行 适合流黄鼻涕头晕的时候用
2021-08-14 18:45:08,出国备用，希望永远用不到，疫情早点过去，大家平安归来，
2021-07-17 19:16:03,不错，经济实惠，方便快捷，居家必备。
2021-10-26 17:21:56,凑的单，还行吧，家庭必备
2021-08-07 22:18:19,这个必须要好评，包装很好，最近的日期，物流速度特别快，药品备用，不错值得购买
2021-07-12 17:30:09,一直从阿里大药房买，货真价实，比实体店便宜！
2021-09-02 20:14:57,买来备用的，天气转凉，容易生病
2021-10-19 08:06:16,其实还没吃，买一盒备着，物流挺快的。
2021-10-25 18:28:49,包装严实满意哦。就是价格变得快。
2021-07-21 23:41:30,这个药好以岭的连花清瘟对感冒发烧作用效果特别明显
2021-08-06 11:00:52,good..??????东西不错，非常棒，值得二次回购。性价比高，满意、十分的满意。关键是包装的非常好。客服态度很好，推荐给亲朋好友。??????&nbsp;  &quot;生活本身就不是尽善尽美的，也正是因为有缺憾，才显得是那么的多姿多彩。 接受生命中的不完美，因为这个世界上，本来就没有十全十美的事情。&quot;
2021-08-18 06:46:14,备着用，网上买药到底靠不靠谱，不知道，反正冲着阿里健康大药房牌子买的
2021-07-23 18:51:22,发货挺快的，21号晚上拍的，23号就收到了，总体满意，值得购买。
2021-07-27 15:14:28,价格实惠，比药店便宜。
2021-08-07 19:15:41,物流超级超级快！质量也非常不错，的确物有所值
2021-08-01 23:58:16,阿里健康大药房就是快 药效好！！保真
2021-07-29 22:40:25,质量很好!运货速度快!包装完好!性价比高!
2021-10-02 09:32:29,承诺不了到货日期就不要在界面醒目的写次日达，晚了一天感冒都好了。问客服时效问题就说那只是估计，误导你了我很抱歉。
2021-10-11 21:52:13,还没用。趁着有个优惠券囤货
2021-10-24 12:19:34,包装完整，还没吃，吃完再评价。
2021-08-08 16:21:45,特殊时期在家里屯点，药效不错的
2021-10-19 06:16:04,此用户没有填写评论!
2021-07-31 20:20:07,很好，家中常备！疫情期间，家里囤着比较好
2021-10-05 22:45:47,居然要登记，还行，比药店要稍便宜还包邮。
2021-07-28 11:38:55,宝贝已收到，物流包装完好无损。东西看着不错。这是给孩子备用的药。颗粒和药剂他都嫌苦，就这个是好的选择。不错，满意。
2021-08-01 13:19:38,价廉物美，发货迅速，十分满意，五星好评～
2021-10-16 18:51:36,日期不错的，买了备用。
2021-10-04 16:45:06,这个就是某个教授吹了很久的莲花清瘟胶囊，说是有抵抗新冠的作用啊，所以买一盒来当做家庭的备用产品，别等以后涨价了。
2021-08-06 20:43:41,还是很不错的选择，日期很新鲜，而且包装也很完好！
2021-07-11 16:38:14,物流很快，老牌子值得购买给五星好评！
2021-10-19 00:03:13,东西没到，就提交签收吗
2021-07-14 12:53:25,发货快包装好！同实体店买的一样，价格实惠，因为咽炎吃东西不注意就犯了，今早嗓子不舒服，吃了四粒，中午差不多就好了。
2021-10-19 14:45:25,物流太慢了 客服还不慌不忙的恶心人 推卸责任
2021-10-18 09:28:05,天气冷了，备用
2021-07-13 15:49:25,相信阿里健康大药房，正品便宜。
2021-10-06 23:18:17,快递特别特别给力，药也特别好，之前吃的其他的一直不好，吃了一个一晚上好了很多
2021-07-13 20:06:49,发货很快服务好，药收到了是正品，比药店的便宜真好用的。
2021-07-13 15:47:30,阿里健康大药房，客服服务不错，药正品放心，聚划算便宜，买点。
2021-07-29 21:37:11,已经扫码了，是正品，没想到比药店便宜这么多
2021-08-06 13:17:52,物美廉价还送货上门，阿里大药房品质有保证！
2021-10-15 18:31:48,虽然没收到快递，还是习惯性好评吧！快递员把我的快递搞丢了，联系了几次才回复，最后快递小哥赔了钱。真的大无语。。。。。。
2021-10-10 18:39:53,客服无法解决问题，服务差、不会在阿里回购了
2021-10-12 19:45:37,保定圆通快递真不行，动不动压件不派，大概到保定一星期才派件，找了圆通客服三四次，卖家一次，今天终于收到了
2021-10-07 05:51:08,和药店的说明不一样，不知道是不正品。
2021-10-28 00:02:57,物流太差了盒子严重变形
2021-07-31 11:24:22,雅塑奥利司他减肥胶囊真的会减体重，要想减肥达到理想的身材，得购买大量的减肥胶囊服用再配合着运动，才能达到理想的效果
2021-08-01 00:54:43,药品质优价格实惠，常备药品，放心拍!
2021-08-01 00:56:37,药品商家发货快，包装好，质量和药店一样，价格便宜，挺不错的商家&hearts;
2021-08-08 11:30:37,非常好，感恩遇见连花清瘟胶囊，感冒必备，感冒立马见效，凉凉的感觉，鼻塞立马通了，咽喉一下就不疼了
2021-10-21 11:57:55,分不清风热感冒还是风寒感冒
2021-10-09 18:06:28,药以收到，防疫期间买点感冒药太费劲了，只能从网上买了。
2021-07-24 15:53:07,药房现在买不到这个药，在阿里巴巴大药房买方便。包装很好，快递员送货快。
2021-08-02 10:38:13,天猫健康大药房的发货速度还是很快的 东西也包装得很好 好评
2021-08-08 16:25:13,跟实体店的一样，阿里药房第二天就到货，很方便
2021-10-12 18:40:59,说实话想给差评来着，6号下单显示7号到货，我才下单的，但是&hellip;&hellip;9号才到！阿里大药房也是让人无语了！
2021-07-28 10:20:28,买了备用的，给孩子住校的时候带着，发货快，看起来不错哦
2021-08-02 13:53:17,不错！发货也快。买什么药都是在这买也放心
2021-07-06 16:07:14,连花清瘟胶囊对感冒又比较好的效果又是中成药，特别阿里大药房买点备用，
2021-08-08 18:39:57,宝贝与描述相符，价格实惠，快递比较快，好评。
2021-10-17 21:20:47,要是发货能快点就好了。
2021-07-13 15:22:52,非常好的药，阿里大药房服务也比错，也放心不会是假药。聚划算便宜买点备着。
2021-10-19 15:39:23,药可以，中通不中，不经同意放到自提点
2021-07-06 16:10:38,药有清凉，薄荷的味道，吃下去舒服，挺好的。
2021-08-09 07:47:09,阿里健康大药房超级方便，保证正品，而且速度也很快！平时买什么药都从这里选，很方便
2021-08-04 12:53:10,这个必须好评！物流速度都很快，客服也处理问题到位！药品备用挺好(?????)
2021-08-09 14:19:30,线下药店感冒药都买不到由于疫情原因，买点放家里备用，线上阿里健康首选药店，买回的放心用的安心。
2021-10-18 00:28:45,没来没怎么吃，就吃了一次。
2021-10-08 14:54:13,买时页面显示隔天送到，却发的圆通，等了三天病好了才收到
2021-07-17 15:28:56,好药，聚划算便宜卖着备点。
2021-08-09 06:14:51,东西挺好，很喜欢，多次购买了，发货也挺快，总体满意
2021-10-21 14:01:08,快递不通知放驿站，差评
2021-10-22 13:55:15,天气冷了，备着
2021-08-08 14:51:02,是正品，感冒流鼻涕吃着效果挺好。
2021-07-06 07:17:25,领券买很划算，家里的常备药
2021-07-07 10:36:32,看着便宜囤货的
2021-07-29 20:31:02,好评，相信阿里大药房的品质，比外面药店的便宜
2021-10-18 21:03:59,发货和物流很快，备用药
2021-10-17 10:18:46,药到病除！
2021-07-06 15:24:08,莲花胶囊名气那么大，家里常备，聚划算时买一点。阿里健康应该不会假。
2021-08-07 07:05:04,21年1月的生产日期，很划算
2021-10-24 11:51:06,药效真的差
2021-10-25 08:26:25,老客户了
2021-10-03 16:51:16,不错，胶囊??比冲剂好吃多了。
2021-10-07 13:15:28,日期新鲜，物流速度挺快的，刚好用上了，心累&hellip;&hellip;
2021-07-07 18:36:44,对于风热感冒效果很好
2021-08-01 22:57:50,比在实体药店买便宜
2021-05-29 12:18:08,此用户没有填写评论!
2021-08-08 23:49:18,家中常备药，效果很好，有效果
2021-07-20 07:53:34,正品，比药店便宜。
2021-07-19 14:37:31,是正品呀，还会再回购的。
2021-08-03 14:32:38,挺好，以实体店便宜
2021-08-01 13:48:06,物美价廉，很OK，比实体店优惠太多了
2021-07-25 20:21:31,宝贝与描述完全相符；卖家服务态度好，发货速度快；物流也给力&mdash;&mdash;非常满意
2021-02-15 15:12:45,此用户没有填写评论!
2021-07-28 18:39:01,非常实惠
2021-05-19 17:28:16,此用户没有填写评论!
2021-07-12 07:49:23,已经多次购买了价格便宜很多
2021-07-23 15:16:20,效果很好，还会回购
2021-07-29 13:04:05,跟药店买的一样，价格便宜，好评
2021-08-03 14:23:41,活动价比较优惠
2021-07-27 18:56:46,质量可靠，价格超值，发货也非常快
2021-10-02 15:16:29,有些药丸破了，可能是天热，希望以后注意
2021-10-17 17:12:41,外包装没有破，客服态度很好，物流也很快
2021-08-09 11:58:36,比线下实体店价格便宜！
2021-10-17 18:32:44,物流很快，包装完好
2021-07-05 15:40:52,囤货的，做活动价格便宜
2021-08-04 11:19:13,宝贝已收到，物流包装完好无损。东西看着不错。这是备用的药。颗粒和药剂都嫌苦，就这个是好的选择。不错，满意。好评
2021-10-27 17:56:33,可以，送货及时。
2021-07-30 12:25:23,又有疫情出现，买盒放着心里踏实
2021-07-29 21:08:09,宝贝收到，物美价廉，非常满意，以后有需要还会来的！
2021-08-08 19:27:22,方便快捷，阿里大药房值得信赖
2021-07-31 16:35:02,比实体店便宜，买了两次了
2021-08-09 21:24:03,扫码验证了，是真的，可以放心用药了
2021-07-08 13:03:25,连花清瘟抗病毒效果特别好，最近流感多，买了三盒备着，刚感冒一次，吃了一天就好了，药效不错
2021-07-07 15:23:14,正品以岭，货真价实，非常满意！
2021-07-13 15:19:57,第一次在网上买药品，感觉很方便，很实惠。
2021-08-08 21:21:10,效果有用
2021-08-09 23:04:57,包装完好，送货及时，多次回购
2021-10-16 12:08:55,感冒药热型感冒中成药24粒一合的买来备用的
2021-07-28 13:13:31,非常好。昨天下单今天就到了。还送货上门。
2021-07-24 16:38:42,囤货。包装没有破损。
2021-08-08 19:12:10,宝贝己收到与商家描述相符合
2021-08-07 20:18:04,好用有效，品牌店铺放心
2021-07-13 15:18:35,名牌药，疗效好，中成药，家中常备。
2021-10-26 19:02:01,东西收到，物流很快
2021-07-30 18:53:15,很好很强大，发货速度很快。比在药店里便宜多了。
2021-07-06 16:08:50,药好，聚划算买着备用。
2021-08-05 17:12:10,宝贝与描述基本一致，发货很快，值得一买
2021-07-05 09:16:44,买过很多次常用药了，很喜欢，回头客。
2021-07-17 15:09:45,非常满意，质量特别好。
2021-07-30 22:30:15,阿里健康很不错，价格很便宜，发货也很快，好评。
2021-07-28 19:32:46,治疗感冒初起，效果不错！
2021-07-24 21:12:56,N次购买了，家庭必备。
2021-08-06 12:16:22,价格很好
2021-10-02 23:06:41,快递的服务态度特别差、派送两天才送到、打电话给他说感冒严重、到了他都不给我派送、服务态度极差、
2021-08-07 16:28:31,东西挺好，质量不错，满意
2021-08-09 17:34:24,疫情能送过来万分感谢
2021-08-09 07:56:45,不错推荐给大家
2021-08-03 10:59:41,家里常备药，还会回购的
2021-07-30 22:15:26,趁着活动给力买了两盒
2021-08-05 12:48:58,疫情期间备着，放心点
2021-08-05 08:34:01,买盒备着，以备不时之需
2021-08-09 22:10:37,合作愉快，期待下次合作。
2021-10-22 22:22:52,不错，发货挺快的
2021-07-12 21:30:21,买的莲花清瘟胶囊，阿里大药房买的放心。
2021-08-07 15:13:32,家中常备，以防万一！有收据和防伪码( ???? ? ???? )
2021-07-31 20:56:29,常备无患。到货非常及时。
2021-08-06 19:57:50,特殊时期买到真好
2021-08-08 23:57:36,包装完好无损，性价比高，买的时候没注意看，还以为是颗粒，谁知道收到了才发现原来是胶囊，囤货中，以备不时之需
2021-07-29 16:26:09,有效果再来追评
2021-08-09 10:32:42,正品，买来囤着的
2021-08-04 20:30:16,家庭常备药，物美价廉，不用去药店方便快捷。
2021-07-18 16:13:51,挺好用的，还不错
2021-07-23 08:59:20,去药店买麻烦，还是上网方便呢！
2021-07-28 23:31:43,买着备用～很好用。
2021-07-07 19:03:39,我感觉很适合我。
2021-08-09 06:02:16,疫情来了买点放在家里，备用
2021-08-06 11:55:33,发货快，到货快，疫情期间必备！
2021-08-03 19:51:32,可以备用
2021-07-13 00:17:12,绝对是最开心的一次购物，店家服务态度很好，售后也是
2021-07-05 17:14:13,发货神速，这个聚划算活动价可以，连花清瘟胶囊买着备用，对感冒特别有效。阿里应该不会有假药。
2021-08-08 08:19:09,很好，下次再用在来买。
2021-10-03 01:07:42,给客服和药师点赞，非常负责任有耐心，还没服用，不过经常买，相信不会有假药，这次唯一不好就是日期不新鲜，买来备用的，有效期只有半年了
2021-07-26 00:03:56,很不错，清凉
2021-08-02 22:11:29,好，快，便捷
2021-08-01 15:42:29,又快又便宜
2021-07-29 19:47:34,很好很不错
2021-10-09 09:52:35,优惠券领完2元到手
2021-08-08 18:28:25,在支付宝上可扫码。
2021-08-06 19:45:33,日期较新
2021-08-01 22:02:34,到货神速
2021-07-26 11:31:16,很好哦，备用
2021-08-09 15:28:30,非常不错
2021-07-25 23:26:03,一贯好评
2021-07-13 15:53:09,物流给力！没耽误！谢谢店家！下次还来光顾&hellip;&hellip;
2021-08-08 21:47:04,正品，还会再来的。
2021-07-28 20:58:24,相信品牌---给予好评
2021-07-30 16:19:48,囤货，以防后期买不到
2021-08-07 17:19:53,物流太快了！别人推荐买的，有备无患。
2021-07-06 20:29:17,发货速度是相当滴快??????????
2021-07-29 20:39:10,信任阿里大药房，好评。
2021-07-11 15:35:43,价格便宜，质量好
2021-07-30 21:16:18,Very good.
2021-08-02 13:11:28,疫情尚未结束，买来备用！
2021-08-01 19:52:48,巨快，第二天就到了
2021-07-09 00:32:57,好评，还没用，先存着
2021-07-07 13:22:10,居家必备，国货品牌
2021-07-31 16:16:20,药效好，药是备用的，满意～
2021-07-29 10:01:51,非常好，快递也非常快
2021-07-09 22:54:17,阿里健康棒棒哒，非常满意
2021-07-28 18:52:07,物流超乎想象的快
2021-10-13 03:19:50,吃完了，感觉效果不大，
2021-07-15 11:45:44,很好，网上购物就是方便
2021-08-02 21:35:04,方便快捷，效果很好，物流也很快。
2021-08-01 21:33:46,速度蛮快
2021-07-26 19:46:44,送货很快
2021-07-05 12:51:20,国民药，备着
2021-07-29 12:26:12,快递超级好！
2021-08-04 10:40:43,买来备着的，很好！
2021-08-06 21:35:47,商家很给力，物流也很给力！以后再回购！
2021-07-31 10:26:12,家里囤点
2021-07-30 16:00:36,囤上，感冒时备需。
2021-08-06 20:46:00,发货快，家中常备药～
2021-10-11 12:14:10,包装破损变形，和药店不一样，不知道是不是正品，购买需谨慎，商家服务态度差，售后无保障，自营店太霸道
2021-07-09 13:11:04,挺好的，物美价廉，感冒药囤货
2021-07-16 15:50:28,多次回购，好评
2021-08-07 16:06:39,备货中，快递很快，好评！
2021-08-09 21:23:02,快递小哥很准时
2021-08-06 22:14:42,可以！我也不知道药店多少钱。应该是正品。囤货！
2021-07-28 19:53:38,很不错，是正品
2021-07-17 21:00:40,送货速度快，质量好！
2021-08-07 22:41:55,没有好评返现，热感冒吃两天就好
2021-07-16 18:25:27,都收到了
2021-10-13 21:29:02,收到啦，物流很快，这个价钱买到就是赚到
2021-07-29 23:14:52,收到了，特别不错
2021-07-05 08:59:13,质量不错，值得推荐
2021-08-07 18:22:09,价格实惠，发货速度快。
2021-10-07 19:19:45,买着备用的，物流真快
2021-08-08 15:24:42,"收到,好评."
2021-07-12 11:46:13,药品收到，都挺好的，全好评。
2021-08-08 20:58:13,一月份的日期，不过比药店便宜很多。
2021-08-09 11:14:18,挺好的，发货快。好评！
2021-07-10 00:54:08,用了券买的，只花了一块多，阿里健康大药房，放心????
2021-08-07 16:12:38,满意，好评。
2021-10-13 09:09:57,快递倒是快，但被压的成狗啃的一样
2021-07-28 16:24:11,物流很快，日期新出的，值得信赖的商家
2021-10-13 09:08:43,不错，有效期很远。
2021-10-08 11:28:23,这个还好，别买幸福伤风素了，那个药给你发库存货，不到一年就过期的那种(那个药保质期三年)
2021-08-07 12:50:45,听说可以治疗新冠，所以就买了预备着。不管能不治疗，起码可以预备着
2021-08-06 19:15:19,挺好的，不错，发货快，物流快，给力
2021-08-01 20:21:32,很好，发货很快。
2021-10-10 16:57:25,日期新的，快递也很快
2021-10-15 19:18:04,疫情期间家中备着感冒药，审核严格，需要填写信息才安排发货，做好个人防护，不给国家添麻烦
2021-08-05 10:50:43,非常时期家庭备用
2021-08-04 19:45:28,挺好的，发货也快，也保真
2021-07-16 11:13:33,物流快，质量好！
2021-07-08 09:39:16,都是放家里备用的
2021-09-25 13:34:50,不错，用券买的，便宜 好像比以前更漂亮了。好像是这个么有电子版的吗&hellip;好像比以前更漂亮了嘛事业编就说话了吧台式的事
2021-08-01 21:54:59,顶流爱豆许可?绝美神颜许可?贺峻霖老婆第一人许可?白雪公主许可?人间甜豆许可?妈粉捕捉器许可?取向狙击许可?直播王者许可?全能ace许可?天生爱豆许可?断层top许可?热搜体质许可?
2021-07-18 17:52:42,把具体要写作业写作业我我我我娱乐两不误www点点点前天吧！了无图无真相信誉图啦啦啦啦啦啦啦啦啦啦啦啦啦啦啦啦啦啦啦啦啦啦啦啦啦！老友记那我下午跳楼
2021-08-08 21:41:00,比在药店买便宜多了，备上点，以防万一。
2021-08-09 14:40:48,愿你三冬暖，愿你春不寒，愿你天黑有灯，下雨有伞，一路都有良人伴。好评！
2021-10-13 11:05:10,挺好的，突然间发现一张红包就买啦
2021-10-01 13:14:33,用新人红包买的，没花钱，放在家里备着，毕竟现在换季很容易感冒
2021-10-06 06:07:15,快递就丢在门卫那里，连个电话都不打，到了都不知道。很无语。
2021-10-11 18:03:55,暴力快递直接把盒子压坏了，还湿了一个角，不知道有没有影响到药品
2021-07-19 22:28:03,买了三盒当备用药的
2021-08-05 06:19:07,终于收到我需要的宝贝了，东西很好，价美物廉，谢谢掌柜的！说实在，这是我淘宝购物来让我最满意的一次购物。无论是掌柜的态度还是对物品，我都非常满意的。掌柜态度很专业热情，有问必答，回复也很快，我问了不少问题，他都不觉得烦，都会认真回答我，这点我向掌柜表示由衷的敬意，这样的好掌柜可不多。再说宝贝，正是我需要的，收到的时候包装完整，打开后让我惊喜的是，宝贝比我想象中的还要好！不得不得竖起大拇指。下次需要的时候我还会再来的，到时候麻烦掌柜给个优惠哦！
2021-10-11 11:58:00,包装破损，看着不像正品，购买需谨慎，商家服务态度差，售后无保障，自营店太霸道
2021-10-14 11:25:35,除了盒子有点坏了都很好，快递很快，第二天就到了
2021-10-09 07:20:45,还行，送的挺快的，两天就到了。
2021-10-05 17:50:08,发货很快，就是一吃要吃的药太多了，效果还没感觉出来，吃三天了，再吃几天看看吧
2021-08-09 09:28:27,挺好的，发货也快
2021-10-11 12:09:18,正品，昨天到货，吃了晚上一次，鼻子通气了，不怎么流鼻涕了，喉咙也不痒了。
2021-06-14 22:16:59,市面上很多假货，还是正规渠道买的放心，而且这个价格很实惠。买来备用的救命良药，服用过的同事都一致好评推荐，尤其对刚出现症状时服用效果立竿见影，都说喉咙一股清凉感，很快就痊愈。
2021-10-08 19:46:10,天气凉了，适当的备了一点。
2021-10-06 19:17:20,还没有用   还不知道效果
2021-08-02 15:21:18,快递非常负责任。打电话通知。难得。
2021-10-13 14:38:28,流感多发期 买回来备用
2021-10-11 10:16:32,看这人少，我来给大家跳段街舞???????????????????????????????????????????????????????????????????????????????????????????????????????????????????????????????????????????????????????????????????????????????????????????????????????????????呼~累*了！
2021-06-20 23:30:44,一直都是吃这个药，效果很好。相信这个牌子！宝贝是正品，快递还算快，以后就这个店了。商品：品牌值得信赖，大药房也放心，宝贝包装很规范，常备用药，应该效果也很好，与卖家描述的完全一致，物流速度很快，全五分啊！
2021-10-14 00:43:29,感觉是假的，没什么感觉，跟药店里买来吃下去的药效差距好大
2021-09-24 14:03:13,24片是这次活动买的 36片是家里的存货 质量一样
2021-06-09 15:11:41,这个莲花清瘟胶囊比实体店便宜，是正品药??，跟实体店买的一模一样！
2021-10-01 11:09:12,药到了，前几天喝冰镇啤酒和吹空调吹的冷*了，早上起了痰多咳嗽了，希望这次会被药物治疗有所帮助！
2021-10-05 17:00:10,药收到了，可是病好了??
2021-10-16 17:57:01,物流很快，买来备用的。还没用到。
2021-10-02 15:01:58,快递也太暴力了吧
2021-10-09 15:49:18,快递有点暴力了
2021-09-30 08:34:58,用了阿里给的红包买太合适了，家中常备药。
2021-10-07 17:17:21,唯一不明白的地方就是，买个非处方药，还得填个表格。哎。
2021-10-09 17:09:59,等真正感冒咳嗽在吃药！预备的看不是假药
2021-08-07 22:41:30,没有好评返现。热感冒吃两天就好
2021-10-07 17:57:04,发货速度快，送货上门，好。
2021-09-25 21:59:41,买了6盒莲花清瘟胶囊，只发了5盒，还有1盒海洋胃药，发错货，太不认真了，与客服沟通多次，从上周四到这周六，10天了，一直都是说在核实，在核实，请问：就是发错一盒药的问题，至于核实10天么，太耽误事了，也太浪费时间和精力了，差评差评差评
2021-07-04 09:21:56,好实惠，在我家这这个价下不来，经常备点
2021-10-02 11:07:30,还可以吧 还没吃 不知道效果怎么样
2021-10-16 23:45:45,幸亏买了，伤风了，流鼻涕吃一次第二天就好了
2021-10-03 18:57:02,药闻挺大半天下不去
2021-10-08 19:35:18,介个感冒药挺好，里面有抗病毒，有治感冒还管嗓子
2021-06-29 11:10:23,这两年家里小孩的退烧药感冒药，咳嗽药，大人的感冒药，退烧药还有，常备的一些药都是在阿里药房买的日期很新鲜是正品。赶上618和双十一的话，减去养猫领的红包再减去满减真的很划算。
2021-09-25 14:11:47,家有老人小孩，给备上的，以备不时之需
2021-06-09 02:55:29,挺不错的，以往感冒都是吃这个药的，效果比较好
2021-09-16 11:34:02,行 买了存着用的 价钱可以
2021-09-28 14:48:22,首次买这个，毕竟快到天冷的时候，容易感冒
2021-10-06 22:09:21,还可以，给实体店买了一样。
2021-07-04 21:39:12,你好，请问应该说是非常值得信赖的，买点备用吧，挺好的，用了优惠券很实惠，以后还会再买的
2021-10-07 18:56:45,病毒性感冒一吃就好。
2021-06-11 18:24:44,618参加200-30囤了一些感冒药和药膏、比药店便宜了一半多、值了
2021-06-27 15:43:45,宝贝质量上乘！包装精美！物流讯捷！愉悦的购物体验！
2021-10-13 18:23:51,质量还不错，比较满意。
2021-10-01 18:33:41,不知为什么，打开外包装后，外表上看不出有什么异常，但药盒子一股大粪味，把手都弄臭了，太恶心了，只好扔了。再也不会来这家买药了。不想被骚扰，给了好评。
2021-10-07 19:07:06,送回老家了，以备不急之需。
2021-10-14 09:21:57,盒子全拆开
2021-10-11 15:50:42,东西很好就是买的时候麻烦，还得登记
2021-10-10 19:25:03,刚买就感冒了????????????????????????????????
2021-06-05 21:14:36,物流非常快，莲花清瘟胶囊非常有效果。如果有需要的话推荐大家购买。物流速度也非常快
2021-06-23 18:12:34,日期比较新鲜 包装也可以
2021-06-19 14:01:40,性价比高，已经不去药房了。都在这儿买。挺方便的，囤点常用药。
2021-06-18 16:43:17,嗯，看起来不错，而且日期都是好的，挺满意的
2021-10-09 01:21:49,买来备用的不知道怎么看真假
2021-09-24 11:12:44,最无语的一次购物！客服让人大开眼界！互相推脱！问题不处理，来回就是那套说辞！你爱去哪投诉无所谓！我很抱歉！我很同情你！我只管卖不管售！泄漏客户隐私还这么跋扈！零分！！！
2021-06-12 15:11:08,包装完好，日期好，网上买方便
2021-10-07 23:42:40,all me and call me call call bye call www call bye love call call me and call me call you call me and call me call www
2021-10-10 00:48:53,说实话我是备着 防疫情的
2021-10-02 19:50:57,包装压扁
2021-10-14 06:07:48,还没吃，用后在来追评。
2021-10-02 14:55:19,验证是真的
2021-10-09 08:14:15,还行吧，习惯性好评！！！
2021-06-04 10:33:29,跟实体店买的一模一样！
2021-10-08 13:11:08,价格不贵，
2021-06-07 17:32:26,发货快运输快，扫码查询为正品。上次病毒性感冒发烧吃了效果很好。我们这里的药店没有卖的，能在阿里大药房买到非常好??谢谢！
2021-10-15 11:24:10,感冒吃了也没什么用。。
2021-06-18 20:57:38,保质期2年，价格比药店便宜好多，6.18有优惠，购些常用药家中储备，中通物流速度快！
2021-09-24 19:52:34,网上买药就是便宜
2021-09-24 13:55:54,屯了很多药，我觉得药是救命的，必须背着以防止。
2021-10-08 10:25:06,还没用，不知道怎么样。
2021-10-06 20:32:37,生产日期太旧了
2021-10-14 02:12:11,还没用，家中常备药。
2021-10-04 21:39:04,留着备用 还没有打开吃
2021-06-24 15:58:15,买了备着，虽然现在用不着，阿里健康不错
2021-09-16 20:09:58,一直在他家买的药，就是价格有点贵哦，希望能多搞点活动
2021-06-19 18:11:54,已扫码验证，是真的，到货很快。
2021-10-14 18:59:05,还不错&hellip;&hellip;
2021-10-09 22:11:44,物流很快，扫码验了是正品。
2021-10-01 11:21:12,是正品，用后很管用，吃两次就好了，大药房有保障
2021-10-11 10:12:35,填信息太麻烦
2021-10-11 13:56:31,发货很及时。
2021-09-20 15:41:40,感觉没之前买的好，之前买的吃下去喉咙凉凉的，这次买的没有
2021-10-06 08:13:41,还没吃吃后追评
2021-10-10 16:00:12,囤货的，不过要登记下信息哦。
2021-10-12 12:54:57,好，物流也很快
2021-10-10 20:27:33,物流还挺快。
2021-09-06 00:30:23,此用户没有填写评论!
2021-06-05 10:52:12,感冒药收到了，用了一次效果很好，价格实惠。
2021-09-24 14:35:11,第一天下单第二天就收到了，物流很快
2021-10-15 06:18:16,一如既往的好，物流也很快
2021-06-15 07:55:41,还可以 挺便宜的
2021-06-07 11:35:31,比药房便宜，经济实惠又快
2021-09-15 14:08:31,上次发烧医院配的这个，先备着
2021-07-02 18:56:57,看起来很店里面一样的，价钱便宜很多
2021-10-10 10:43:10,挺好的，物流特别快。
2021-05-31 22:16:51,效果都比较好，价格也还挺不错的，优惠力度也挺大。
2021-06-21 00:32:30,方便快捷放心实惠，有需要还会光顾！
2021-06-08 19:05:06,家庭备用药。
2021-06-25 21:44:59,天猫购物方便实惠，用卷折后价廉物美
2021-09-16 11:11:10,药收到了。。。好评哦。。。。。。。。。。。。。。。。。。。。。
2021-06-09 19:21:20,感冒了我吃连花清瘟胶囊特管用，是正品，大品牌值得信赖
2021-06-01 17:44:19,东西不错，速度快，价格合适
2021-05-17 09:00:19,这个药是为了满减凑数的，希望永远都不要用得上???
2021-06-08 18:04:59,便宜实惠，货真
2021-06-03 12:53:57,61超级实惠！囤药很划算～ 物流也超快呀
2021-06-09 14:48:41,好好好非常好，速度快，做活动也比药店便宜
2021-06-02 11:44:28,这两天喉咙有点干，吃了几个喉咙瞬间舒服好多，冰冰凉凉的。已经回购很多次了。家庭常备药
2021-07-01 23:21:37,便宜，实惠
2021-06-25 22:53:04,扫过码应该是正品，发货快，包装完好。
2021-01-06 13:31:42,此用户没有填写评论!
2021-06-23 22:40:18,618活动给力，价格比平时都便宜，好评支持下！！！
2021-06-12 08:33:03,感冒吃，前几天正好给孩子吃了
2021-06-08 09:48:44,活动时用红包买的实惠，买来囤货了
2021-06-25 11:52:53,第一次尝试这个药，降火特别好，吃了喉咙会有一点点清凉的感觉，特别好。
2021-06-16 10:24:50,不好意思，评价晚了，应该是正品，而且价格便宜，不错。
2021-09-28 20:59:16,验证过是正品。
2021-06-22 09:55:33,挺不错的，价格实惠。经常囤货。
2021-06-20 10:52:48,买来备用，应该比药店便宜
2021-05-31 08:10:55,不错不错，味道好极了，希望再来一盒
2021-05-31 15:02:03,。商品这么快就到了，还不错哦，有需要还会再次光顾的哦^_^
2021-06-06 16:33:21,很好的一次购物体验，东西不错的，多次购买。
2021-06-22 23:08:56,发货快包装完好。保质期新，买了一些药备用。
2021-06-24 13:16:47,日期都是新的 价格合理 有需要会在网上购的
2021-06-20 15:29:07,比实体店便宜，日常用药
2021-06-24 10:07:23,会比药店便宜。换季常备药
2021-06-25 07:26:59,药收到比实体店实惠。
2021-06-23 23:32:44,包装很好，快递也很快！很满意
2021-06-20 12:54:59,这家店还好吧。来买过几次了，服务老客户非常周到，以后还常来！
2021-06-06 23:53:24,是正品 买了上一盒的时候就感冒了 然后又买了一盒 不过一盒只能吃两天 希望感冒赶紧好吧 发货也比较快 没耽误吃药价格也比药店的划算 太棒啦 而且是正品保障 祝店家生意兴隆 红红火火
2021-06-25 09:58:24,跟风买的，反正也要凑够额度才能打折
2021-06-23 21:13:24,备点药有益无害
2021-06-08 18:52:07,阿里大药房信得过，出门在外难免会需要一些小药品，有阿里大药房方便多了
2021-06-30 11:23:34,买其他为了包邮，囤货的
2021-07-04 11:45:45,很好！正品，接连买了几盒，非常满意的一次。
2021-06-05 19:29:58,活动买的价格合适
2021-06-08 17:21:34,买来备用，包邮便宜。
2021-06-03 18:37:24,正品 治感冒很有效
2021-06-02 14:12:34,物流很快，价格也很实惠，以后不用出门就可以在家买药了，挺方便的，
2021-06-05 14:46:49,比药店便宜，备下
2021-07-01 19:21:37,发货很快包装严实质量不错
2021-06-14 13:42:26,比外面药店便宜
2021-06-15 06:48:48,真品五星好评
2021-06-25 20:50:59,终于收到我需要的宝贝了，东西很好，价美物廉，谢谢掌柜的!说实在，这是我淘宝购物来让我最满意的一次购物。无论是掌柜的态度还是对物品，我都非常满意的。掌柜态度很专业热情，有问必答，回复也很快，我问了不少问题，他都不觉得烦，都会认真回答我，这点我向掌柜表示由衷的敬意，这样的好掌柜可不多。  再说宝贝，正是我需要的，收到的时候包装完整，打开后让我惊喜的是，宝贝比我想象中的还要好!不得不得竖起大拇指。下次需要的时候我还会再来的
2021-06-22 14:35:19,很便宜哦 用了券 一块多钱一盒
2021-07-04 21:07:46,买了备用，第二次购买，正品，放心。
2021-05-30 19:48:42,和药房买的一样，还方便。
2021-06-16 19:43:03,质量很好，这几天该嗽，喝了2天很见效，非常满意。
2021-06-06 08:15:47,挺好的，价格适中，质量看着不错
2021-06-14 11:49:01,阿里健康不错的很方便，就是有些药需要提交资料审核。忘记收货拍照了
2021-06-03 20:51:18,比药房便宜
2021-06-02 22:20:05,很划算，常备
2021-06-23 09:45:10,朋友叫帮忙买来备用的
2021-06-03 21:13:23,价格合适
2021-06-10 20:11:24,发货很快，价钱实惠。比药店便宜
2021-06-04 14:54:06,发货快 包装也好
2021-06-08 23:24:13,此用户没有填写评论!
2021-06-20 15:17:11,囤点备用，不知是不是正品药
2021-06-11 11:11:37,效果特别好
2021-06-08 20:53:15,合适，常用药
2021-07-01 21:50:30,一口气买了五盒，好用。常备用药??
2021-06-20 18:49:56,凑单购买  阿里大药房值得信赖
2021-06-18 11:21:13,正品，便宜
2021-05-30 17:06:52,给老妈买的，方便
2021-06-18 13:18:55,价格便宜发货快
2021-06-21 15:04:47,价格实惠，方便
2021-06-03 12:20:30,连花清瘟挺好用的药家里常备
2021-06-23 01:10:25,经常在阿里健康囤药，非常方便
2021-06-18 00:06:03,五星好评，次日达，价格很实惠，好评(=_=)
2021-06-01 16:53:12,比药店便宜点，放到家里备用
2021-06-20 20:03:03,吃感冒有效果。常备药。吃完再买
2021-06-23 08:19:46,挺好，是正品，是两板装的
2021-06-30 04:40:46,价格实惠，非常满意！
2021-06-04 18:22:14,莲花日期不错 是新鲜的 囤货了
2021-06-07 20:42:20,莲花清瘟，家中常备，有备无患。
2021-06-07 21:30:11,家庭常备药品 流感季节必备
2021-06-03 13:43:11,莲花清瘟胶囊值得信赖！
2021-09-21 16:57:01,说好次日达，怪我太天真，真心劝那些着急用药的别在淘宝买！
2021-06-21 08:46:59,正品，推荐购买！
2021-06-26 18:32:09,嗯，趁着干和那个趁着活动又买了两盒吧，人家应该挺好的，能抗各种的传染病什么的，我就拿点长臂吧，感冒就吃这个该没错
2021-07-02 20:06:16,正品，常备用药！
2021-06-03 22:32:57,发货速度很快 前一天拍下第二天就到了 连花清瘟胶囊yyds 就是我太不爱吃胶囊了 每次都感觉难以下咽 是正品 阿里药房买药 我放心 本来想屯着的 结果前天感冒我就吃上了 我哭 不过价格比药店里要便宜一些 祝阿里生意兴隆 红红火火
2021-06-03 13:31:25,东西很好！值得购买！卖家服务态度还可以！东西性价比高！
2021-06-21 10:59:25,阿里健康大药房的值得信赖，物美价廉。
2021-07-03 13:34:31,挺好的，比药店便宜些
2021-06-20 18:45:51,一直都在阿里大药房买药，速度好，品质有保障，产品种类齐全，价格优惠，值得推荐。
2021-06-29 10:49:03,阿狸大药房，买个放心。
2021-06-18 12:22:39,挺好的，比店里便宜
2021-06-20 21:36:06,包装仔细、物流快，第一次买药品，不错的体验
2021-06-21 08:35:31,特殊时期，家庭必备
2021-07-04 23:53:50,不错已经吃完了
2021-06-27 11:10:50,nice，实惠，物流很快
2021-06-20 10:07:36,价格便宜，很方便，很满意
2021-06-22 12:27:50,常备无患，好评再好评！！
2021-09-19 18:41:53,此用户没有填写评论!
2021-06-01 18:07:29,此用户没有填写评论!
2021-06-11 21:48:12,比药店便宜很多！
2021-06-27 18:36:33,比药店便宜好多
2021-07-03 20:19:11,这个是家中必备，有事没事都会备点，以防不时之需
2021-06-20 10:30:52,搞活动买的，常备药
2021-06-03 20:59:36,阿里药房信得过！
2021-06-07 20:02:59,好，多次购买了
2021-06-21 11:08:16,大品牌值得信赖，物美价廉。
2021-05-30 13:40:30,一如既往的支持
2021-02-08 14:51:02,此用户没有填写评论!
2021-06-08 17:27:02,阿里健康大药房的商品值得购买。好评
2021-07-02 12:02:03,未使用 物流快 送货上门 好评
2021-06-02 11:13:23,药到了，就感冒了，及时雨哈哈，好评
2021-06-12 22:37:11,与描述一致很满意，好评。
2021-06-22 22:54:08,不错的发货快
2021-06-02 12:18:05,真好，特方便
2021-09-22 12:39:46,快递速度太慢了，广告上说第二天到，结果要四五才到
2021-06-20 22:37:10,一如既往的好！
2021-07-01 21:52:28,在这买的放心
2021-06-19 17:18:17,Good morning everybody knows that you
2021-09-16 23:18:21,拿来备用的。
2021-06-05 18:51:18,满意好评！
2021-07-02 19:51:03,蛮好的，有效
2021-06-28 08:17:01,很好啊，很不错哦
2021-09-13 21:27:51,此用户没有填写评论!
2021-06-19 22:12:25,非常不错。
2021-06-20 19:43:12,家中必备
2021-06-15 15:11:02,备用，很棒
2021-06-13 13:08:48,还不错呦
2021-07-01 11:23:33,很快，满意，正品
2021-06-22 13:33:46,哈哈一块多
2021-06-28 19:00:16,快捷方便。
2021-06-08 17:43:00,"宝贝收到了，宝贝总体还是很不错的呀。卖家发货很快，物流也非常给力,客服服务态度挺好，很有耐心、给人一种亲切感，喜欢。还有包装还不错，看得出来商家很用心。宝贝真心不错，与图片相符，没有什么差异，真的是物有所值。"
2021-06-26 16:56:16,非常满意！！！全五星好评！！！
2021-05-30 15:27:16,第二次购买了，比药店便宜，药店没有，这里全有。
2021-06-03 14:34:03,发货非常迅速
2021-06-18 11:13:52,好，很不错，非常好，很有用
2021-06-28 18:39:19,第三次购买了
2021-06-10 12:50:42,价格便宜，日期新鲜，物流快捷
2021-06-04 19:36:29,家庭常备药，囤货
2021-07-02 07:10:02,很好，正品。
2021-05-30 17:49:19,计算力矩法是机器人控制中较常用的方法，该方法基于机器人模型中各项的估计值进行控制律的设计。本资源利用matlab的S-function函数进行编程，基于计算力矩法的滑模控制实现双力臂的控制，给定期望跟踪信号，输出实际运动信号。
2021-06-09 00:03:22,速度快，物美价廉。
2021-09-19 18:42:44,快递太差了，包装成这个样子买过不下十几次了，第一次差评以后你们改进吧
2021-07-02 17:30:33,非常不错的药品，物美价廉
2021-06-18 08:34:52,保质期很好
2021-06-19 19:58:28,胶囊收到了，质量好，快递也好！
2021-06-02 18:26:12,真的很好，很便宜。发货也很快。
2021-06-20 14:43:34,屯着以后用
2021-06-02 13:30:44,快递很及时
2021-06-01 01:07:23,居家常备
2021-06-20 14:03:27,：先屯着
2021-06-29 15:29:57,发货快，到的也快，好评。
2021-06-26 20:53:14,质量很好，速度很快
2021-06-16 18:41:58,送货速度快，早上订药，下午就送到了，晚上药效就起作用，终止了流鼻涕
2021-06-16 10:42:23,很好。信任阿里
2021-07-03 07:38:47,囤货，非常满意
2021-06-07 08:17:04,不错，买来备用
2021-06-18 20:59:56,一直在阿里买药
2021-10-01 11:53:46,比药店便宜太多了，存着备用
2021-06-24 20:12:44,货真价实！非常满意！
2021-06-06 20:10:54,质量不错，满意的说
2021-05-31 15:38:23,质量不错，很喜欢
2021-06-11 09:53:19,很快，很好，谢谢客服热情服务
2021-06-22 09:11:08,备用的，很好
2021-06-14 13:43:54,很好，囤货的
2021-05-31 14:17:43,发货快，囤货
2021-06-19 21:51:08,买给室友吃的，她磕完第二天早上就痊愈了
2021-09-16 09:40:21,看着包装还可以，不知道真假，应该也没什么问题吧？
2021-06-26 09:27:29,发货快，当天拍当天发货，备用。
2021-06-21 13:30:56,好评，物美价廉。
2021-06-20 22:36:45,挺好的，毕竟价格便宜
2021-06-10 10:19:57,药很便宜，正品，发货速度很快，服务态度很好
2021-06-21 12:29:11,很好，满意。
2021-06-24 21:19:31,我长在这里买药问诊医生态度很好还发信息告诉你怎么样吃药
2021-06-03 07:20:24,不错，物美价廉，很满意
2021-06-07 16:03:20,还是多划算的，比药店便宜。快递也很快。
2021-09-18 15:26:26,物理这个速度这是绝了
2021-06-18 09:47:08,虽然东西是在双十一的时候买的，但是物流还是可以的，东西比想象中的要好，但是双十二的整体活动力度还是没有双十一的力度大，东西价格明显要比双十一的时pp候要贵不少，不过如果本身要买人来说还是有一定优惠，不过也是要货比三家！
2021-06-21 18:33:46,已扫码验货。
2021-09-22 01:51:26,少发了两盒，买了几十盒药，联系完还要全部一一拍照，嫌麻烦，干脆不要了，也别让我麻烦的。
2021-06-30 13:07:07,物流快，质量很好
2021-06-04 07:53:28,很好
2021-06-25 17:23:25,挺实惠的，有的日期新，有的保质期时间短，总得来说还不错！
2021-09-29 08:00:25,看包装挺好的，还没吃，家中常备
2021-06-01 00:42:06,价格便宜，预防感冒，可以用好久了，还是不错的，很好用，物流也很快。
2021-09-28 16:01:08,拿到时如图
2021-05-30 14:15:18,家里常备的感冒药不着急用都在阿里健康买了，感觉比药店便宜。家里感冒药都被我吃了，这回再买点
2021-09-21 16:26:17,日期不新鲜
2021-09-28 12:39:17,这还有啥评价，药还能有假店直接关门了
2021-07-01 16:00:02,发货速度很快，一天之内送达
2021-09-20 14:16:49,感觉日期有点久
2021-09-27 15:34:42,包裹有点被压，不过里面的东西还好，
2021-09-29 20:31:05,便宜有好货。
2021-09-24 11:22:21,喝了凉凉的胃
2021-09-13 19:19:18,不懂为什么要中通，快递盒子烂了，里面的几盒也压到了
2021-09-21 18:55:33,所谓的次日达，就是一笑话。
2021-09-30 09:12:33,日期不够新也不太旧差不多过去一半，放家中预备的
2021-09-28 17:13:18,东西还可以，总的不错的，发货速度也快
2021-06-05 21:22:55,不愧是神药啊～前几天上火了喉咙发炎配合消炎药吃了效果很明显的
2021-09-15 11:29:26,不好，感觉是假的
2021-09-27 23:06:33,店大欺客，小心上当
2021-09-14 14:48:56,跟店里买的一样，还没吃过
2021-09-03 18:32:45,消毒湿巾收到了，还没用，打开看了下，感觉品质不错哈。 过两天要出差，全国疫情的防控还是比较严格，得备着使用。
2021-09-15 15:43:22,日期不是很新，20年生产的。
2021-09-15 19:57:52,看着不像真药，扔了！
2021-06-03 07:29:34,治疗感冒 喉咙 发烧 效果好
2021-09-26 15:39:33,还行，日期一般
2021-09-17 12:40:10,价廉物美，方便快捷
2021-09-27 20:43:18,买完就感冒了 伤心??
2021-09-27 13:51:22,快递不是一般的差&hellip;&hellip;
2021-09-27 17:05:18,日期不好
2021-06-18 20:38:38,东西不错的一次购物啊啊
2021-09-23 18:53:33,好，发货很快！
2021-09-18 18:08:16,备用，发货及物流很快。
2021-09-03 22:56:21,跟药店开的不一样。这个还少。所以便宜，套路了
2021-09-23 19:02:46,保质日期都快过期的了
2021-09-29 11:27:50,速度很快。
2021-10-01 17:02:49,备用的，物流挺快。
2021-09-24 20:55:49,常备，还没吃。
2021-09-22 20:47:20,用后在平
2021-09-18 14:01:32,货真价实，物流很快，常备无忧，客服悉心态度好！
2021-09-02 12:36:42,当地药店缺货了，网上买的方便快捷
2021-09-30 06:54:29,物流是真的垃圾，以后拒绝丹鸟
2021-09-25 16:26:34,不错。发货及时！
2021-05-26 21:15:18,这个莲花清瘟胶囊比实体店便宜，是正品药??，家里备一点都挺好的，感冒??咳嗽小孩子经常这样，时不时要用到，什么时候都可以服用。
2021-08-29 13:20:43,此用户没有填写评论!
2021-09-30 20:11:50,很好。物流快。
2021-09-05 16:08:18,一个月了都没到。什么物流！
2021-08-30 13:10:15,还不错，就是为了买口罩拍的结果需要的一个没有发让退了，好无语。
2021-05-29 08:45:54,发货速度很快，信赖天猫超市产品，包装完好，感冒必备药物，趁现在便宜入了几盒，别的号也有购买，主要是以岭大厂子，据说对新冠有点作用，反正用得着，先买了再说
2021-05-26 11:39:18,挺好的 发货快 价格实惠的
2021-05-25 12:50:10,一盒吃两天，已经吃完了，感觉没有太大的效果。
2021-09-09 15:57:17,货品没有什么问题，快递太差了，到货四天也没人送货，打电话催了两次，才给送货，就差一天就到收货截止日期了，无语，对这样的圆通快递，我只能差评了！
2021-05-29 15:37:44,莲花清文胶囊你值得拥有。
2021-09-02 15:10:10,发货快，包装不好，盒挤开了
2021-05-27 19:33:03,发货速度很快，包装很好无破损，价格实惠
2021-08-27 10:46:58,当时图片明明写的次日达，而且快递每天变一次，始终显示次日达，但是最后三四天才到，病都要好了！
2021-05-29 17:03:06,日期好，价格好，买的放心
2021-09-02 20:58:46,感冒头疼吃了一盒就好了
2021-08-27 10:10:26,100多的东西发了好几个快递，有的麻烦。
2021-05-27 16:23:54,囤着，以备不时之需！
2021-09-05 16:07:38,一个月了还没到 什么物流！
2021-05-26 19:49:31,到货很迅速，质量很好，好店铺，推荐了~东西收到以后马上查看，发现与图片描述一致，超级喜欢，卖家发货速度很快，服务也很到位，给老板点个赞，下次还会来购买.
2021-08-27 06:39:17,收到货，没使用
2021-05-26 18:54:00,此用户没有填写评论!
2021-09-04 12:12:50,给女朋友买的
2021-05-27 16:55:49,试试
2021-09-08 09:06:03,被折磨的如此破烂
2021-05-25 17:06:37,发货快，包装严实，没有损坏，颜色也是喜欢的！
2021-05-26 10:59:34,真心喜欢，颜色、款式都非常棒！
2021-08-06 18:35:43,此用户没有填写评论!
2021-05-26 15:36:55,支持中成药，赶活动价时囤一点以备不时之需，这药有段时间真是不好买呢，很满意。
2021-09-11 20:47:53,包装盒内有一股丑味，快递也被压扁了。差评！
2021-05-24 10:58:07,优惠券买的 便宜 满意
2021-05-25 21:54:53,每次都在阿里大药房买一些家庭必备药，很方便，好评！
2021-05-29 00:44:21,不错的，比药店便宜
2021-05-26 20:00:51,感冒了一直吃连花清瘟，中药总觉得会放心一些
2021-05-26 16:52:22,老公一直让买这个，挺管用的
2021-09-09 07:02:22,八月五号下单，九月九号收到货，真是差劲
2021-05-29 11:58:40,很满意，花了六块钱买了一盒药。希望多搞活动
2021-05-27 16:13:55,值得信赖的店铺，价格满意。
2021-05-29 12:07:51,药已收到，正品无疑，很好！
2021-05-27 15:59:30,不错便宜
2021-05-27 13:21:07,卖家发货速度，很快服务态度很好，有问必答。
2021-05-28 08:05:29,很不错的，夏天上火，感冒，准备一点准没错
2021-05-26 18:23:22,家里日常常备的药都在阿里大药房买的，习惯了，这次疫苗打完，一直就流鼻涕咳嗽，连花清瘟吃了已经五盒了
2021-05-29 17:32:10,不错呀，品质有保证，值得入手
2021-05-26 18:56:16,挺好的，比实体店便宜。
2021-05-26 05:39:57,大的品牌质量价格个个方面都是比较不错的
2021-05-24 23:27:10,好评，比药店便宜。
2021-09-09 15:11:54,物流很快，价格实惠。
2021-05-26 17:19:02,网上买很方便，是真货就好！
2021-05-24 08:58:00,宝贝质量不错，很喜欢了。谢谢掌柜。
2021-05-25 16:27:19,莲花清瘟胶囊是我吃过最有效果的流感感冒药      比其他效果好太多    只要感冒   一吃这个准好   特别有效果
2021-05-26 12:18:57,绝对正品，平时屯药??
2021-05-25 14:28:34,阿里大药房值得信赖。
2021-05-29 22:58:48,很棒，以备不时之需
2021-05-25 10:58:34,好用，又划算，发货超快。
2021-05-24 20:48:36,宿舍必备小良药
2021-05-30 00:21:47,可以，很便宜
2021-05-27 20:43:33,感冒发烧，家中常备！
2021-05-26 16:51:28,经常买，没问题
2021-05-29 21:48:52,抗病毒必备。
2021-05-27 12:55:27,连花清瘟胶囊治疗病毒性感冒挺管用的。
2021-05-27 16:18:18,看着很好，发货速度快。
2021-05-25 12:30:03,非常不错，非常好，非常满意
2021-05-26 11:44:38,胶囊咽下去嗓子眼有薄荷麻，便宜囤货。
2021-05-26 08:01:25,相信阿里大药房。
2021-08-30 12:23:16,囤着备用的，还不知道效果
2021-09-04 22:13:47,常备药&hellip;&hellip;
2021-05-26 19:13:49,非常不错的，价格实惠！！！！！！！
2021-09-09 11:48:11,盒子都压扁了，比别家贵，不会再来买了
2021-05-25 13:09:13,货真价实，物有所值，好评。
2021-08-09 20:33:48,是真品，作为备用药，适合低风险区用，用三次，无明显好转或治愈请快进医院就诊，中高风险区，请大家进医院发热门诊，健康你我他。