2021-11-12 15:06:26,"LH效果非常好，立竿见影，都是正品药??,先好评再追评！大家可以12放心购买??,对我感冒有帮助??,每次感冒都得回购??,阿里健康大药房买药就是方便??,好好分场合白崇禧提议移民??,比药房便宜多了?,足不出户就可以解决感冒问题??,下次还会再来?,之前用着挺见效??,买来以备不时之需??"
2021-11-20 08:04:14,"药房买zuu药就是方便,好只能用完美来形容！强就到了冬天预备一些很房，值得信赖别人推荐还会再来?,之前用着很好效果可以确认收货宜，值得信赖和推荐！些感冒药物流太快了，里大药房还能买，冬季用着就是放心，已经进一件几百元的东西，当非常感谢卖家能卖出这"
2021-11-15 18:58:05,买了很多药，备用中，正品很好，活动实惠，推荐购买
2021-11-16 10:09:07,是正品，包装精致
2021-11-14 17:42:48,感觉药已收到，这已经是第四次在他家买药了，他家的药比实体店便宜，药品货真价实是正品，以后有需要还会再来的！
2021-11-16 20:14:44,太满意了，囤货买的，怕冬天来了，感冒多
2021-11-18 13:42:38,秋季买的三九感冒灵颗粒效果挺好的，因为本人免疫力低下总感冒，冬季在准备几盒感康昨天吃了一粒感觉效果不错，需要再来回购。
2021-11-11 13:08:24,很好，都是正品，外面现在已经买不到感冒药了，来阿里大药房还能买，冬季容易着凉感冒，囤货用。
2021-11-15 20:04:55,物流太快了，正感冒没药呢，及时雨啊，谢谢店家，客服态度很好，以后还会光临的，非常值得信任的店铺，给一百个??
2021-11-15 19:13:24,真心方便 并且价格实惠  家里常备的药都在这里买
2021-11-19 11:12:00,下次还来&hellip;&hellip;??????????
2021-11-16 12:37:51,宝贝看着不错活动时候买的都特别好，真的是物美价廉，宝贝挺好挺好的物流好快。可以放心使用。非常棒，值得购买，下次用完再来。态度好，及时解决问题！
2021-11-19 18:34:42,正品医药，很好，价格也实惠，值得购买。
2021-11-17 14:26:53,简直太好用了，只能用完美来形容！强烈推荐！治疗效果特别棒
2021-11-17 11:57:14,东西不错，经济实惠，下次还来
2021-11-10 17:02:28,发货很快，已经收到货了，商品和描述的差不多，质量没问题，关键价格也合适，在这里买还是很放心的，好评！效果不错，吃上睡一觉就退烧了，不过买药最后还是咨询药师的意见，尽量不要在晚上随便买药
2021-11-19 08:53:00,给孩子买的很方便，吃了两次就好了很好用，还会继续回购
2021-11-19 09:56:52,宝贝收到了挺好也实惠
2021-11-15 17:06:03,很好，囤货用
2021-11-17 23:46:38,挺好的，这个感冒药的包装很有特色呀U&bull;ェ&bull;*U。
2021-11-19 22:15:25,肆无快点快点快点快点看看
2021-11-15 18:44:42,冬季容易感冒，屯点备用。相信是正品。
2021-11-20 15:24:10,吃了1盒左右，差不多就好了，见效快，在囤点以备不时之需
2021-11-16 21:59:52,阿里的药非常好，都是正规的，在这里买药比实体大药房便宜，而且包邮，更重要你买个啥还隐私，更重要的是还有医师帮忙问诊
2021-11-09 15:24:11,第二次过来购买了，效果不错，物超所值！
2021-11-16 09:35:01,备用的，双十一应该便宜
2021-11-11 16:58:20,宝贝收到，商家外包装非常用心，商品完好无损
2021-11-17 18:22:35,感冒用着很不错，效果很好
2021-11-17 17:22:06,宝贝收到质量很好
2021-11-17 18:07:21,实惠放心
2021-11-15 09:54:46,效果不错，很好用，而且效果很好
2021-11-15 08:54:04,家里常备的药品，和药房一样
2021-11-16 14:54:37,发货快，买来备用，比药店便宜
2021-11-13 21:37:54,包装非常牢固，物流也特别快，东西拿到很满意，跟描述的一致。总体来讲，非常满意的一次购物。
2021-11-19 13:30:22,比药店买便宜
2021-11-12 00:55:34,在我们农村一般是没有人会网购的，一般花钱都是十元八元的花，第一次花了几百元网购的这件物品，村长都到我家找到我的父亲说我是不是疯了，等到漫长的快寄之后，开快寄的当天，村长给我家请来了吹唢呐的，还当天排了几百桌子，庆祝一下买了一件几百元的东西，当时我的自信心就瞬间爆炸，我就是我们全村人的希望，我就是我们全村人的骄傲，现在我在我们村也是有头有脸的人物，非常感谢卖家能卖出这么好的物品，让我站在人生巅峰，站在了人生的最顶端，以后还会光顾的你的小店，还会在来选购你的物品。
2021-11-15 21:41:17,第二天就到了，挺快的。阿里大药房买药真方便
2021-11-10 17:54:21,包装非常结实，东西保护得很好，值得好评
2021-11-18 16:01:14,药收到了，网上购买比较方便，比去医院省事，家庭必备药品，物流很快
2021-11-15 17:28:40,双11非常合适！
2021-11-18 11:58:03,网上买药一般都在阿里健康大药房买，好评
2021-11-10 19:47:08,此用户没有填写评论!
2021-11-17 12:32:21,效果可以
2021-11-10 08:48:29,习惯了买药在阿里大药房，发货快，包装好，比药店还便宜，还保证正品！
2021-11-18 10:31:23,包装设计巧妙
2021-11-15 12:47:48,新包装了，非常好
2021-11-19 13:22:06,很快，包装完好
2021-11-15 18:55:14,看起来还不错
2021-11-19 08:14:31,一直都喜欢用感康！用着很见效！
2021-11-20 13:01:35,速度很快，很及时，效果杠杠的
2021-11-20 17:28:22,比药店便宜，值得信赖
2021-11-16 20:47:16,非常喜欢非常好非常好非常好非常好非常好非常好非常好
2021-11-20 12:24:32,很好，是正品药。
2021-11-17 23:03:05,物流还是很快的，质量有保证
2021-11-17 11:26:22,快递很快两天就到了冬天预备一些很不错
2021-11-15 17:11:28,药盒设计给5星
2021-11-16 21:54:02,网上药店就是好，嘿嘿
2021-11-11 16:29:47,感康片效果挺好的，价格实惠，比药店便宜，好评
2021-11-05 13:43:37,很棒很棒哈哈哈第一次在网上买药！ 既方便又卫生 省的去药店里买了！ 在学校还是应该多备一些感冒药
2021-11-18 10:42:39,好便宜，家中常备
2021-11-17 11:54:49,比药店便宜很多
2021-11-09 16:01:27,老顾客了，发货快
2021-11-20 22:44:52,感康复方氨酚烷片三片三盒装，他买的特别多的材料，三十几，几块钱特别的方便，有了它，再也不用担心家里媳妇儿。感冒没药吃啦，大家快来买药，冲鸭。
2021-11-15 08:06:41,正品，家里备用
2021-11-12 23:33:22,回购一直在这购买，方便，跟实体药店购买一样，吃了有效果
2021-11-10 17:01:36,只要稍微一有点儿着凉，赶紧吃上，效果特别好。
2021-11-15 13:55:35,发货快，服务好，有需要还会在来，希望老板能发挥好作用
2021-11-15 08:18:44,阿里值得信赖
2021-11-17 09:48:50,此用户没有填写评论!
2021-11-14 17:03:42,送药物流很快 冬季容易感冒 现在疫情线下买感冒药不好买 先买些常备的感冒药囤着
2021-11-18 10:51:13,收到了很不错
2021-11-13 18:37:37,囤货，赶上双十一，比实体店便宜挺多！
2021-11-16 08:57:03,经常用到，备用的！物美价廉！
2021-11-20 07:30:34,正品，发货快物流给力。
2021-11-16 17:35:57,感冒必备
2021-11-13 23:04:27,发货快，宝贝效果也非常好，以后有需要会再回来的
2021-11-19 19:27:57,应该是好的
2021-11-17 16:34:18,希望有用
2021-11-15 19:24:43,速度很快，家中常备
2021-11-14 20:07:11,不错，包装很好
2021-11-15 09:44:24,太方便了
2021-11-05 21:30:05,感康药己收到非常好正品包装很不错
2021-11-16 15:20:12,很好，一直在这家买药。
2021-11-15 15:44:07,有备无患。
2021-11-10 14:28:56,网上买药害怕买到假药，直到拿到药后感觉是真的，准备再入手点，家里备点药方便些，好评！
2021-11-13 14:57:44,是正品，查询完毕。家中常备感冒药以防万一。
2021-11-18 20:37:38,第一次网上购药，满意
2021-11-11 18:26:11,阿里健康大药房买的药放心，是正品，日期是新的，而且发货速度快
2021-11-12 13:08:20,日期很新鲜，买药方便
2021-11-20 21:19:21,疫情买来囤货的
2021-11-15 01:14:01,阿里药房的东西用着就是放心，已经进入冬天了，流感估计谁家也逃不了，准备些感冒药还是有必要的。
2021-11-13 22:04:41,药收到，天天上班真没时间出去买药，非常方便，以后就在这买了??
2021-11-20 08:52:10,备点感冒药吧
2021-11-14 14:09:35,长年多备，用这个牌子的，效果很好
2021-11-05 17:32:42,别人推荐的，真好活动价购入。治疗感冒快速有效，下次有需要会继续购入的。
2021-11-18 22:05:50,买来囤货
2021-11-15 09:53:43,冬季备用
2021-11-12 14:45:09,感康对于感冒效果非常好。
2021-11-17 18:49:09,不错，是真的管用。
2021-11-14 14:08:59,感冒常备药，冬天来了，趁着双十一囤点，五星好评！
2021-11-06 12:15:50,不错??发货也快，买来备用的，比药店便宜，值得信赖和推荐！
2021-11-12 15:39:12,很靠谱的店铺，服务态度很好，售后也有保障，难得认真负责的好卖家。会一如既往地给予支持
2021-11-13 12:55:14,治感冒，就选感康，效果很好。
2021-11-13 19:06:31,给男朋友买的，他说很好用
2021-11-12 20:55:07,此用户没有填写评论!
2021-11-09 20:43:32,买来填充家里的医药箱，备用的！
2021-11-13 21:24:03,好，效果很明显，几颗吃下去感冒就好了
2021-11-09 13:05:32,收到药品非常快，价格很实在
2021-11-18 11:34:53,好是好，为什么又不发新疆了
2021-11-09 12:39:42,扫了一下是正品
2021-11-11 14:27:52,正版药 物流速度也很快点赞点赞
2021-11-16 10:25:58,买药真费劲
2021-11-17 18:44:18,药品已收到，正品，快递很快
2021-11-09 19:52:31,质量不错发货速度很快，下次还会
2021-11-12 22:18:24,正品 好用
2021-11-09 17:28:21,跟药店买的没区别 感康感冒克星 嘿嘿
2021-11-13 23:09:40,满意，很好用，价格实惠，很满意。
2021-11-09 19:09:11,不错～包装很好
2021-11-04 12:30:06,用了券，好便宜，可以存着了，疫情之前买的，正好现在买不到了
2021-11-16 13:40:20,物流快，常备药品。
2021-11-14 14:25:15,速度快，质量好，挺好的，价格实惠
2021-11-16 15:20:01,服务态度很好，性价比高，货真价实。
2021-11-17 17:42:02,宝贝收到了，好评
2021-11-11 17:44:01,非常好，网购的药也能治好病，点赞
2021-11-17 21:10:03,确认收货，正牌正品，阿里健康的物流包装箱有味儿，望改进。
2021-11-03 09:48:50,挺好的，之前买过一次，效果不错，天冷了家里适合屯一些。
2021-11-12 21:48:55,正品，包装完好，速度够快
2021-11-06 18:16:25,网购感康收到。包装完好，快递还算快吧。扫码是真的，现在网购药系统逐步完善，放心程度也增加。好评。
2021-11-16 09:47:16,快递很快，好评
2021-11-10 17:26:11,正在使用中，药效还是不错
2021-11-12 08:54:27,以前在家就吃的这个药，挺好的
2021-11-09 19:58:01,挺好的，经济实惠
2021-11-09 22:05:20,药收到了很满意给个好评
2021-11-09 20:15:52,很好，之前都是吃这个的 还有线上说明书很详细
2021-11-12 22:51:19,回购多次，效果不错
2021-11-10 09:30:17,特别满意需要还回购。
2021-11-09 10:07:00,很好用，感冒很快就好了
2021-11-11 19:30:08,值得信赖的阿里大药房
2021-11-10 19:18:50,昨天晚上下单今天傍晚送达物流非常快第＿次在淘宝店买药很愉快的一次购物
2021-11-12 14:44:06,每一次都很满意
2021-11-02 14:21:12,此用户没有填写评论!
2021-11-20 13:20:48,货已收到，第一次在淘宝上买药，很是方便。
2021-11-13 17:10:59,买来备用的，是正品
2021-11-16 19:50:21,药效果怎么样不知道，但是相信阿里大药房卖出的药都是真的
2021-11-16 11:39:10,很好，非常满意
2021-11-11 10:40:41,物美价廉物超所值
2021-11-09 21:32:39,速度快，十分简单
2021-11-10 20:37:01,日期陈旧，一年前了
2021-11-14 14:09:35,长年多备，快递速度也很给力
2021-11-09 14:05:48,第二次购买！家中常备！
2021-11-12 20:16:46,蛮好的，家中常备
2021-11-13 23:11:45,有需要再回购！
2021-11-09 21:42:26,物流还比较快，网上买药方便。
2021-11-16 11:39:10,很好，满意
2021-11-11 18:13:51,还可以不错不错
2021-11-13 15:18:10,经常用的，买来放着备用
2021-11-15 20:46:57,货真价实
2021-11-19 18:32:37,值得购买
2021-11-10 17:44:36,??值得购买
2021-11-09 23:38:20,冬季来了，家里备点感冒药！
2021-11-19 10:26:28,发货快，物流快
2021-11-13 17:12:28,价格实惠，存的备用，物流很快，很满意
2021-11-10 11:27:55,挺好，挺方便的
2021-11-09 10:18:16,在我们村一般是没有人会网购的，一般花钱都是十元八元的花，第一次花几百元网购的这件物品，村长都到我家找到我父亲说我是不是疯了，等到漫长的的快寄之后，开快寄的当天，村长给我家请来了当地吹唢呐的，还当天摆了几百桌，庆祝一下买了几百元的东西，当时我的自信心就瞬间爆炸，我就是我们全村人的希望，我就是我们全村人的骄傲，现在我们村我也是有头有脸的人物，非常感谢商家这么好的物品，让我现在人生巅峰，站在人生的最顶端，以后还会再来光顾你的小店，还会购买你的物品。
2021-11-14 16:17:57,商品很好
2021-11-13 19:48:00,真，放心买
2021-11-10 20:37:34,宝贝质量很好，老板发货速度，如有需要还会光临本店
2021-11-11 09:04:42,备用药，希望用不上。好评！
2021-11-13 11:56:10,快又好～
2021-11-12 14:09:12,刚到感冒就好了
2021-11-04 13:11:49,每次感冒都得回购，很方便，价格实惠，效果显著！
2021-11-09 15:16:47,速度很快，药不错
2021-11-04 16:25:22,物流很快，都是正品药，阿里药房，值得信赖
2021-11-10 18:35:07,物流很快非常满意
2021-11-03 16:44:52,非常棒！家庭常备药！
2021-11-11 09:55:02,货真价实，方便快捷。
2021-11-17 10:39:55,宝贝收到了，挺好的。
2021-11-09 18:41:04,发货快，实体店买不到药了
2021-11-14 12:36:56,态度好！发货快！
2021-11-12 12:46:18,吃了就好，良心商家
2021-11-12 18:26:25,买点备家里
2021-11-11 16:10:33,好评，放心拍。
2021-11-12 13:33:36,不错不错，药效应该可以，吃了三天好了，第一天就药效挺大的
2021-11-13 10:02:57,终于见到了电视上可以抽出来，还有一个奖章的药
2021-11-08 17:41:55,质量很过关，品质有保障，相当不错的选择，好多朋友看我用都想买，我都推荐了
2021-11-09 10:06:51,还不错，非常满意
2021-11-03 10:18:54,是正品 比在药店里面买划算多了，双十一还有满减活动，买来备货的
2021-11-07 11:46:23,宝贝收到，给家里买的常用药，赶上活动买的比线下优惠，5分好评！
2021-11-14 11:24:00,发货快，挺满意的
2021-11-08 18:59:52,家庭常备药物
2021-11-09 09:30:32,家用囤货，好评
2021-11-14 12:54:02,一次购买了很多种，留着家里备用，比实体便宜很多，当地快递问题等的有点久，商品很满意
2021-11-12 16:19:52,双十一网上买比药店便宜多了
2021-11-09 18:32:17,发货很快，天气冷了，要备着才有安全感！
2021-11-06 20:31:14,唉作的出去吃绵绵冰下午茶，结果吃完当天就感冒了??一连好多天把感冒药吃完了
2021-11-07 09:14:37,是正品，效果和药店买的一样物美价廉
2021-11-07 15:46:29,备用，治疗病毒性感冒效果又快又好。
2021-11-09 09:42:33,很满意??，物流快，客服很棒，点赞
2021-11-03 10:04:34,药品收到，是真品，大家可以放心购买
2021-11-07 15:51:16,挺好的 和实体一样 正品
2021-11-04 17:11:56,感冒药收到了，第二次购买了效果非常好
2021-11-07 17:14:34,1.&nbsp; 终于收到我需要的宝贝了，东西很好，价美物廉，谢谢掌柜的!说实在，这是我淘宝购物来让我最满意的一次购物。无论是掌柜的态度还是对物品，我都非常满意的。掌柜态度很专业热情，有问必答，回复也很快，我问了不少问题，他都不觉得烦，都会认真回答我，这点我向掌柜表示由衷的敬意，这样的好掌柜可不多。 2.&nbsp; 再说宝贝，正是我需要的，收到的时候包装完整，打开后让我惊喜的是，宝贝比我想象中的还要好!不得不得竖起大拇指。下次需要的时候我还会再来的，到时候麻烦掌柜给个优惠哦!
2021-11-09 01:44:15,包装完好 生产日期和有效期挺好 到货也快
2021-11-07 20:03:43,很好的宝贝与卖家描述一致，冬季头疼脑热的多备着点
2021-11-15 08:15:54,没吃，家庭必备药
2021-11-20 15:53:17,最近疫情又严重了 所以准备备点感冒药 消炎药 以防万一 消炎药要配方 所以单发货  中途因为各种原因 历经半个月到货了  中间我也只是象征性的问问 一没催 二没让补发  结果可好。莫名其妙的给我退回了 我要个原因都不给 还要说件丢了 圆通就在我家楼下 我出门顺便就问了 人家明确告诉我 昨天下午退回了 还是那边强制退回 你不好好解释就算了 还这么敷衍 我也是醉了
2021-11-05 18:21:31,这个特殊时期还能买到感冒药，真的不错，买来以备不时之需
2021-11-06 08:48:48,还没用 感觉是正品 感谢商家 性价比很高的
2021-11-08 19:05:30,感冒药收到，家里备，冬季受凉感冒，常备点方便，非常好，正宗。
2021-11-07 11:29:47,已扫码是正品。效果不错
2021-11-08 17:19:51,东西实用很方便，感冒一吃就好。
2021-11-03 13:44:32,包装很高大上，一开始就没明白怎么打开??有效果，可以购买
2021-11-15 00:50:58,物流快，正品
2021-11-07 14:28:44,包装好，正品，之前一直用这款感冒药。疗效好。
2021-11-06 07:14:37,希望是正品，对我感冒有帮助
2021-11-05 18:28:54,包装可以  相信药也可以
2021-11-15 13:03:31,药收到了，还没吃，很感谢客服提供的帮助。
2021-11-08 19:52:05,这个产品和它价位相比来说，还是很合适的
2021-11-07 21:26:30,可以和线下一样的
2021-11-04 21:14:13,比药房便宜多了
2021-11-05 19:11:00,感冒了经常都是服这款药，效果挺不错的
2021-11-04 19:27:09,家里常备药，隔天就收到了，还是送货上门，很方便。
2021-11-04 18:14:10,便宜，好用
2021-11-04 19:54:14,扫码是正品
2021-11-06 11:13:38,感康片收到了，还未使用，先好评再追评！
2021-11-03 20:46:04,一直都是吃这个牌子的感冒药你才会很好 快递也很快
2021-11-08 22:40:02,很好，药效不错，喝了两天，现在感冒好的差不多了。
2021-11-03 21:52:46,质量很好，非常有效，家中常备，性价比高
2021-11-06 17:26:10,价廉物美，速度快，日期也不错。有备无患。
2021-11-09 21:21:29,还不错，家里备用药。
2021-11-08 15:11:38,包装严谨，好
2021-11-03 16:21:43,还不错，比药店要便宜很多
2021-11-03 16:24:32,挺好的，就想囤一盒在家，之前用着挺见效
2021-11-04 20:58:50,好好分场合白崇禧提议移民
2021-11-06 00:22:25,家中常备药.而且阿里药房送货也太快了吧，第二天就到，真的很喜欢这个
2021-11-08 19:21:18,可以可以，还不错，买来备用，在大促期间物流相当快了
2021-11-06 00:46:04,非常好，信赖阿里大药店
2021-11-08 16:06:13,挺好的 疫情期间在网上买药比去药店方便
2021-11-04 18:57:38,非常好，下次继续关顾
2021-11-04 23:47:01,这个药真的很好，我很满意，但是希望我别生病了
2021-11-04 10:28:36,购买方便快捷，大品牌值得信赖，发货速度很快，快递小哥辛苦了
2021-11-05 21:46:08,物流超级无敌快！大药房信得过！！！很棒！
2021-11-06 01:44:51,感冒必备药！很有效果！
2021-11-03 08:30:51,第一次买，很方便
2021-11-05 10:56:20,感冒一直吃这个，好用
2021-11-05 22:43:24,虽然没治好病 但是也还行吧
2021-11-04 17:44:13,回购，宝贝不错，快递给力，必须好评
2021-11-08 00:43:15,一直在这购，双十一购买三盒感康备用
2021-11-05 08:03:08,可以可以 常备药
2021-11-06 12:27:00,囤货一件??，资料齐全，收货愉快&hellip;
2021-11-03 10:40:20,速度快、非常满意
2021-11-05 18:47:12,是正品，可以
2021-11-07 11:51:10,这个感冒药挺好
2021-11-04 11:21:42,非常好，留着备用
2021-11-20 19:34:27,东西已收到，物流很快，很管用，棒棒的
2021-11-03 19:26:01,还可以 就是搭配的维c银翘片快临期了
2021-11-07 10:21:31,冬天换季容易感冒，家里备着
2021-11-08 20:59:34,非常满意好评
2021-11-06 11:02:55,很棒，一直很信任
2021-11-19 18:20:10,客服服务态度很好，快递也不赖，希望老板生意越来越好！！！
2021-11-04 16:23:23,方便快捷，备用
2021-11-05 15:42:21,常用药居家常备。
2021-11-03 17:57:01,圆通这次还好送到家了
2021-11-06 15:24:51,真的非常非常喜欢
2021-11-07 09:52:53,还不错，收到了
2021-11-07 13:37:51,吃了两盒，感冒基本好了
2021-11-07 12:17:14,奈斯，正品
2021-11-04 11:07:10,很好很便捷
2021-11-06 17:11:21,五星好评。
2021-11-09 03:13:30,非常好，非常快
2021-10-26 15:00:11,好评好评，挺便宜的，商品不错!我经常在网上购物，每次都特别满意，又便宜又多，比在实体店便宜很多，现在年轻人都是网购，真的很方便，以后衣服生活用品都要在网上买了，经常逛淘宝还有很多好玩的东西，不错不错，收到喜欢满意的东西都会给好评好评，喜欢就购。
2021-11-08 22:08:33,很快就到了
2021-11-04 14:23:28,秋冬季节卖来家里备着...！！
2021-11-06 11:04:19,好药保真
2021-11-03 18:33:54,太好用了吧
2021-11-08 12:37:05,先好评吧
2021-09-01 17:03:53,此用户没有填写评论!
2021-11-07 15:03:50,特殊时期，家中备货
2021-11-06 12:11:45,发货速度很快，买来备用，很方便
2021-11-08 08:59:48,阿里药房，叼，线下都买不到，买点感冒药备用。
2021-11-04 11:30:11,快递速度非常快
2021-11-05 13:37:12,快递很快，值的购买，货真价实，
2021-11-06 19:21:35,速度超快
2021-11-06 21:55:20,速度的确快
2021-11-04 20:55:42,冬天来了，备货！！
2021-11-08 03:49:13,很方便，很不错。
2021-11-06 17:35:08,用后评价
2021-10-24 15:10:19,正品信得过，我回头客，一直在这家店买，放心沒有假服务很好祥细
2021-10-26 08:23:30,快递也快 药跟实体店一样 十分满意的一次购物体验
2021-10-29 20:44:29,秋冬季节买来备用??就是疫情期间买好严格
2021-11-15 15:34:16,是理想中的产品??，质量不错，物流也很快，值得点赞！
2021-11-18 11:36:01,广州佛山有仓库，偏偏自动分配到重庆仓库是吧，如果不是不能出校门，我也不会选择上网买药
2021-11-08 16:20:22,给家里父母备的，父母家中不备常用药，阿里大药房挺方便，就是处方药比较麻烦，不过也是应该的
2021-11-07 13:39:10,发货速度快，好用！
2021-11-04 16:38:27,配送超快，与药店买的无差异
2021-10-26 12:33:31,冬季容易感冒，买些放家里备用，价格实惠都是正品
2021-11-06 10:12:28,发货速度好快，全五分
2021-11-03 16:23:01,不错，挺好的，一直用的
2021-10-22 21:37:03,物流很快，完好无损包装很好！一如既往地好，习惯给予好评
2021-10-23 20:41:05,以前就吃这个，别的不管用，还不错，吃了就好多了
2021-10-26 12:57:02,发货很快物流也快，本来天气转凉买来备用的，结果还没收到货就流鼻涕了，一收到货就来不及验证就吃了，今天特意验证了下，是正品，放心购买，比药店便宜，家庭必备。
2021-11-08 19:56:18,物流很快 客服态度很好
2021-10-11 18:59:42,此用户没有填写评论!
2021-10-24 20:48:19,包装很好，物价实惠，比实体店还便宜一点点，用来备着的??
2021-11-06 15:49:56,日常囤货。每次有活动都会囤好多，现在实体店的药价格太高了，囤点这种日常的药能省好多钱！
2021-11-19 18:10:20,是真的，买来备用。
2021-11-07 18:43:42,一次性买了很多，放家里备着。还是一如既往的方便快捷。
2021-11-11 23:38:43,此时此刻，随时准备着。
2021-11-18 21:14:33,老顾客了，阿里健康大药房的东西有品质。。。
2021-11-07 18:38:16,宝贝很好
2021-10-24 13:41:36,很好哦，换季常备
2021-11-20 12:04:22,收到了，给我妈买的，不好使我妈说，妈妈在吉林不会拍照，就没有发图，不建议网上买药
2021-10-31 15:24:31,看到有阿里给的优惠红包 正好妈妈感冒了 就买了一盒 还没有运费 棒????
2021-11-15 16:02:44,此用户没有填写评论!
2021-10-26 19:43:24,满意好评
2021-10-22 15:48:17,包装很好没有破损，感觉应该是正品吧，看着不错
2021-11-01 10:11:14,是正品，价格也实惠，下次还会再来。
2021-10-23 09:37:50,买个多次了，药效非常好
2021-10-24 21:16:44,挺快的
2021-11-02 16:05:17,比药店还便宜，还送到驿站，经济实惠。
2021-10-22 18:53:54,正品，价格实惠。冬天了易感冒，备货中。
2021-10-23 13:46:21,宝贝心仪很久了，趁活动时候买真的太划算了，喜欢的不要犹豫啊
2021-10-31 20:27:17,日期很新鲜，包装也完好
2021-11-01 19:31:33,便宜太多，质美价廉，选择没错
2021-10-25 17:51:53,有优惠券所以屯感冒药。冬天比较容易感冒??
2021-10-28 14:31:53,和药店买的一样 而且价位便宜很多
2021-11-02 22:14:30,包装高级，主要还是挺管用的，吃了两天感冒好的差不多了，平常备着也不错
2021-10-23 23:18:28,跟我在实体店买的一模一样！还是一样的好用，开心
2021-11-02 11:33:19,阿里健康大药房买药就是方便，足不出户就可以解决感冒问题
2021-10-29 11:22:39,包装精良，值得购买，是正品
2021-11-02 13:27:39,用了优惠券，邮寄到家里，很方便
2021-10-25 21:54:35,很好!
2021-10-25 16:58:45,家里常备药，比实体店便宜
2021-11-14 23:15:54,感冒经常吃这个，说不上好坏，照片啥的，可有可无。不重要
2021-10-27 19:29:08,感冒这个是真的管用，挺好的，送货又快，比药店还便宜点儿
2021-10-25 14:53:26,包装很好，颜值不错，质量也没有问题
2021-10-29 14:40:56,发货快 包装没问题 日期也是好的
2021-10-25 17:52:15,药刚到，感冒就好了！期待使用效果
2021-10-26 20:16:36,效果特别好，我的感冒特别快就好了。
2021-10-28 15:09:35,是正品 包装的很好 发货速度很快
2021-11-01 11:49:58,跟实体店没有区别，还便宜，喜欢！
2021-11-06 15:32:11,价格实惠，比药房便宜很多，物流也很快。
2021-11-02 11:00:57,真，比药店便宜多了
2021-11-01 08:51:08,快速而且效果很好
2021-10-24 13:03:26,价格实惠，比药房便宜。
2021-11-03 07:59:47,挺好的，价格比线下低，到货时间快。
2021-11-02 09:00:36,挺好的，价格合适，多次购买
2021-11-01 17:13:03,用券买 划算
2021-10-29 10:24:07,在外上班，昼夜温差大，备盒感冒药总是好的
2021-11-02 10:20:35,这个药效特别好，吃个两片差不多就行了。
2021-10-24 11:47:10,天猫超市，买东西真方便，送货快，也保真。
2021-10-30 17:43:25,领券买的，划算
2021-10-28 03:29:08,挺好的，用了券很划算，家中备用药
2021-10-24 12:28:35,之前感冒用这个，感觉还不错，这次买了备用
2021-11-01 22:41:52,第一次买感康，听说这个药效攒劲
2021-10-28 17:36:42,买来备用，看包装不错，先习惯好评
2021-11-07 18:57:59,天气降温了，买几盒备用。
2021-10-18 18:16:56,"ym客服服务很好,??没有副作用,绝对够称。?一模一样,质量很好。??前天下单的,吃了后有??变白,减肥药效果好。??跟店里的一样,我就是?有优惠券才买的。家中??常备药品,支持退货,??发热十分均匀。大品牌??值得信赖,"
2021-11-01 15:46:57,在阿里健康大药房买药就是省心、放心。
2021-10-22 17:50:10,是正品，家中常备药，药效好
2021-10-26 12:15:12,药效俱佳，感冒已经好了差不多。
2021-10-24 14:40:25,很好啊，东西不错
2021-10-27 22:36:49,药店都没有卖，大药房还是能买到，还是很不错的。
2021-10-24 10:50:33,非常棒，客服还会发给我药品说明和防伪查询
2021-10-24 16:01:53,相信阿里健康，正品保障，买着留着备用。。。需要的可以购买
2021-10-23 21:07:57,感冒药很好，却治不亮我的希望
2021-11-02 21:37:41,这个药效果不错，很管用，一直用这个。
2021-10-29 19:29:32,大家都说挺好用的，常备药吧
2021-10-25 13:43:53,验证是正品，货真价实??
2021-11-02 13:25:44,正品，价格实惠
2021-11-02 21:01:33,还没用，先五星好评！
2021-11-02 20:47:18,非常好，还有扫码验真伪的
2021-10-26 21:17:14,送的非常快，解决了燃眉之急
2021-11-08 21:05:49,唉。班里学生体质太差。我只好常备一些必备药品放在办公室。希望学生们用不到
2021-10-22 10:35:48,很快就收到了，吃了几粒挺好的。
2021-10-22 10:35:09,还不错，以后继续光顾
2021-10-27 13:40:51,物流快^包装的也很好，是正品
2021-10-24 14:14:05,很划算，正品，发货速度快
2021-10-31 17:48:23,感冒药收到了，效果不错，值得购买。
2021-10-28 22:25:54,非常好，家中备用药
2021-10-28 19:36:42,囤着以备不时之需
2021-10-30 18:04:05,非常OK，方便，快捷
2021-10-25 11:44:03,买了，预防流感的，价格比较划算
2021-10-25 15:16:10,非常满意非常喜欢非常好
2021-11-20 21:54:13,疫情期间，药店不卖感冒药了，网上买方便快捷！
2021-11-02 21:41:20,客服很贴心，东西也挺好的
2021-10-29 12:34:23,可以！有用！还是
2021-10-30 13:33:51,和药店买的一样，满意
2021-10-28 16:07:02,一直都很好，还快
2021-11-01 10:26:13,非常完美很喜欢
2021-10-23 20:20:52,昨天下午拍的，今天晚上就到了，满意。
2021-10-27 08:59:41,领的新人券很合适
2021-10-29 16:12:08,感康真的可。有活动就买来备用了
2021-11-01 14:31:50,还不错，可以
2021-10-22 16:26:46,可以的还不错
2021-10-29 18:06:38,正品，可以
2021-10-25 21:09:50,很快，隔天就到了
2021-10-30 20:28:14,药不错，挺好吃的
2021-10-30 20:23:43,这个药效很好
2021-10-27 11:16:37,配送速度快，特殊药物登记 也保证了当前状况下的安全 很可靠
2021-10-28 08:35:10,很好，日期也不错，放家里备着
2021-10-31 09:21:21,发货好快啊，中通永远滴神
2021-11-02 22:03:29,很方便，又便宜
2021-10-31 19:20:30,很好用不错
2021-10-29 15:26:13,配送很快很及时，非常好
2021-10-22 21:36:46,正品，好用
2021-10-31 21:00:13,吃过的都说好
2021-10-22 13:17:39,吃感冒有用
2021-10-25 22:09:01,冬天来了 备一点感冒药??
2021-10-22 13:29:10,快递很快，包装严实，药长得好看，没吃，在学校备着感冒吃。
2021-10-28 16:15:28,五分好评。
2021-10-25 20:43:13,好用有效
2021-10-28 11:44:36,好评好评，必须好评！
2021-10-24 09:32:42,和药店的一模一样，谢谢店家
2021-11-02 22:35:08,一如既往
2021-10-27 11:31:15,效期挺好的
2021-10-25 15:58:52,实物与描述的一样，质量相当好，卖家态度也好，有问必答，发货速度杠杠的，值得购买哦
2021-10-22 23:48:52,很快就到了！
2021-10-23 19:07:09,包装挺好。效果不错。物流快
2021-10-25 19:34:01,东西不错，质量超级好，和我在药房买的一样一样的，发货挺快的。
2021-10-22 13:47:02,家中常备的一款感冒药，天冷了就备两盒
2021-10-24 16:24:17,这药好使，下次再买
2021-10-27 22:58:18,挺好的，方便快捷省心，还能送到楼下
2021-10-22 21:13:58,非常满意！全五星好评！
2021-10-22 23:17:55,快递超快，感冒药还行只是我感冒可能要两周才能好，总体来说还是非常好的
2021-10-25 13:05:14,很好，第二次买了，囤感冒药
2021-10-22 18:39:32,给家里备用的感冒药
2021-11-01 10:41:46,挺好的，价格实惠
2021-10-30 10:12:13,正品，很好，满分。
2021-11-01 09:05:06,感康还是能很大程度解决大部分感冒的，睡一觉起来就好了
2021-10-24 07:18:55,非常满意，是正品，支持商家！
2021-11-19 13:00:44,物流很快，吃了比之前好一点了。
2021-10-27 14:28:58,正品！挺好的！
2021-10-26 17:20:27,物流快，服务周到，还送了一袋养生花茶。谢谢商
2021-10-28 15:10:40,发货快，物流也很给力，是正品！
2021-10-28 20:01:16,物流很快，药品种类也多，购物也方便
2021-10-09 13:28:52,一直都在天猫上买药了，感康确实治疗风寒感冒疗效很好。天气转凉我都会买来备用。价格实惠，到货也比较快的，很好
2021-10-26 23:43:14,非常有效就是说
2021-11-01 22:25:29,入冬四件套
2021-11-01 09:32:42,还没有吃完感冒就好了??
2021-10-21 11:47:23,感康是正品，日期还算新，物流比较快，而且便宜实惠，是阿里健康大药房少数包邮药物里的典范。药盒设计有创意，是抽取式的，而且像奖牌一样的药可以贴在杯子上提醒自己吃。
2021-10-24 20:48:59,不错，天冷了，备着
2021-10-25 13:59:31,物流速度快
2021-10-25 08:23:19,好用，发货快。
2021-10-27 13:37:32,很好，不错哟！
2021-11-01 06:05:47,时常备货！
2021-10-25 18:47:44,家里常备的
2021-11-02 11:17:59,收到，很不错。
2021-11-02 11:36:40,在家备着
2021-10-30 19:27:52,物流很快，感冒药和药店的一样
2021-10-30 21:54:59,日期新鲜的，很实惠
2021-10-28 11:53:20,购买很方便，不错
2021-10-28 12:12:22,非常好，值得购买
2021-11-18 22:20:02,实体店慢慢被淘汰的原因就在这里，一个字&ldquo;黑&rdquo;！
2021-10-31 15:53:14,正品，速度也快
2021-10-27 10:02:16,挺好！物美价廉
2021-10-26 12:43:24,挺好的，效果不错
2021-11-18 15:23:42,阿里药房的服务只能给一星
2021-10-09 12:48:14,价格实惠 质量很好
2021-10-23 05:40:02,收到，挺好的！
2021-10-28 19:59:32,快递满分！！
2021-10-13 20:52:20,首先，包装完好无缺。其次货品一流，送货到家，值得选购。
2021-11-14 18:14:36,家里已经有许多感冒药了，，但是我还是买了，我还买了阿奇还没到。现在市里县里药店都不卖感冒药了，布洛芬也不卖了。我在网上买，，存一点，家里五口人，不一定谁什么时候感冒了，不敢去医院。保质期是两年以上的，两年内感冒就有药吃了。
2021-10-29 08:35:00,快递很快，挺及时的
2021-10-24 13:55:07,包装很好
2021-10-31 12:24:25,东西收到了，还不错，有效期内，实惠。
2021-10-08 17:17:26,物流快 是正品 感冒喝几粒 里面是那种小勋章 很可爱
2021-10-12 19:04:24,感冒药收到了，包装完好无损，看上去很不错，满意
2021-10-28 10:44:46,质量挺好，物流也很快，赞！
2021-10-27 21:01:21,发货快，服务好，质量好
2021-10-25 14:42:52,感冒就用这个了????
2021-10-30 09:41:07,发货非常快，解决了燃眉之急！
2021-10-23 01:23:06,发货快。很好！满意
2021-10-31 00:16:45,速度够快，阿里的品牌，还有就是这个药盒的设计好高大上。
2021-10-18 15:04:46,包装完整 日期较新 盒子很好
2021-10-19 16:12:19,感冒药收到了，快递很快，下单很快就收到了，药看着可以，还没有开始吃，等吃了再来评
2021-11-12 17:11:38,这药是销量不好吗？我家里都是必备的。上面是我今年一月份买的，给我的去年12月生产的。现在十一月份买，竟然是去年11月份生产的。但愿下次购买，是新鲜日期。天爷
2021-10-24 09:06:27,不错，好评
2021-10-06 17:38:27,很划算
2021-10-23 08:01:59,看起来还好，用起来还合理，价格还合理，质量还可以。
2021-10-10 15:15:20,是正品，药效很好，新日期，价格便宜，物流
2021-10-14 16:55:12,昨天中午下的单今天就到了。药挺好
2021-10-21 15:36:29,日期新，包装完整，很不错
2021-11-16 15:54:10,物流很快，快递包装好看，还没吃，希望药效给力
2021-10-13 16:35:18,天气转凉啦，家中常备，价格实惠，物流很快。
2021-10-16 12:24:22,价格公道
2021-10-14 14:44:22,这个药很好用，客服态度也超级好，感冒必备
2021-10-11 13:32:00,非常方便，物流很快，推荐购买，有用的感冒药
2021-10-15 22:10:55,对比了好几家，最终选择了这一家店铺，服务态度很不错，下单以后发货也很快，收到以后包装也很不错，没有发现破损，价格也很实惠， 这个价位和质量真的是物有所值
2021-10-05 12:16:13,店家发货速度快，收到的感冒药和药房一样。价格实惠，家里备用挺好。疫情期间，相关的手续贵店做的很好。
2021-11-17 08:47:01,收到吃了一颗，效果挺好的，头也不疼了。
2021-10-12 22:35:55,发货很快。昨天下单今天就收到了，来的很及时。包装新颖，一边抽出说明书，另一边药就推出来了
2021-10-15 06:15:35,正品跟药房买的一样，很管用活动买的超值，
2021-10-12 17:54:55,物流很快，三天就到了，在网上还是比较实惠的，比实体店便宜了差不多十块钱，换季太容易感冒了，提前备好
2021-10-17 15:04:44,这个顶事
2021-10-15 15:03:22,药药收到了，应该是正品，比药店实惠多了
2021-10-08 16:22:37,见效快
2021-10-21 12:17:07,放心买
2021-10-26 17:22:09,轻感冒，两粒搞定了
2021-10-04 08:09:25,是正品很好用，真的特别划算，囤货
2021-10-10 10:04:04,应该是正品，疫情期间买来预防感冒的，还没吃，比药店便宜一些，而且物流也比较快，好评。
2021-10-18 19:49:39,便宜，家中常备药，比药房便宜太多了
2021-10-19 14:10:21,宝贝发货速度很快。现在疫情期间，感冒都要买不到感冒药了，先预备着存点吧。个人觉得感冒药感康最好用
2021-10-25 12:40:22,好药，吃不*。 一起感冒用过，其实效果挺好的。
2021-10-14 15:16:32,宝贝价格实惠，有需要会再来。
2021-10-06 13:14:11,买来给男朋友带着出门的 虽然自己买也很方便 不过还是放身边备着比较来的快
2021-10-28 11:41:54,??值得购买！没有什么味道，用起来还可以??，没有不舒服的地方??，所以我还蛮喜欢的
2021-10-19 14:54:30,这个药我用了效果很好 而且要比实体药店便宜 第二天就到了 很快
2021-10-19 23:53:01,送达速度真快，第二天就到了，是正品，感觉挺实惠，也非常不错。
2021-11-16 16:09:25,药不错，为何不是本地发货，等了好几天。望改善
2021-10-30 16:05:25,很好，药店太贵了，
2021-10-11 11:59:57,是正品哟~比药店都便宜
2021-10-17 11:07:30,从阿里买药还是很放心的 正好有红包??买到手价格相当合适了
2021-11-15 17:16:28,囤货的，这不冬天了，怕感冒，放点感冒药在家里备着
2021-10-09 09:57:05,网上购买很方便，一天左右就能送到，价格也实惠。
2021-10-17 10:05:49,经常都在阿里健康囤药，活动力度大，便宜
2021-10-10 09:08:43,发货速度非常的快，优惠券用了非常划算，疫情期间家里备点感冒药非常好
2021-10-12 11:53:57,不错，非常好
2021-10-05 10:34:24,效果很好  跟实体店一样
2021-10-15 07:14:16,????阿里大药房发货非常快，是正品，??超级喜欢，以后需要在来买
2021-10-04 16:32:56,挺满意的。
2021-10-09 19:36:26,材质很好，质量也不错，到货也很快
2021-10-17 19:58:36,非常好的卖家 物有所值 会继续关注本店的 希望卖家还会有更大的优惠力度
2021-11-18 15:39:35,一粒见效
2021-10-20 15:25:24,包装还不错，比之前价格划算多了
2021-10-18 12:17:20,东西很不错，值得购买，可以推荐大家入手。
2021-10-22 06:48:39,物流是真快，老包装和本地药房卖的是一样的，冬天买来备用
2021-10-17 20:31:07,感冒药效果蛮好，以前诊所都开的这个
2021-11-16 13:53:59,特殊时期备用的，
2021-10-14 13:49:44,好评超实惠，和药房的一样！药房一盒35太黑了！！！
2021-10-21 10:34:27,是正品，比实体店便宜，
2021-10-20 08:28:01,比实体店便宜，到货很快！
2021-10-06 18:05:43,便宜好用，就喜欢感康
2021-10-07 21:41:37,正品，比实体店便宜。
2021-10-19 18:32:32,是正品，买来备用的，天气转凉了，下次还来
2021-10-19 20:17:38,完全符合卖家的描述，非常满意。很喜欢，这完全出乎意料。送货速度很快，包装很细致，对购物很满意。
2021-10-17 18:26:03,方便快捷 好评  每年秋冬天都会提前备点，预防工作必须到位，推荐购买
2021-10-09 11:07:54,药收到了 阿里健康是官方平台 很信任 屯着之后有个小感冒啥的 再吃
2021-10-19 12:54:37,超方便，效果立竿见影哈哈哈哈
2021-10-08 09:03:47,非常好，是正品，可以放心购买。
2021-10-06 08:57:29,好评   发货快 和实体店一样
2021-10-20 13:19:36,就单纯买来预防头疼的 哈哈哈老牌子值得信赖
2021-10-06 14:38:38,很好  很快  一直在这家买我需要的药  不错  好评五分
2021-10-11 09:25:52,非常好用两片就好了！五星好评！
2021-10-05 19:58:09,用优惠券买的，划得来
2021-10-21 20:22:12,商品符合描述，价格比药店便宜，能省很多钱
2021-10-11 11:49:48,还不错，比较便宜的
2021-10-07 18:05:45,物美价廉，经济实惠，挺好的！药到病除
2021-10-05 09:45:54,比实体店便宜多了
2021-10-17 12:48:23,比在药店买优惠
2021-10-14 17:56:55,包装完整，药效果不错
2021-10-21 23:12:42,效果很好，价钱便宜，发货很快，包装很好。
2021-10-17 16:43:47,可以的，阿里大药房多次购买了，药品信得过
2021-10-09 18:21:28,正品值得信赖
2021-10-20 15:01:18,常用药，备着，蛮合适的
2021-10-11 14:57:32,货已收到，很好的，我是多次购买了，保真的，下次还会来买。
2021-10-07 19:39:39,和药店买的一模一样哇
2021-10-09 17:05:51,绝绝子，很划算
2021-10-09 19:55:22,好，正品无疑
2021-10-07 22:19:34,东西不错，五星好评！
2021-10-04 19:00:55,物流超级超级快！质量也非常不错，的确物有所值
2021-10-16 07:58:47,宝贝不错，值得购买拥有！
2021-10-19 03:35:41,应该是正品
2021-10-13 05:20:49,便宜好用
2021-10-13 23:03:22,划算，推荐，
2021-10-17 22:15:00,买在家里备用，价格划算！
2021-11-13 09:29:08,历经10天，终于收到货，以后不会再买，服务等于无，全程等待，物流需要自己联系，我要是联系的上，就不会找客服了。后会无期，勿扰，谢谢！
2021-10-09 15:22:34,是正品，效果很好
2021-10-16 18:53:15,优惠劵买的。
2021-10-10 18:52:32,发货速度快，包装完好，是是正品
2021-10-20 12:07:33,东西不错  好评
2021-10-10 22:31:56,很好用，效果很好
2021-10-20 08:52:30,家里常备药，政策原因药店暂时不能买，只能网上买，下单要登记了一下，隔天就收到了，还是送货上门，很方便。
2021-10-14 07:06:58,包装还挺好玩的
2021-10-19 18:34:35,不错哦，发货很及时，比去医院开药方便多了！
2021-10-11 20:09:41,配送很及时 很好 我试试效果
2021-10-06 20:11:24,正品  非常好  发货快  物流快
2021-10-09 18:55:52,物流很快，下雨天三两天也就到了、网上购买方便实惠
2021-10-17 16:35:37,很棒，比实体店还要多，快递也很快，以后锁定这家店铺了，嘿嘿??
2021-10-11 16:07:59,物流非常快，东西非常好，下次还会来
2021-11-18 17:59:52,效果太强最好不要多吃
2021-10-17 12:49:19,是真品 很好 快递也可快
2021-10-15 16:53:56,扫码，是正品，非常方便，谢谢。
2021-10-14 19:16:13,很管用，吃了两天感冒就好了
2021-10-08 12:24:42,正品好药，良心卖家，满意。
2021-10-17 13:27:01,包装完好
2021-10-11 16:18:10,包装挺好
2021-10-07 19:26:20,真不错家里备着预防感冒
2021-10-06 07:29:30,货真价实，这款真的是正品药，很满意
2021-10-14 17:02:34,很好，应该没问题，就是生产日期有点长，20年11月生产的
2021-10-19 11:54:46,是正品，发货速度很快，可以放心购买。
2021-10-14 22:33:36,家中必备药，换季预防感冒
2021-10-16 13:07:26,实惠又方便，赞
2021-10-17 16:38:12,速度快，相信阿里大药房
2021-10-08 14:55:28,以前真不知道网上能买到感冒药，我们这店里买一些感冒药好难！准备再回购备一些防着冬季感冒
2021-10-19 18:22:11,正品，药效很好！
2021-11-01 10:39:15,快递很快，药也管事。
2021-10-10 14:15:46,这是个好评的模板，说明我对这次购物的综合体验还是满意的，无论产品的质量，亦或是客服的服务态度都是不错的，达到了预期，可以放心入手！淘宝的平台还是值得信赖的，平时太懒嫌麻烦不怎么评论，以后可以用这个模板评论了！
2021-10-18 11:07:55,只适合轻度上呼吸感冒
2021-10-15 13:06:14,药粒真大了看图片很小，估计很苦，好评！
2021-10-10 16:47:30,跟上次买的一样，很好。
2021-11-20 09:50:42,药收到了，扫码为正品，物流快。
2021-10-11 20:21:18,网上购买还是比较方便的
2021-10-19 09:54:56,最好用的感冒药 没有之一
2021-10-07 11:51:56,价格划算
2021-10-22 10:38:39,还没吃，效果应该挺好，物流快
2021-10-11 09:37:12,家里常备感冒药，挺好的
2021-10-14 22:48:25,为疫情防控做好准备！
2021-10-11 18:01:35,买过第二次了，挺好
2021-10-14 12:54:18,五星好评非常满意。
2021-10-09 09:15:15,是正品，吃了就是瞌睡多
2021-10-17 09:53:43,这个治疗感冒效果好
2021-11-17 22:06:19,商品根本就没收到，发货7天不到就自动收到货了，exm？  客服联系了一直说稍等，我要查下  无语评价
2021-10-06 15:06:23,东西收到了，质量很不错！
2021-10-17 17:55:43,值得拥有，快递很快
2021-10-18 22:07:39,就是喜欢买点屯着
2021-11-20 16:38:46,物流特别快经常在这里买药了
2021-10-14 11:29:03,挺好用的，还很环保！
2021-10-30 08:56:00,挺好使  广告做的多  就知道这个药了
2021-10-09 15:21:47,迅速 真心好评
2021-10-05 21:00:41,很快就收到货了
2021-10-11 15:17:03,特效药 很好用
2021-10-15 05:11:25,药是正品，价格优惠，需要的可以入手了。
2021-07-17 09:22:04,此用户没有填写评论!
2021-10-13 14:39:57,挺好，速度快
2021-10-16 23:34:12,方便快捷，好
2021-10-12 16:43:03,又快又好又便宜！
2021-10-12 16:54:21,送药速度快
2021-10-09 17:47:07,好(?▽?)
2021-10-21 16:39:15,买来背着的 很快 物流没有问题
2021-10-20 13:57:55,比本地药店便宜，发货也很快
2021-10-19 08:07:47,感康不错的
2021-10-11 10:29:11,超级喜欢
2021-10-09 11:36:52,非常不错哦
2021-10-19 13:27:09,非常好，送货速度快
2021-10-07 16:54:21,日期挺新的
2021-10-14 13:20:00,希望别用到哈哈，物流好快！
2021-10-20 14:51:44,药很管用
2021-10-16 21:50:59,性价比高，我很喜欢，下次还会光临
2021-10-04 16:47:02,物流很快，??产品很快就收到了，比想象中还好，是正品感康。
2021-10-21 08:10:39,非常好，发货超快
2021-10-11 23:13:19,很好 发货很快 满意
2021-10-16 19:40:14,包装很好，是正品
2021-10-21 08:08:24,不错，是正品
2021-10-15 14:17:43,物流超级快，买来囤着
2021-10-21 14:37:01,物流真快呀！药也好，买药就上他家买。阿里大药房就是好。
2021-10-05 06:12:11,特别及时，感冒好多了！谢谢
2021-10-08 13:29:19,第二次购买了
2021-10-10 18:49:18,东西还不错物流很快
2021-09-27 11:28:03,有活动，便宜实惠，买入囤一囤。看外观和线下药店差不多，暂未使用。
2021-10-18 10:00:56,宝贝很好，不得不说，客服态度也太好了吧！
2021-10-19 19:36:45,快递速度好的惊人
2021-10-12 23:35:40,不错，喜欢，性价比高，以后会经常光顾
2021-10-13 12:49:38,物流好快啊，赞赞赞
2021-11-13 17:28:09,快递收到了，第一时间就打开看了，物流速度还可以，东西整体来说也还行，性价比感觉还阔以。
2021-10-20 14:17:30,第二次买了，领券买的
2021-11-02 18:58:41,冬天来了，容易感冒，提前买备着。
2021-10-17 13:31:13,速度快，下次再来。好评。
2021-10-14 15:56:10,家里常备药
2021-10-19 11:35:14,放家里备用
2021-10-09 20:44:04,感康智这种小感冒效果特别好，就是吃了之后有点想睡觉。
2021-11-08 14:51:21,第一天买了第二天就到了，就是药好苦喔
2021-10-14 14:08:36,买来备用的，暂时还没用到！
2021-10-15 21:00:39,秋冬备用
2021-10-12 09:48:57,家庭常备
2021-10-18 19:34:58,收到，备用
2021-10-15 20:55:45,很好，质量很好，
2021-10-12 08:22:42,货真价实，方便快捷
2021-10-15 18:31:48,发货迅速，正品
2021-10-19 13:58:37,是正品，速度很快
2021-10-05 07:44:01,物流超快
2021-10-07 20:50:35,非常好，好评！
2021-10-13 16:44:45,物流很快，药??是真的，很方便
2021-10-18 12:57:02,家中常备药，不错
2021-11-16 15:23:43,15天终于收到了这个快递，这次购物简直太闹心了。
2021-10-18 10:22:13,很好，是正品，希望卖家大卖
2021-11-11 23:09:10,再也不会来买了。刚收到包裹都没拆也不能退。还规定规定！快递员说都不说就签收了有什么办法。反正之前一直一直你家买。再也不会来买了。
2021-11-17 20:36:02,包装细致，物流很快，应该是正品
2021-10-15 10:28:20,药效俱佳，一顿就退烧了
2021-10-06 12:25:54,这个也收到很有效果，吃了都想睡，店家也耐心的给我讲解，
2021-10-16 17:36:13,备用，性价比高
2021-10-14 19:17:58,给了个红包 才买的 第一次在淘宝上买药 看着是正品 包装也挺好的
2021-10-13 22:42:10,速度很快！
2021-10-15 14:11:07,到货后，感冒已经好了，
2021-10-15 18:06:01,品质很好，发货速度快
2021-10-17 15:01:39,正品，好评
2021-10-06 01:55:41,正品，不错
2021-10-12 21:02:50,按照要求实名登记买了两盒做为家庭必备药，发货和物流都很快。
2021-10-06 20:14:48,非常满意！
2021-10-16 11:01:21,值得信赖家里的药都是从这里买的
2021-10-06 14:32:20,吃了两次，鼻塞就好了，效果不错！
2021-10-17 19:38:47,物流快，直营药房有保证
2021-10-13 10:13:04,价格优惠，效果好??
2021-10-17 09:58:58,发货很快，日期新
2021-09-30 13:36:31,方便实惠，有个头疼脑热的备用
2021-10-16 10:52:31,收到了，很好。
2021-10-11 21:52:41,想买的别犹豫哇！没有廉价的感觉，很高端，特别棒！
2021-10-21 19:43:33,很好(●&deg;u&deg;●)?&nbsp;」
2021-10-14 12:15:39,送货很快，谢谢
2021-10-06 10:38:25,物流快，质量好，值得信赖，好评。
2021-11-16 16:09:24,此用户没有填写评论!
2021-09-29 14:07:44,一直在阿里买一些药品，正品 放心 发货快收到快 好评
2021-11-17 08:48:05,药还不错。包装还好看。
2021-11-13 23:01:43,发货很快，阿里大药房就是好了！！！
2021-11-18 18:24:02,感觉物流超级慢，药效也一般
2021-09-21 16:12:00,快递很快，次日达！快递包装完好，药品包装完好！正品药品，效果很好
2021-10-17 13:31:23,这包装也太高级了（手动笑哭）
2021-10-08 23:45:25,物流很快，多次购买啦
2021-10-20 09:18:50,买来囤货的 换季容易感冒
2021-10-14 13:59:50,不错，值得购买
2021-10-17 17:27:08,这药送的很快啊！这个药盒设计的很奇特！
2021-10-20 12:33:56,很好，发货快
2021-11-18 09:28:15,应该还可以，这个怎么评价呢？
2021-10-15 20:31:37,实物图片描述跟一样的，之前还担会相差太多，原来是我多心了，主要是价格还不会贵，物流也快，付款当天就发货了，店铺客服和快递 员态度都 是妥妥的，值得大家购买。
2021-11-08 16:09:49,第一次购买，，好像比药房网??商城，贵了点，习惯性好评
2021-10-05 19:49:26,收到备着吧
2021-10-04 10:41:53,性价比高
2021-10-14 13:54:44,货已经收到了，发货非常快。
2021-10-17 09:18:14,发货很快
2021-10-17 16:22:03,服务态度好，送货上门
2021-09-13 12:24:32,感冒药收到了，和我平时在药店买的一样
2021-11-19 11:03:51,日期还没有在药店买的好
2021-10-21 13:06:29,快递很快，质量棒极了，建议购买 治疗感冒，据说还行，
2021-11-10 15:32:01,我受到药的时候我感冒已经好了，就没吃过，不知道今年还会不会感冒了
2021-09-27 17:16:20,保真 特别好 包装好 细节到位 强烈推荐
2021-09-21 14:34:50,家庭备用药 换季了买一盒放着备用
2021-11-12 19:23:42,很有设计感，现在感冒药都这么内卷了！都卷起来吧
2021-10-13 11:01:38,哈哈哈，物流挺快，质量不错
2021-09-24 00:22:08,发货及时物流迅速 第二天就收到了 宝贝不错 买来备用的 相当正规
2021-10-14 18:17:28,发货特别快，物流也快，天冷了，家里备点药。
2021-11-19 19:23:10,囤药以防万一药店没卖的
2021-11-17 14:47:06,药可以，快递不行
2021-09-26 17:38:08,感冒，头疼喝这个很快就减轻了，好用。
2021-11-15 20:21:48,买了两种药，只发了一种药，跟客服怎么说就像看不懂中国话一样，真是无语到想骂人，还是换一家药店吧
2021-10-10 16:43:39,10月7号下的单，说第二天能送到，10月10号才送到，感冒都快好了
2021-10-17 01:57:37,起锅烧油葱姜蒜爆香
2021-09-25 18:42:53,感觉不错，希望明天感冒就能好
2021-11-19 09:53:11,物流超级慢
2021-10-06 05:28:20,隔夜送的，省事
2021-10-13 09:44:38,这个包装越来越有意思了，从小就吃克感敏，还是这个起效快
2021-09-16 11:46:12,发货到货很快，很方便，不错，买了一点在家里备着。
2021-09-16 08:01:05,药效非常好。便宜实惠，比药店买便宜，是正品
2021-09-27 22:03:28,活动买的，比药店便宜好多，规格也是一样的，很划算
2021-09-20 14:38:23,很好物有所值，物流很快并且包装也很好。值得购买的，比线下便宜多了，已经收藏有需要再继续回购
2021-09-16 17:16:36,跟药房的一样，不错的
2021-09-21 15:09:54,好吃，只是把牛肉做成面的形状，照理说应该和吃牛肉差不多，但是这个口感太新奇了，面条和炒蛋的搭配，一同滑入口中，一咬下去，牛肉的肉汁溢出来，和炒蛋的配料配合在一起，产生浓郁香醇的滋味，乍看之下是单纯的`构想，可是竟然能产生这么新鲜的效果
2021-09-29 22:46:42,挺不错的感冒药
2021-10-03 20:59:58,好评包装细心价格实惠质量很好
2021-09-26 10:55:58,不得不说，速度确实很快
2021-09-24 11:04:22,服务周到热情！
2021-10-05 13:10:47,给男朋友买的，物流很快。如果再感冒还会回购。
2021-09-28 21:17:01,药到病除
2021-10-21 22:42:17,这个治疗感冒还挺有用的
2021-09-28 18:02:07,药是正品，和药店卖的一样东西质量非常好，与卖家描述的完全一致，非常满意
2021-09-10 19:37:36,昨天下单，今天到，发货迅速，包装完整。换季容易感冒，买来备用。
2021-11-10 16:45:44,9.30到货的蒲地蓝口服液，11.6号打开要喝的时候发现都漏完了，联系客服说补偿十元，我要求补发一盒不同意，要求原价补偿也不同意，40块钱买了一盒不能吃的药，客服说理解我，但是只能补偿十元，我都不知道是什么意思
2021-09-26 19:42:32,给今冬备点常规感冒药！这药服自己，价格也划算！
2021-09-28 21:38:26,好，很好，非常好。！！！
2021-09-27 08:00:57,一直信赖，而且确实比药店便宜多了，就认准这里了
2021-10-01 18:34:22,买药一直都是阿里大药房，简单高效快捷，安全安心放心，看得见的价格，周到贴心的服务，非常满意
2021-09-14 19:42:01,东西不错价格实惠
2021-10-01 11:50:46,这个药治风寒感冒真的很好吃，吃了之后如果有点感冒迹象的话，基本上第2天就好了，而且这个设计真的很喜欢抽拉式的，还带一个小金牌，可以贴在醒目的位置，不会让你忘记吃药，真的很不错。设计上真的是用心了。
2021-09-23 19:18:43,网上买药很方便，比药店还便宜，买过来放着备用
2021-09-25 23:49:43,新人折扣，加上红包，一盒才6.2，入冬必备
2021-09-23 18:25:16,太棒啦！！！昨晚上下单今天就到了！！！太快啦！！！
2021-11-10 21:18:53,药没问题，物流也可以，但问快递的快递具体位置时不好好说话，还被骂了一句，非常非常不爽，还不能投诉，垃圾圆通，商家没问题。
2021-11-16 13:37:51,老顾客了。
2021-09-25 18:50:47,买来备用，发货速度很快
2021-11-16 12:43:11,包装实在差，口服液烂了好几瓶
2021-09-14 23:17:01,是正品和药房买的一样
2021-09-24 13:37:59,这个药很有效的，如果经常季节性感冒什么的比较推荐这个。
2021-09-29 08:53:19,包装很好，快递很快，商品质量很好，是正品货，商家服务态度很好。
2021-09-18 20:39:40,很愉快的一次购物，昨天晚上下单第二天下午就到了
2021-10-01 14:52:27,扫码了，是正品药，可以放心购买
2021-09-29 13:38:54,终于收到我需要的宝贝了，东西很好，价美物廉，谢谢掌柜的!掌柜态度很专业热情，有问必答，回复也很快，我问了不少问题，他都不觉得烦，都会认真回答我。再说宝贝，正是我需要的，收到的时候包装完整，打开后让我惊喜的是，宝贝比我想象中的还要好!不得不得竖起大拇指。下次需要的时候我还会再来的！
2021-09-23 19:29:57,物流很快，宝贝收到，好评。
2021-09-25 15:39:57,经济实惠，比实体店便宜很多
2021-09-30 17:38:24,效果不错 发货速度很快                          。
2021-09-24 19:22:29,效果不错，价格实惠，发货快，总之就是好
2021-09-15 21:25:06,家里常备药，过几天旅游要带上
2021-09-30 09:10:31,神器，很好很强大！你，值得拥有！
2021-09-13 09:43:07,不错，这哈就在这里买了，比实体店便宜多了，正品保证
2021-09-23 19:30:54,高大上，期待效果。
2021-11-15 08:01:48,吃了两天效果不大
2021-09-28 23:11:33,价格实惠，性价比很高，药效不错。
2021-06-26 07:03:40,此用户没有填写评论!
2021-05-08 16:10:54,此用户没有填写评论!
2021-09-16 11:50:40,物流还可以，商品觉得挺好的，买的时候看见评论里都说好就买了，商品对得起这个价格。到了之后，满怀期待一激动得从快递员那里拿回了寝室，而且客服小姐姐也特别的好，很有礼貌，客服小姐姐也是秒回我的疑问呢，嘻嘻，下次还会回购哒
2021-10-18 23:24:36,这个药盒太有意思了，是拉开的
2021-10-04 00:10:49,比药店便宜，家里备点
2021-09-22 13:53:08,感康收到了 和在药店买的一样
2021-09-23 14:27:54,宝贝收到后立马试了试，太适合我了，点赞
2021-09-25 14:41:01,比药店便宜，买来备用。
2021-10-03 13:45:10,东西非常好，以后还会回购的！！！
2021-09-30 16:06:31,和药房买的一样，家中常备。
2021-09-21 16:36:51,感康感冒药不错，鼻涕几天了吃了两天就好！很给力，??
2021-09-30 10:13:29,备用，比药店便宜
2021-09-19 22:41:14,非常好和药店卖的一样
2021-09-21 16:22:21,正品用劵了好便宜
2021-09-30 11:07:36,家里必备的东西  ，预防感冒
2021-09-25 17:26:40,真品保证 哈哈哈哈哈哈
2021-09-28 00:40:33,价格划算！今冬防感冒必备！
2021-09-23 09:30:13,挺好的，价格适中，质量看着不错
2021-11-13 12:33:42,药盒包装太简陋了吧！
2021-10-03 14:17:22,效果可以，常备
2021-09-25 21:38:27,高端大气上档次，非常不错的改版。太帅了
2021-11-15 19:19:14,买来囤货用，现在药店感冒药都不能买了
2021-09-24 11:25:22,.忠心地感谢你，让我买到了梦寐以求的宝贝，太感谢了！
2021-09-19 21:24:51,跟实体店一样
2021-09-19 15:16:16,效果不错 吃了三次感冒就差不多好了
2021-09-26 23:43:36,非常好，嗓子疼的厉害然后吃了之后睡了两个小时现在起来嗓子感受了点
2021-09-21 18:09:01,收到，扫码真品，好评。
2021-10-07 13:59:37,东西挺好，物流也很快，赞！
2021-09-20 09:59:45,姐斤斤计较叫姐姐真咔咔咔
2021-09-21 18:27:11,放在家中备用，好坏等以后用了再说，包装很好。
2021-11-14 22:43:58,比京东快太多了
2021-09-28 20:59:13,感冒药家里的日常备用，经常在阿里大药房买，物超所值。
2021-09-12 17:45:17,发货速度 药店正品
2021-10-03 15:43:12,没问题 包装品质
2021-09-20 21:47:36,此用户没有填写评论!
2021-09-19 20:29:02,和药店的一样
2021-09-25 19:53:42,非常好，妈妈喜欢
2021-09-27 19:01:08,包装很好，天冷了，买了三盒备用。
2021-11-08 18:42:37,店大欺客，还挺理直气壮的
2021-10-03 01:08:54,包装十分完好！
2021-09-20 20:23:04,见效果快
2021-09-27 16:14:50,非常便利，这几盒用完还会购买
2021-05-11 21:50:23,此用户没有填写评论!
2021-09-23 15:24:32,一如既往地好！与卖家描述一致！
2021-09-27 19:21:10,换季家里常备药，以备不时之需
2021-09-28 12:42:37,买来！备用，希望永远吃不到。哈哈
2021-09-30 08:28:09,包装简单了
2021-11-16 15:35:55,药很好，快递慢，西安没有仓库
2021-09-30 19:41:20,一直在用阿里健康大药房
2021-09-27 09:51:19,发货超级快哦，东西是正品。价格还优惠，
2021-09-14 14:36:59,挺好的，比在实体店便宜
2021-11-15 13:05:10,物流快，正品，买回来备用。
2021-10-02 15:52:12,正品，好的很快
2021-10-02 06:53:48,是正品，放心购买吧，好评！
2021-09-27 13:06:25,和药房的一样，且快递超棒，凌晨购买，下午到达！！！！！！！！！！！！！！！！！！！！！！！！！！！！！！！！！！！！！！！！！！！！！！！！！！！！！！！！！！！！！！！！！！！！！！！！！！！！！！！！！！！！！！
2021-09-25 19:07:40,非常好吃，下次还来。
2021-09-20 22:04:02,药是正品，吃了三颗就好了，价格比药店便宜太多了
2021-09-28 21:21:11,这个感冒药之前买过，家里偶尔备用
2021-10-03 19:30:29,药品有保障买着放心
2021-09-13 14:37:40,买点药以备不时之需
2021-10-15 12:36:13,感冒必备，只有这玩意我感觉才有效
2021-09-13 20:12:31,快递服务员非常周到，商品包装很到位。六星好评。
2021-09-21 23:43:41,五星好评值得购买
2021-10-03 17:06:57,??赶上做活动的时候买的，这个价格一分钱一分货??，从外观看很美??，材质做工都不错??，感觉买值了，还有物流超级快，点赞！
2021-09-30 22:24:54,发货快 到货也快物流很快道的的的 看大家都说不错先囤着开学拿学校
2021-09-20 16:14:10,N多次购买了，价格便宜，货真价实，快递给力，非常满意的网购
2021-11-15 21:45:31,习惯性好评
2021-10-01 21:58:01,隔天就到了，方便快捷
2021-09-20 08:40:37,真的很管用，疗效显著
2021-09-28 17:53:14,天冷了家里预备点感冒药没毛病，非常满意
2021-09-20 16:24:49,质量有保障就是好药
2021-11-14 19:03:36,买来备用  还没吃
2021-09-26 16:41:02,很好，用红包后价格挺便宜的
2021-09-29 18:14:45,值得信赖的商家！全好评！点赞????????????
2021-09-14 19:46:27,挺好，方便，快速
2021-09-28 10:47:05,nice，家里储备一些
2021-09-20 14:35:02,阿里药房客服服务真好，回复也快
2021-09-21 21:29:36,挺管用。满意。全五分好评。
2021-11-05 23:21:40,我也不知道是哪个药，显示送泡腾片结果没送。 一盒泡腾片我觉得没多贵，但是你的界面既然显示了会送，而且从始至终界面里面的赠送没有消失说明就是显示要送，结果我没收到，咱也不知道为啥。
2021-09-21 20:31:23,以备不时之需的
2021-10-02 16:57:46,居家备用的好药
2021-09-10 06:51:06,发货快 很好
2021-09-23 20:25:04,不错非常的快
2021-09-20 21:20:26,特别方便呀
2021-09-14 11:57:34,效果不错??
2021-09-20 18:54:04,很好，速度快，正品
2021-09-29 09:39:13,比药店便宜多了，物流也快，好评！
2021-09-13 14:12:58,一如既往的好！！！
2021-09-25 18:50:20,包装很好，药是真的
2021-09-24 19:16:34,效果不错，价格也不贵
2021-09-29 13:14:19,居家必备
2021-09-19 19:52:12,药效真的强
2021-09-28 14:30:44,货真价实 正规好药 还不收运费  太赞??！
2021-09-10 18:37:57,发货速度超级快??
2021-09-25 16:02:44,备用的，看着可以像正品。
2021-09-15 18:09:00,天气转凉，备货预防感冒。
2021-09-28 12:39:25,好使 刚邮来就用上了
2021-09-25 15:29:42,??买多了....好用的！
2021-09-14 20:57:02,很好，是正品。
2021-09-23 20:59:04,绝了，物流很快，然后新人还有优惠，屯着，很方便
2021-09-28 18:54:24,挺好吃的，不错！还会再买的
2021-09-10 19:49:30,去药店总是被推荐些乱七八糟的，网上买挺好的，想买什么买什么
2021-09-15 23:46:53,换季时间容易感冒先买点药囤着
2021-09-28 16:07:41,不错很及时物流快
2021-10-01 14:54:39,正品！城信！方便快捷！
2021-09-11 22:41:16,快递速度很快，正在使用，感觉良好。
2021-09-25 14:47:20,我最爱的感冒药啦 我一感冒就吃它
2021-09-21 20:44:36,是真的回来就用上了我现在也好了完了再回购
2021-10-03 11:55:17,挺好的，还不错，包装很好
2021-10-02 11:43:05,不错，尤其是抽屉式的药盒保装
2021-09-20 16:13:04,发货速度一流
2021-11-03 10:20:06,正品很有保障，药物这类还是得谨慎点从官方买
2021-09-10 18:28:10,发货物流都很快
2021-09-19 08:43:29,比线下买便宜很多，不错
2021-09-11 20:57:35,很好，是正品。物美价廉
2021-09-29 00:17:47,物流还挺快的，感冒药也蛮好的
2021-09-27 16:10:56,老顾客了，很好。
2021-09-27 13:37:28,是正品，快递发货很给力
2021-09-10 22:19:50,秋冬换季囤货，希望不要感冒
2021-10-02 17:39:10,经常感冒，备着
2021-09-14 16:54:55,买来备用，看着和药店买的一样。
2021-10-01 07:18:21,家庭备用药
2021-09-26 17:53:31,收到啦备货
2021-09-26 21:19:55,家庭备药
2021-10-02 23:28:46,家庭常备！
2021-09-13 18:42:36,物流很快，正品，家庭必备
2021-10-01 19:42:02,不错，放心拍。
2021-11-12 13:22:39,预防感冒，存了一些。
2021-09-13 10:14:15,客服很好
2021-09-26 11:21:15,正品哦，发货超快
2021-09-23 20:58:57,有活动，买来背着
2021-10-03 13:56:59,收到了，备用药。好评。
2021-09-24 19:15:48,不错，发货快，包装好
2021-09-24 16:33:12,提前准备，很好
2021-09-21 13:42:06,承诺15号送到，实际晚了一天
2021-09-22 15:53:28,物流属实飞起，头天发货第二天到货马上赶超顺丰了
2021-10-19 15:49:36,卖家服务态度好，发货速度快！
2021-09-29 09:36:15,物流很快，质量不错，满意。
2021-10-01 18:26:15,物流快，感冒初期效果好。
2021-11-01 09:20:28,换季真的很容易感冒，感康管用
2021-09-25 18:30:31,价格优惠  送货快
2021-11-07 13:51:14,此用户没有填写评论!
2021-09-30 08:30:20,很好，谢谢卖家！
2021-09-20 11:55:15,好货，第二次回购。
2021-11-13 12:42:00,还没吃，吃了再评价
2021-11-02 15:30:49,刚好感冒了，速度隔天到。还好。
2021-09-15 21:22:41,物流快，喝了一次就好多了，谢谢商家
2021-11-13 11:42:04,也许这药不对症吧，反正我感冒吃了完全没效果&hellip;
2021-09-28 09:36:17,感冒季就要到了，提前囤货中，物流很快，比药店还方便
2021-11-04 15:12:02,此用户没有填写评论!
2021-09-27 17:51:16,很好，配送及时
2021-11-05 20:17:13,没用呢，不知道
2021-09-27 12:35:20,正品，囤货。
2021-09-10 23:46:28,物流很快，卖家服务态度很好，很好
2021-11-05 11:42:47,感觉像假药    在药店买的  吃了都是很想睡觉   这个吃了啥反应都没有   再也不在网上买药了
2021-09-23 17:15:54,入秋了 买来备着 为老人预防感冒的 牙痛的 ，家中常备药，以备不时之需。
2021-11-11 21:26:50,买回来备用的
2021-08-25 03:06:47,此用户没有填写评论!
2021-10-31 07:19:14,挺好的，物流也很快，质量很好
2021-11-10 17:22:57,东西还可以，就是快递放菜鸟驿站太讨厌了
2021-11-11 10:07:33,快递一天到，只是没有什么效果
2021-09-26 20:20:00,阿里买药有红包的话确实划算，除了有快递费，但包装很到位。
2021-10-28 10:10:38,看着有个红包就拍了，没有用，不知道真假，但是价格还是便宜啦
2021-11-10 09:13:58,效果一般般啊
2021-11-01 09:25:01,家中常备，天气经常变，少一不留神就留鼻子
2021-11-02 14:24:17,不晓得药是真是假，感觉一天吃2片都吃了几天了还没好，而且以前吃过这药有要睡觉的感觉，这药怎么没这感觉？
2021-11-13 15:04:04,垃圾物流预计三天到结果感冒都好了药还没到
2021-09-26 07:36:06,溯源扫码是正品，发货快，就是交了几元钱的智商税，感康有12.8元同16元的两种，都买了，回来一看是一样一样的。
2021-11-12 20:26:02,吃看看效果
2021-08-21 15:38:54,比药店划算呢 一样的品质 家庭必备药 阿里健康值得信赖
2021-11-11 14:18:28,淘宝买药真快。
2021-09-27 09:08:56,快递很快，刚买上第二天就到了，感冒药也很有用，吃了两片就没什么感觉了
2021-09-29 12:28:10,生产日期过了一年三个月了
2021-10-29 21:06:29,此用户没有填写评论!
2021-09-30 15:20:49,快递很快，不耽误使用很好
2021-09-22 21:24:20,感冒了还是得吃感康！上午一片改善症状，下午一片就能康复！牛批
2021-10-24 13:55:10,是正品，就是又一点慢，需要等两天，建议提前备上，不要正感冒的时候买
2021-11-01 19:42:11,还是网上买药好一点。
2021-11-12 10:01:36,天凉了，买来备用的
2021-08-27 11:18:49,补充了一下药箱，药品都是正版，放心购买。
2021-11-13 18:50:04,一年之前的药
2021-09-13 14:22:29,一般般，可能是因为这款是碎碎的，要是那种一条条或者一颗颗的就好很多。终于收到我需要的宝贝了，东西很好，价美物廉，谢谢掌柜的!说实在，这是我淘宝购物来让我最满意的一次购物，无论是掌柜的态度还是对物品，我都非常满意的。掌柜态度很专业热情，有问必答，回复也很快，我问了不少问题，他都不觉得烦，都会认真回答我，这点我向掌柜表示由哀的敬意，这样的好掌柜可不多。再说宝贝，正是我需要的，收到的时候包装完整，打开后让我惊喜的是，宝贝比我想象中的还要好!不得不得竖起大拇指。下次需要的时候我还会再来的，到时候麻烦掌柜给个优惠哦!
2021-11-13 08:30:07,物流很快，价格不错！
2021-08-14 17:07:00,"产品美观大气上档次, 价格对比过很多家了合适,质量很好对得起这个价格，卖家很专业是内行选择这家没错, 服务很热情且周到，产品总的感觉和卖家描述的一样，发货也很快，包装得很仔细这样能够保证我收到的货物的质量, 物流公司的服务态度很好，货物完整包装纸盒平整没什么灰尘，又一次不错的购物体验！"
2021-09-13 16:09:25,好吃，从小吃他家的，吃别家的咳嗽。
2021-09-09 12:46:46,价格实惠，值得购买，家庭必备药物
2021-11-10 23:17:36,正品保证，物流很快
2021-10-28 14:09:44,还可以，每次感觉有症状的时候就吃一片，基本上能好
2021-08-21 22:48:07,每一次都很满意，这次选的宝贝更加满意，以后还会一如既往地买下去
2021-10-23 19:05:31,还没有用，买着备用的，象是正品
2021-09-21 17:41:55,常备药，效果很好，物流也快，服务态度好。
2021-08-28 14:40:59,不错不错，真的很物超所值啊！
2021-10-24 17:16:00,蛮好，就是吃多了容易形成抗性，再吃就没那么明显的效果了
2021-09-05 13:00:09,东西收到了包装很不错正品没问题
2021-11-02 15:31:04,收到货箱子都是湿漉漉的，物流差评
2021-08-14 08:07:03,为人民谋幸福、为民族谋复兴，这既是我们党领导现代化建设的出发点和落脚点，也是新发展理念的&ldquo;根&rdquo;和&ldquo;魂&rdquo;。只有坚持以人民为中心的发展思想，坚持发展为了人民、发展依靠人民、发展成果由人民共享，才会有正确的发展观、现代化观。
2021-08-28 23:50:15,蛮有设计感的
2021-09-24 10:09:11,备用的，用了红包才2块多
2021-08-12 17:01:06,经常在阿里健康大药房购买一些日常必备品。质量应该有保障。
2021-08-17 11:25:02,(*^__^*)非常满意的一次购物，物有所值，比实体店里实惠多了！
2021-08-18 17:22:29,家里必备的东西，这次买了好多，一直都在用这个牌子，质量很好。
2021-10-27 17:07:58,快递还行，不是那么快，东西都被压扁了，吃完了后，还没好，现在鼻子还难受
2021-09-01 10:51:10,收到了，包装很好，好评
2021-08-25 19:44:54,扫码验证了，是正品，感冒药从底边买不到，阿里太棒了
2021-08-13 18:39:48,快递很快，客服态度特别好，包装严实，质量好是正品，吃了效果很好。
2021-11-05 17:42:59,正品，感康
2021-09-07 08:50:36,药店经常买不到，直接多备一盒以便不时之需
2021-11-04 16:28:25,很可.
2021-08-30 14:59:35,经常买药，留着备用
2021-11-06 12:33:58,日期不好
2021-08-29 11:37:41,现在药店管控感冒药比较严，还好这里还能买到，家里常备药备一点，还是有必要的
2021-11-07 18:53:35,一直打喷嚏流鼻涕，已经感冒了，感觉效果不大
2021-09-09 15:58:21,挺好的应该比药店便宜，买来备用
2021-10-24 19:05:11,差评是给那句&ldquo;承诺明日送达&rdquo;的，这次买药比较着急，就是因为看到可以次日达才买的，结果还是过了两天才送到。
2021-08-11 09:00:29,冬天必备防止感冒   正品速度快！
2021-09-08 08:41:07,效果很好，是正品，五颗星好评！
2021-11-03 21:44:55,烦烦烦细菌学家进行好像不是很大
2021-08-30 16:36:35,终于找到家好店，服务好，质量不错，下次有机会再来买。
2021-08-25 12:16:14,感冒药，咳嗽的一样三盒，家庭备用的，比药店便宜很多，药师推荐的，上次推荐的效果不错，这次备用。。。
2021-08-23 18:50:26,包装精致啊
2021-11-04 10:07:31,服务态度非常差，客服对人爱理不理，自己做错了还不承认，*鸭子嘴硬
2021-08-13 19:24:12,很好，物流快捷
2021-09-02 08:50:28,搭着老人轮椅买的，主要是凑金额好满减的，不过家中常备也很好。
2021-09-01 16:26:59,质量跟药店一样的
2021-09-01 12:43:53,已经在阿里健康大药房第三次买药了，很好用的感康
2021-10-31 11:50:25,感觉效果一般
2021-09-04 16:46:06,非常好，和描述一致，还有电子说明书和追朔验证码，阿里产品值得信赖，商家服务也非常好，五星好评！
2021-08-26 15:05:48,多次购买了，自从有了这个平台，家里父母 孩子的常备药都是从这里购买，一如既往的支持
2021-08-15 18:02:57,效果很好 没吃完剩下的备用了
2021-11-04 21:09:58,感康到货了 ，包装很好，物流很快，非常满意。
2021-08-26 09:34:37,好评 没事备点挺方便
2021-08-11 12:35:57,宝贝包装严实  快递速度也很快 产品不错
2021-09-04 21:07:10,一直在你家买药，价格实惠，值得信赖
2021-08-15 17:43:17,是正品还会回购的！
2021-09-07 17:23:23,这个东西很好用，很有效果
2021-08-28 16:59:29,是正品，效果好，有需要还会回购
2021-10-31 08:39:08,药品不错，就是有几种不包邮！
2021-08-21 09:35:01,收到，跟药店买你一样
2021-09-06 08:48:55,药品齐全，价格实惠。
2021-08-17 21:26:04,家中常备一些感冒药，相信天猫自营的产品。
2021-08-18 18:22:18,真的超级喜欢，质量非常好，与卖家描述的一致！
2021-10-21 09:01:35,相信这个药。。从小吃到大
2021-08-18 13:16:52,阿里健康有保障 方便了大家的生活
2021-08-26 10:55:09,价格很便宜，发货速度非常神速，药效很好
2021-11-07 16:47:50,感康不错，扫码验证正品，备用药品，，，
2021-08-14 20:46:35,感康药是真的，老板服务好，如果有人感冒了可以放心购买
2021-09-07 12:36:57,收到了，药品是正版，不错，买回来备用
2021-08-20 06:43:05,和药店买的一样
2021-09-08 20:06:00,好，是正品
2021-09-08 09:29:31,药品到的的很快，下单基本上2/3天就可以到达了，在网上选药比较全，另外有活动的时候可以满减，总体不错！
2021-09-06 08:28:29,货已收到谢谢！满意赞，给五星级好评
2021-08-13 20:08:06,非常时期家里屯点药才安心??
2021-09-09 10:50:45,淘宝买也挺方便的 第二天就到了
2021-11-01 16:56:58,不加快递费的一天就到 加了快递费的两天??
2021-08-30 18:07:48,价格比实体店便宜
2021-09-05 18:33:32,包装好。有防伪标志是正品
2021-08-19 17:00:06,便宜划算好药，物美价廉，丹鸟送货上门服务很好
2021-09-06 14:14:59,这感冒药效果不错，方便使用
2021-08-18 14:18:17,买着备用！老百姓的大药房
2021-08-26 13:00:50,产品正宗，近期生产日期，失效期三年，打印文字为正规钢印。所有项目符合国药规定。
2021-08-11 19:10:53,感谢阿里大药房，备点应急药品！
2021-08-12 16:23:27,发货速度很快，药品日期很新，有说明书防伪标识很正规，好评！
2021-08-18 11:33:10,很好的，等下次再来买！不错的！
2021-09-06 14:53:36,默认好评，有问题以后追评。
2021-09-02 18:40:23,很有效!感冒很快就好了!
2021-08-22 13:13:12,一天就收到了，不过感冒好了，屯着备用吧
2021-08-14 12:06:48,非常好，，是正品，。。
2021-08-11 20:55:49,收货快，而且态度很好
2021-08-28 16:23:08,还没用相信天猫店
2021-09-01 16:25:27,阿里大药房值得信赖
2021-08-25 16:09:27,应该是正品。买好几次了
2021-09-08 09:45:47,备用，家里少不了的，效果好
2021-08-20 06:36:20,发货速度快物流很快服务态度挺好的满意非常满意的一次网购，
2021-08-16 20:03:49,价格比街面上药店便宜，快递神速，好评。
2021-08-21 01:09:07,非常快～ 家里备一些
2021-08-22 19:04:50,买来备用的物美价廉
2021-09-07 09:59:17,发货很快，跟药房质量一样，还给送到家，挺好的~
2021-08-13 15:20:32,效果不错，可以
2021-08-15 13:37:04,方便快捷非常好
2021-08-31 11:26:27,家庭必备感冒药
2021-08-17 14:15:23,到货很快，预防用
2021-08-19 15:36:16,性价比高，我很满意 下次还会光临
2021-09-08 14:41:31,现在买药好方便！速度也快！
2021-08-14 23:13:53,不错不错。非常好的呢
2021-08-18 21:04:56,一如既往地好
2021-09-03 06:42:33,健康打大药房
2021-08-11 15:14:58,用过了效果不错
2021-08-30 17:44:28,东西收到了，五星好评
2021-08-19 02:42:27,日常备用
2021-08-29 21:01:15,好快，是正品
2021-08-13 22:34:42,超快。一天就到了
2021-08-26 19:44:17,好评！家庭必备，推荐购买！
2021-08-13 17:45:36,卖家服务很好！很快到货很棒，定点了！满意赞一个！！！
2021-08-16 20:14:32,可以有效
2021-09-01 12:21:00,太不错了，值得
2021-08-11 20:50:50,家里常备药??，特殊时期特殊对待
2021-06-03 22:03:53,此用户没有填写评论!
2021-08-22 12:19:07,真的推荐啊，快递速度特别的快，爱了爱了
2021-09-04 08:06:17,好用的感冒药
2021-08-29 12:06:44,一直很信赖
2021-08-22 08:04:01,五星好评！
2021-08-21 22:51:56,五星好评
2021-10-30 15:37:43,东西收到了，物流很快，快递小哥送上门的，包装完好。
2021-09-02 09:21:03,点赞物流和产品都不错，性价比高，赞赞赞??????
2021-08-13 21:15:57,一直很好
2021-08-21 13:14:44,家常必备！
2021-08-19 10:05:28,不错。好多次来啦。哈哈哈哈哈哈
2021-09-07 22:47:59,备用的，挺好的
2021-09-06 22:08:26,正品保证！
2021-09-01 16:26:13,发货快，是正品。
2021-10-18 12:24:40,包装好，还没吃，等吃了再来追评
2021-08-17 15:50:15,物流很快，包装很好，正品，满意。
2021-08-11 16:19:44,收到了 比实体店便宜很多 好评。
2021-09-09 09:51:07,此用户没有填写评论!
2021-08-20 17:00:24,非常好非常好
2021-08-16 15:49:18,good
2021-11-07 18:22:02,物流还行，习惯性好评
2021-10-31 14:14:16,挺好的，感觉还是很有作用的。
2021-08-24 16:47:45,很好，正品！
2021-10-22 09:24:59,就是快递有点慢
2021-08-27 18:41:03,很好，感冒就得吃感康！
2021-11-01 14:27:08,不是次日达呀 我里发货地也不远呐
2021-11-06 21:06:17,买来备用的。还没有用，希望用不到。
2021-08-22 23:05:09,家中常备药品
2021-08-24 13:00:42,平时感冒都吃这感冒药才好
2021-08-28 08:46:16,质量很好，满意。
2021-09-05 19:18:33,不错，比我想象中的要好，很好。
2021-08-16 20:49:54,就备点感冒药
2021-08-25 10:54:48,囤点运到国外
2021-08-19 22:08:31,收到了，吃了，有效果
2021-10-31 12:23:23,东西收到了，物流很快，有效期很长。还不错。
2021-09-05 21:22:39,非常棒哦，非常满意。
2021-08-14 12:08:07,循例囤货
2021-08-14 14:08:36,家庭备用！
2021-09-01 09:55:18,日常囤货
2021-08-18 18:29:22,购买方便
2021-08-22 12:07:49,发货快，细心，好评！
2021-08-20 06:44:32,阿里药房的速度就不用说了。买来放家里备用。。以备不时之需
2021-08-25 21:04:20,很好，很有效，
2021-08-31 09:20:15,好评，备用！
2021-08-25 20:29:26,收到，好评。
2021-09-07 12:38:48,物流很快，前一天早上买的，第二天下午就到了，药效也不错！
2021-08-30 16:17:31,疫情期间，药店买不到所以改网上买，备用的。
2021-11-06 12:23:46,物流有瑕疵，药盒都变形了
2021-08-23 12:36:36,这药是真的，老板服务很好
2021-08-19 20:08:26,物流快，不错放心满意！好评！
2021-08-27 11:56:15,很不错的，好评
2021-10-19 11:53:26,是正品，快递发货速度快。
2021-09-05 23:54:50,很好，很管用
2021-08-14 17:32:45,物有所值，值得信赖！
2021-10-30 22:52:51,价格合适，物流很快，值得信赖
2021-09-09 11:41:30,挺好，发货速度很快
2021-08-25 20:03:21,留着备用
2021-10-21 16:55:36,所在地区不准买 但是这段时间换季啊 昨天买起今天就到了！
2021-11-05 06:40:51,快递到了不打电话也不发消息
2021-10-20 15:57:53,挺好的，物流快
2021-09-08 07:36:11,在药店买的100多块的药都吃完了还没好，这药2顿就好。??????
2021-08-16 22:40:14,发货快，物流快，扫码是正品
2021-10-21 11:03:16,寄到家里去的，家那边药店不卖这些药，感冒发烧啥的可咋办？
2021-08-14 09:06:33,是给媳妇吃的，我也没吃过这玩意， 也不知道效果怎么样，应该没问题
2021-08-16 19:45:31,很好，值得购买
2021-08-15 07:03:49,还可以，不错，谢谢
2021-09-05 11:39:04,很好(?▽?)
2021-10-26 19:46:59,预备着，东北的天气一下就凉了，温差也大
2021-10-19 12:37:44,感冒多发的季节买来备用
2021-08-19 11:52:18,满意，不错
2021-08-24 13:51:57,值得推荐
2021-11-05 19:01:27,物流很快，包装很好。
2021-08-06 13:54:08,"发货?速度很快,正品和商店里??的一样,送货速度很?快,家里一直都?备着,很好的??药品,五星?好评值得拥有,和描述一??样,客服态度也非常??好不错哦x6"
2021-11-07 11:37:39,物流很快，服务态度很好
2021-10-03 16:15:32,物流速度真的是没话说，就是一个字：快。商品从外包装来看非常高档，真是一分钱一分货，贵有贵的道理
2021-10-23 05:40:37,收到，第二次购买。
2021-08-21 10:24:44,药应该是正品，效果还是可以，两天差不多能好，生产日期挺近的，急用不建议网购，买着备用还是不错的
2021-10-27 00:13:34,手腕有点活动受限也微微痛，吃了没效果
2021-11-02 21:03:52,不错，物流很快
2021-10-26 17:05:55,东西显示24日签收，25日我催了两次晚上八点多才送到
2021-06-09 09:17:49,此用户没有填写评论!
2021-10-25 18:51:38,感康的生产批次是去年12月底的，不新了
2021-10-22 19:30:52,是不是药效减了？吃了两天也没见好啊
2021-10-18 15:09:23,希望优惠多多吧。。。。。。。。。。。。。。。。。。。
2021-10-23 21:54:31,看着和药店买的包装一样，不知道药效
2021-08-28 23:52:08,买了很多次了，一如既往的好，
2021-10-19 16:20:34,一点都不好使
2021-10-18 21:58:33,没用，不知道真假，但觉得应该不能是假的
2021-10-04 18:16:33,没感冒，就是看着便宜有活动买来备着（之前吃过，很容易爪瞌睡，不建议白天吃）
2021-10-10 19:28:50,感冒药只认准这个，别的药我吃都不管用，只不过北京，天津医院都开不了这个药，之前都是回老家的时候就买两盒备着，现在好了。网上也能买到。
2021-10-25 22:05:38,备用，希望一直用不上。
2021-10-19 20:23:19,怎么说呢，说好的次日达，病好了药还没到
2021-10-12 19:52:01,第二天就收到货了，快递非常差，既不送货上门，也没送到我写的丰巢快递柜，而是放到快递员指定的位置，让自己去拿，严重不满，给快递差评。
2021-10-26 11:31:37,比实体药店买药划算太多了，现在药店的药真的贵的离谱
2021-10-16 19:52:54,银翘片没效果。感康还行。但是，感康的包装太复杂！是_非_常_复_杂，你一个药盒有必要整得这么花里胡哨的吗？我费了半天劲，才把药板拽出来，无语??????
2021-10-18 17:17:54,总是在他家买，买了很多次了至少是真的药。
2021-10-15 18:08:16,有用，就是感觉厂家过度包装了，花里胡哨的，比对过线下，贵了
2021-10-22 18:58:46,遇到合适的假的假的假的假的
2021-10-20 17:53:44,日期是去年11月份生产的
2021-10-20 11:51:51,买回来药就感冒了！吃了一盒了，感冒还是不见好！
2021-10-20 20:13:45,快捷方便！！！
2021-08-06 11:24:14,挺好的  买个放家里备着
2021-08-10 08:50:31,方便，备用药日期新
2021-07-23 20:55:28,最近好多感冒的，备着
2021-08-03 10:31:30,阿里每次都送的特别快，非常满意
2021-08-09 13:20:30,不错不错，以后就在这里买了，比实体店的便宜多了，而且日期也新鲜
2021-10-19 09:24:06,物流很差劲，已经到目的地城市停了快三天才派送
2021-10-22 18:18:03,感觉是假药还剩一粒喝药了感冒也没好
2021-09-02 21:56:41,只要头疼吃这个管用
2021-07-24 15:46:55,发货速度很快，包装好，五星好评
2021-10-09 19:01:46,日期不太新鲜，1年4个月的，怪不得便宜呢，，一下感觉也不便宜了
2021-10-25 13:51:08,此用户没有填写评论!
2021-10-24 19:55:20,天猫都不打电话吗？短信通知也没有！
2021-10-06 16:54:17,本来还很担心东西不好，拿到手发现完全多虑了，五星好评
2021-10-18 15:30:47,真的很快送达，
2021-10-21 20:42:43,相信阿里药房  也没有去验证
2021-10-29 22:14:04,药就不拍了 有备无患
2021-08-10 14:39:45,快递准时
2021-10-29 10:13:04,差评 快递送错了
2021-08-03 14:35:15,药品非常好，和描述一样，客服态度也非常好，五星好评值得拥有。
2021-07-19 09:21:48,阿里药房值得信赖，性价比合适
2021-10-29 07:20:39,经常买了，回购很多次，物流很快！
2021-10-22 20:55:01,此用户没有填写评论!
2021-08-03 18:13:47,还没用，买来备用的，已经扫码验证是正品
2021-10-20 16:54:43,有人给我指导买药
2021-07-26 19:42:22,正品和商店里的一样
2021-02-02 19:05:18,此用户没有填写评论!
2021-07-28 03:32:51,东西很好物美价廉送货速度快很满意还会再次购买满意。
2021-08-02 19:44:28,因为疫情反复，这里药店好多感冒药，消炎药都成了禁药，所有药店都下架了，尝试上网上看看可以正常发货就屯了点有备无患，发货很快，也很负责
2021-10-25 15:37:22,天猫垃圾
2021-10-21 13:47:56,好吃吗？嗯
2021-08-09 13:20:27,物美价廉，质量非常好，买回来屯着，以备不时之需。
2021-10-21 18:42:55,吃了没好
2021-10-25 08:32:14,药是好的，但是快递太慢了
2021-08-06 13:32:31,对我的感冒非常有用，到货很快，正品！
2021-10-05 20:21:47,价格我优惠！
2021-10-12 17:48:27,很多次购买了，为感冒备着。
2021-10-29 17:15:54,第一天下单，第二天就到了，物流很快。
2021-10-17 14:43:32,感冒药到了，我的感冒也好了
2021-10-18 18:11:24,日期是上一年的，不太好，物流很快
2021-08-09 13:59:55,正品药放心购买
2021-05-05 19:39:41,挺好的，一次能把家里常备的药都买齐全，价格比药店便宜，包装完好。
2021-08-06 13:22:50,很有用包装也很别致
2021-08-06 13:17:52,物美廉价，家中常备，疫情期间药店也不好买，没想到阿里药房可以发货挺惊喜的！
2021-07-19 12:07:24,东西收到，还会回购
2021-08-03 00:30:01,速度快，讲诚信。货真价实，价格合理。
2021-07-25 19:23:56,第二次购买了，值得信赖，很多实体店里还买不到这种的
2021-07-18 19:10:58,药很好，比药店便宜，发货也快，家中常备
2021-07-21 17:28:07,效果非常棒
2021-10-17 23:11:37,晚上下单隔天就到了，就是驿站不让放家里没人很不方便
2021-05-11 19:27:04,此用户没有填写评论!
2021-08-10 21:48:16,买过好多次了，跟药店一样哦。
2021-07-23 15:24:36,新包装挺好
2021-08-07 18:24:08,发货速度很快 到货速度也很快 价格很便宜
2021-08-03 14:51:12,这个效果好，家里一直都备着
2021-08-08 13:11:11,态度特别好，耐心解答我的问题，非常感谢
2021-07-30 19:48:05,物流成特快了24小时就收到了，包装没说的，非常满意
2021-07-30 22:30:03,宝贝收到，是真品，好评
2021-08-01 17:01:59,非常好，特殊时期 ，备点常备药
2021-08-02 13:01:19,很好，便宜实惠，物流也很快
2021-07-07 13:52:09,药收到了，快递特别快，两三天就到新疆了，包装完好无损，挺满意的，一次购买
2021-07-24 11:34:44,很不错，回购了好多次了，正品
2021-10-27 20:11:42,物流很快，快递小哥很好
2021-08-09 19:54:42,物流快 包装好 很不错的
2021-08-10 20:24:16,宝贝收到了吗很好，很不错。
2021-07-31 14:21:27,送货速度很快，第二天上午就到了
2021-07-26 16:10:03,家里少不了的感冒药
2021-08-08 18:13:04,与实体药店一致。
2021-03-11 22:55:35,此用户没有填写评论!
2021-02-26 08:54:20,此用户没有填写评论!
2021-08-06 11:55:33,发货快，到货快，疫情期间必备！
2021-07-13 17:09:09,感康不错哟
2021-07-24 10:04:49,回购，常备药
2021-04-21 20:37:54,此用户没有填写评论!
2021-07-12 20:58:43,物流很快，划算
2021-07-26 14:29:02,感冒常用
2021-08-04 23:31:52,默认好评
2021-10-04 12:35:27,并没有在承诺的时间到，药品到的时候我感冒都快好了
2021-07-22 23:53:11,宝贝收到，物流也很棒好评！
2021-08-03 17:14:52,价格实惠 ，不错
2021-08-09 11:55:20,买了好几次了，药效好
2021-10-12 10:47:47,说是第二天到，结果我感冒都快好了才到
2021-07-29 08:40:17,正品，好评！
2021-06-11 14:47:27,此用户没有填写评论!
2021-07-27 09:51:20,发货快，感冒药日期是新的
2021-08-08 15:23:06,家庭预备药
2021-08-02 07:27:51,不想多说什么，本来感冒来的就快，一夜之间流鼻涕，喉咙发炎，难受的要*，结果前天晚上下单，昨天就到了，害得我在大雨中找了好几家药店都找不到，这个药之前我同学让我用过，很不错，尤其是物流，不比顺丰慢多少，给你点赞，继续保持啊！
2021-10-08 14:21:57,大家千万别在阿里健康药房买药，买的药盒子破损严重，售后不给退换，服务态度极差！
2021-07-29 22:40:13,一直购买
2021-08-01 12:13:08,家中常备，物美价廉
2021-08-09 21:03:49,买在家里备用，
2021-08-05 23:32:17,多次购买，值得信赖，物流很快。好评！
2021-08-03 11:14:50,物美价廉，囤货中
2021-10-13 16:47:28,多次在阿里买药。尤其感康对付感冒特别管用。
2021-07-28 23:34:15,不错，留着备用
2021-10-16 17:55:10,发货速度很快，卖家服务也好，但是快递很不满意，在没有经过同意的情况下私自放入快递柜
2021-07-31 20:11:11,挺好的，很方便，快递很快
2021-07-22 21:30:13,多次购买了，发货很快，好评
2021-07-16 17:12:52,我用感康效果好。
2021-08-10 16:13:20,收到了！备用的！不错
2021-07-11 21:28:19,买了，备用
2021-08-01 20:21:32,很好，发货很快。
2021-07-07 17:25:43,正品，老顾客。
2021-08-09 20:05:22,还没吃呢，看包装是正品
2021-08-07 17:10:18,每样都没漏，挺好的，买了备用的。发货很快，收货也很快，谢谢
2021-10-09 19:02:50,日期不行，快1年半了，这是清理库存了，便宜了点，
2021-10-11 07:10:54,时间不能保证！晚到一天！这可是药！
2021-07-11 23:55:01,凑单神器。还包邮。没有不买的理由。
2021-10-13 16:19:24,家中备药
2021-10-15 16:14:54,和从药店买的包装盒不太一样，盒子两侧是透明包装
2021-10-14 16:21:33,每次感冒只有吃感康有效，囤着点，过期就得扔，没有还不行。
2021-10-04 08:09:39,家里常备感冒药   比头孢什么的好太多了
2021-10-10 13:41:36,感冒吃了效果特别明显。鼻子不堵了
2021-10-11 17:17:18,降温了，突然感冒。不过买了常备着。国庆过后成都降温降的严重。一个不留神，感冒了可以用。
2021-09-26 20:52:53,东西很便宜，但是生产日期一年前的，已经过了一年，感觉去库存的那种。
2021-10-03 18:56:23,物流很快，到新疆一周
2021-09-28 17:04:32,感冒用的，大概过个一个小时起作用吧，就是吃完之后很困
2021-09-17 21:23:28,就是有点挺麻烦的，短信要填防疫信息才能发货
2021-10-13 14:49:01,领券十块钱吧好像
2021-08-08 21:15:56,正品，流鼻涕两次就好了
2021-09-23 21:01:28,备一盒，这时侯最爱感冒。
2021-10-07 18:02:55,真无语，被压成这样
2021-10-16 20:42:24,给老爸买的，家里存点，难免伤风感冒
2021-10-09 19:37:58,已收到，物流很快，就是生产日期不新，是去年的
2021-09-28 20:42:23,嗓子哑了快一星期，快好了的时候觉得冬天了，宿舍不能没有感冒药，就买了。第二天就到了。很快。感冒也好了。总觉得买多了。
2021-05-30 14:36:54,此用户没有填写评论!
2021-10-05 16:45:22,生产日期20年6月，现在都21年10月了，差半年就过期了
2021-10-13 07:23:31,网上至少不会买到过期药品
2021-09-20 11:36:15,药的效果还是不错的，吃完一盒感冒就好了，就是得注意吃的时候一定要喝水吞下去，不然药片容易沾在食道上引起溃疡，别问我怎么知道的（︶︿︶）
2021-10-11 20:03:18,还可以 希望有用
2021-10-05 16:46:19,20年6月产，今天是21年10月，差半年就过期了
2021-10-17 18:12:12,第二天就到了，很快。
2021-10-03 18:39:33,物流超快。
2021-10-03 22:04:02,吃了挺管用的，就是会困
2021-09-23 06:36:59,收到，喝1粒就显轻。
2021-10-14 21:26:39,正品，有点伤风吃上一次就好了
2021-10-17 21:20:47,吃完之后一个小时就困的不行了，感觉没有在药店买的见效快呢！
2021-10-13 14:31:06,到现在都还没收到快递，莫明其妙就签收了，还确认收货了&hellip;&hellip;
2021-10-13 18:31:20,备的，应该不会是假的
2021-10-09 23:32:41,日期新鲜，快递给力！
2021-08-02 15:32:08,感冒一直都吃感康
2021-10-14 08:35:46,外包装压瘪了，里面没问题
2021-06-03 22:34:46,易感冒体质，要常备感冒药，这个特别方便，不用水泡，可以粘杯子上，比较容易记得吃，推荐购买啊 。
2021-10-11 06:52:55,买的咽喉炎药，完全没效果，差评。
2021-10-16 22:18:22,我一般感冒了头晕吃这个，有效
2021-10-07 21:56:11,爱了爱了感康
2021-10-04 13:46:04,服务质量不错。
2021-07-15 15:07:27,经常感冒，吃一粒有效
2021-10-06 19:07:29,应该是正品吧，毕竟是阿里。
2021-05-31 10:14:51,感冒的时候吃很有用，阿里健康很方便买药，感谢互联网感谢淘宝。足不出户就买药
2021-06-21 15:58:00,货真价实，在阿里大药房买绝对划算，多备点防感冒
2021-10-07 22:00:32,药品还要臭味，特别臭，熏得很根本不敢吃
2021-06-12 17:44:18,治疗普通感冒的效果很不错，现在买冬天就不用买了。
2021-10-15 11:22:28,扫码是正品。
2021-10-04 22:23:16,当地买不到感冒药，只能网上买了
2021-10-11 18:53:04,说好的准时送达，差了一天，幸亏不是大病啊
2021-10-03 12:35:23,发货也挺快的，总之就是很赞了物流也快，
2021-10-13 14:01:26,为什么快递盒是臭？
2021-10-13 16:19:33,备用的 还没使用上 希望千万不要使用
2021-06-07 11:56:21,非常好，物流快～值得信赖。比药店便宜
2021-10-03 20:35:30,感觉越吃头越晕。鼻涕都出来了
2021-10-12 07:16:37,包装简陋
2021-10-10 13:42:46,不太管用呀，吃了好几天了
2021-10-08 21:49:40,可以的，好用&hellip;&hellip;&hellip;&hellip;&hellip;&hellip;&hellip;&hellip;&hellip;&hellip;&hellip;&hellip;&hellip;&hellip;&hellip;&hellip;&hellip;&hellip;&hellip;&hellip;&hellip;&hellip;
2021-10-08 19:56:48,和药店的一样，避免了登记的麻烦
2021-10-03 18:12:08,感觉治头痛很有用
2021-10-11 19:37:00,不太管用，不如店里的好用
2021-10-09 21:13:36,感觉不像真的 吃了不管用
2021-06-10 17:55:12,很不错，非常实惠。
2021-06-04 22:08:39,大品牌值得信赖//////
2021-06-04 22:08:24,"大品牌值得信赖,,,,"
2021-06-01 20:36:52,感冒药已经收到了，物流很快，快递员服务态度非常不错，客服人员服务态度好，感冒药质量非常不错，价格优良，非常不错，以后还来买，还会介绍朋友过来。
2021-10-08 22:23:39,药是去年十一月的生产日期
2021-10-09 09:22:20,物流很快，买来备着
2021-10-10 17:25:42,还没用，放在那里备用。
2021-10-15 12:23:05,不错，价格便宜。
2021-06-05 14:28:34,终于收到我需要的宝贝了，东西很好，价美物廉，谢谢掌柜的！说实在，这是我淘宝购物来让我最满意的一次购物。无论是掌柜的态度还是对物品，我都非常满意的。掌柜态度很专业热情，有问必答，回复也很快，我问了不少问题，他都不觉得烦，都会认真回答我，这点我向掌柜表示由衷的敬意，这样的好掌柜可不多。再说宝贝，正是我需要的，收到的时候包装完整，打开后让我惊喜的是，宝贝比我想象中的还要好！不得不得竖起大拇指。
2021-10-05 00:38:18,O(&cap;_&cap;)O 。。
2021-10-17 10:24:37,密语：飞鸢探春MC5I3J
2021-10-09 00:49:26,看着还行。
2021-05-31 09:03:24,看着有活动买的，阿里大药房买也放心，包装仔细，价格比店里优惠好多，哈哈
2021-06-03 18:44:33,从没想过这么实惠的价格能买到这么好的宝贝，下次还来你家
2021-10-16 15:35:23,快递太慢了，其他都好
2021-10-08 11:43:06,我吃了三粒见效
2021-06-09 18:41:15,常备药，效果不错，值得购买。
2021-06-27 22:05:40,日期比较新，比药房便宜一点，确实是正品感康
2021-10-17 20:47:08,物流很暴力
2021-06-14 23:10:39,这是我们村第一个在淘宝上买东西的人，这里大部分人是不网购的。他们买东西价格一般不超过五块，听说我在淘宝买东西之后，全村都震惊了，村长跑来我家里对我的爸说我疯了! 媳妇跟我闹离婚，说这日子没法过了! 面对重重压5力，我坚持买、买!我相信这个月的工资不会白花的。终于快递到了，我怀揣这激动的心情，颤抖着打开包裹，那一刹那，我感觉我的眼睛要亮**，啊..这颜值这手感这质量! 只怪我读书少，无法用华丽的语言来形容它，骄傲的站在村口，整个村都沸腾了。说太好了，太值得了，更有人拼命的喊，不给他们看就，他们就跳井。吓得我赶紧收拾宝贝， 落荒而逃。为了测试宝贝的效果， 我立刻去我们村高达250米的山上的村长试用。
2021-06-23 21:54:59,感谢制造商，感谢卖家。
2021-06-26 13:11:46,宝贝与店家描述一致，使用方便，常备良要！客服耐心服务周到！快递送货便捷！好评！
2021-06-02 11:01:56,品质很不错??，性价比比较高的的商品??，喜欢的亲可以直接下手不要犹豫哦??
2021-06-03 09:51:27,收到了 包装没有破损 质量还不错 满意的一次体验
2021-06-13 09:48:23,很有效的感冒药，非常不错，价格比药店实惠。
2021-06-10 20:01:51,阿里药店常客了，有活动多买些家里常用的医用品，有备无患，划算有放心。
2021-09-26 23:59:40,生产日期太不友好了吧&hellip;
2021-10-13 21:16:57,没收到
2021-06-07 23:57:17,价格很实惠，正好搞活动，多买了几盒以备不时之需
2021-06-03 09:23:02,价格实惠，有效期长，家庭备用药首选。
2021-06-05 14:40:57,买了很多次了，特别喜欢，效果很快，感冒离不开！
2021-09-21 09:17:21,由于家里没人就让快递放在家门口了，没想到回家以后东东却丢了，这也不是第一次在门口放了，这次竟然被人拿走了
2021-06-03 16:36:31,这个作用比较明显，效果很好，见效快。
2021-06-01 12:53:33,搞活动囤的，日常必备药，划算
2021-10-13 17:03:16,是正品，物流很快
2021-09-29 07:08:17,挺好的，吃一片就有效果
2021-06-01 19:10:17,阿里药房特别方便优惠
2021-06-09 21:07:35,活动价很划算，放家里备用
2021-06-06 21:55:25,收到的时候包装完整，打开后让我惊喜的是，宝贝比我想象中的还要好！不得不竖起大拇指。下次需要的时候我还会再来的，到时候麻烦掌柜给个优惠哦！当你看到这段话的时候，说明我对此产品很是满意，后来者可以放心大胆的购买，我并非一个不负责任的买家，如果产品不好，我也会花一番功夫来好好评论一下的！
2021-06-19 17:38:54,包装设计很好，功效也不错??
2021-06-08 20:33:44,特别好，比药店的便宜多了
2021-05-31 13:26:31,很不错的宝贝，质量很好。 的，适合夏天。
2021-05-31 10:01:55,好评！！！???(??? ??)??&middot;爱心发射
2021-06-02 13:11:45,比药店便宜好多啊，是正品，放心购买吧
2021-06-02 13:09:50,比药店便宜多了，是正品
2021-06-03 15:38:15,很划算，囤货备用的
2021-06-04 19:58:21,一直在健康大药房买药，药品质量有保障买的放心。
2021-06-04 09:16:42,一直买这家??东西，发货也很快。从疫情开始，一直得小心翼翼，生怕感冒了，还好有感康，吃一粒，晚上睡得香香
2021-06-23 16:07:36,经济实惠
2021-06-08 16:05:37,服务和对俄回复大呼小叫稀少江苏省个许可雷德蒙德结合学会一点一点个v学科你的好次糊的画册累的就诶大英帝国有限公司都能看到好多哦都很独到哈好多好多本地的那些话
2021-06-03 16:26:48,价格实惠，家里备着。
2021-05-31 09:34:42,优惠券挺便宜的
2021-06-06 14:29:18,便宜买来备用
2021-06-05 14:40:16,家中常备感康，每次感冒都靠它，很棒，物流也很快，超喜欢，以后还会买的。
2021-06-05 20:28:07,还没开始用，看起来的感觉不错
2021-06-02 18:50:21,正品，比药店便宜多了，不错
2021-09-20 19:07:30,可以选择三个物流  不能指定
2021-06-20 16:21:51,买过好几次了，质量信得过。
2021-06-06 09:57:56,好用便宜
2021-06-09 14:32:43,买回家备用的，价格很实惠，有活动再来购买
2021-06-18 06:19:24,一直从网上他们家买药备着，还不错。
2021-06-04 12:54:48,东西很棒，也很实惠
2021-06-04 14:38:25,很好，挺划算的。家庭必备啊
2021-06-01 04:15:34,价格很划算，家中常备，发货也快，信任阿里健康
2021-05-31 15:59:52,很便宜，搞活动很优惠，感冒药常备药
2021-06-04 21:32:23,常备药备一点在家，从阿里买挺省心
2021-06-10 15:48:54,从这里买好多次药了，感觉不错??，家庭备药可以
2021-06-23 18:41:52,东西不错，加油
2021-06-05 06:22:21,发货快，包装好，阿里健康药房还是很有保障的
2021-06-28 12:35:24,家居常备！
2021-06-12 13:35:10,这年头药店买药，费劲，还是网上方便
2021-07-02 22:08:33,不错，透气性强，防晒好
2021-06-30 13:07:06,值得购买 物美价廉 性价比高
2021-05-05 20:50:26,此用户没有填写评论!
2021-06-05 14:32:15,家中常备不时之需！！！到货！非常快！！物流非常快！！阿里健康值得信赖！！！！
2021-09-23 14:42:21,包装完好，药品正品，不用跑药店那么麻烦
2021-04-14 13:33:52,此用户没有填写评论!
2021-06-02 01:59:12,比药店便宜好多，买来备用
2021-09-25 06:10:53,买个药不易啊，这种药好多大药房都不能发货了，幸好这家还能发。
2021-06-05 13:43:48,还不错，家庭常备，毕竟感冒也还是会有的
2021-06-03 12:13:00,好价入手，以备不时之需
2021-06-04 17:55:48,价格挺便宜的
2021-06-21 08:58:47,一直在这买，感冒用它
2021-06-01 12:39:06,买了好多次很好用，赞赞赞赞赞赞
2021-06-17 13:25:28,阿里买的药，信任大品牌
2021-06-20 18:28:36,方便购买，家中常备药。
2021-06-01 19:38:38,正规厂家发货极速，果断好评
2021-06-01 08:39:03,老顾客了，长期回购
2021-02-06 01:52:13,此用户没有填写评论!
2021-06-03 12:10:19,感康不错 药效很好
2021-06-10 18:17:48,多次购买了  不错不错不错
2021-06-01 22:46:49,感冒来一片好的快。
2021-06-10 09:05:09,物流快，价格合适，值得入手
2021-01-28 11:57:17,此用户没有填写评论!
2021-05-31 12:33:05,发货快物流快，价格实惠
2020-12-26 17:30:33,此用户没有填写评论!
2021-05-31 23:20:37,大品牌值得信赖，这个药店卖的挺贵的。拿来看门口，一次买了好几盒，爸妈哥哥一人一盒分了
2021-06-21 18:58:23,扫了下真伪，方便
2021-06-03 12:59:35,痛惊重度患者，吃布洛芬胶囊只能提前吃，吃这个即使等痛再马上吃，也不痛了效果非常好，非常感谢！！！！
2021-06-05 16:25:46,很方便快捷
2021-06-05 21:06:21,价格便宜，好评。
2021-06-19 20:06:48,感康质量好
2021-06-11 11:51:16,搞活动的时候买的，还挺好的，不错
2021-07-01 15:12:10,吃了药睡得好
2021-06-03 23:29:52,阿里健康大药房值得信赖！好评
2021-05-15 12:03:53,此用户没有填写评论!
2021-06-01 17:02:03,家中必备！！
2021-05-24 13:46:38,此用户没有填写评论!
2021-06-20 10:52:52,特别管用
2020-12-25 09:18:45,此用户没有填写评论!
2021-06-05 11:12:33,应该还行吧
2021-05-31 15:06:38,收到了，从疫情开始，就得小心翼翼，生怕感冒，但是一两年了，感冒也在所难免，备一颗感康，安心，起码就算感冒了，晚上能睡个好觉。
2021-08-30 23:12:31,我是我们村第一个在京东上买东西的人，村里大部分人是不网购的。他们买的东西价格一般不超过五块，听说我在网上买东西之后，全村都震惊了，村长跑来我家里对我爸说我疯了! 媳妇跟我闹离婚，说这日子没法过了! 面对重重压力，我坚持买、买!我相信这个月的工资不会白花的。终于快递到了，我怀揣着激动的心情，颤抖着打开包裹那一刹那，我感觉我的眼睛要亮**，啊..这颜值这手感这质量! 只怪我读书少，无法用华丽的语言来形容它，我骄傲的站在村口，整个村都沸腾了。说太好了，太值得了，更有人拼命的喊着，不给他们看就，他们就跳井。吓得我赶紧收拾宝贝， 落荒而逃。
2021-06-24 21:53:18,方便快捷。
2021-06-01 01:59:44,做活动买的，家中常备
2021-06-05 00:49:26,nice！
2021-06-01 21:45:07,家庭常备药
2021-06-04 01:22:18,发货迅速，多谢店家！习惯好评。  （配送）感谢配送哥/姐每天在小区辛勤奔跑，隔夜订单基本一两天就发货，包装完整绝对达标，态度亲切有礼，认真负责，给配送员、物流团队赞一个!  （商品）产品搭配满减活动来的，虽然不是低价买的，就图便利也不计较了，保质期可以，包装完整。产品用了几次，还不错。习惯好评。
2021-06-09 02:37:15,收到，好评！
2021-04-25 12:43:19,此用户没有填写评论!
2021-06-28 11:19:32,日期新鲜，不错
2021-06-09 12:01:21,很好，是正品
2021-06-04 09:25:44,挺好的，买来备用
2021-09-26 20:06:34,也巧，本来想囤货防止感冒，结果我就流鼻涕了
2021-06-02 19:45:43,感谢老板，送个真诚的好评！
2021-06-04 19:30:58,只要不丢货，还是不错的
2021-10-02 13:50:35,秋天来了，易引起感冒，备用！
2021-09-18 12:39:56,老百姓的好药店
2021-06-03 16:28:26,??很便宜就买了，虽然一直还没用过，想先囤着。
2021-05-31 16:20:46,很实惠！在阿里药房买过很多次药了！
2021-09-20 19:57:56,别的不说了 生产了一年半的药品还在出售 有点无语了
2021-09-15 13:08:38,治感冒好的一批
2021-06-09 00:12:50,此用户没有填写评论!
2021-06-24 18:13:05,快递真快到
2021-09-29 08:45:42,没有什么用喝了三天一点也没有轻，跟没喝一样
2021-06-02 20:53:58,物超所值，话不多说，这四个字已经说明了一切
2021-08-29 21:03:15,提前备货了，挺方便的，还以为这会买不能发货了，一盒12个，抽出来就可以的！
2021-09-25 19:57:32,日期有点偏长
2021-10-02 20:17:19,包装严实，发货迅速，物流很快，客服态度很好！很满意！
2021-10-02 22:49:39,常备药，后面感冒试试&hellip;呸&hellip;
2021-09-28 15:03:05,还没用 买来备着 毕竟天越来越冷了
2021-09-25 12:29:18,价钱差不多，本来感冒不想出门，可是物流不送货，非让自己取，有多讨厌&hellip;
2021-09-19 17:54:03,还没服用，留作备用药
2021-09-20 13:46:45,和药店一样，物流也快
2021-09-27 15:47:46,包装有点破损，药还没吃。先给个好评吧
2021-09-22 06:48:53,还没用，备用的
2021-09-29 16:02:47,价格便宜，物流很快，查过了是正品。非常不错。
2021-06-06 16:31:10,习惯了阿里健康购买一些药品了，物流很快，收到商品还会发使用说明和注意事项！
2021-06-10 17:14:59,屯着还没用的上
2021-08-28 16:14:53,本人几乎不做评价，但第一次在阿里大药房买东西真实感受到商家的无语和客服的超差的态度，自己13号下单买的商品，一个多星期物流信息没更新，咨询天猫淘宝客服说阿里独立的，他们没法解决。咨询商家敷衍了事。最后通过各种努力联系到阿里自己的客服，竟然给我说已换成邮政送过去且签收。但我这里任何信息都没有收到。真的人生第一次遇到这么无语的事情，以后慎重在这里消费，而且东西并不便宜，且有问题咨询起来又麻烦！
2021-09-29 08:10:34,经常是药没到感冒好了
2021-09-23 12:59:47,囤货，药店不让买，感冒跑医院太麻烦，一去医院又是一天
2021-09-24 13:13:20,快递盒子有点坏了，但里面东西是好的，挺快的
2021-09-16 07:20:19,包装都被雨水弄坏了，还好没有漏水
2021-09-25 14:48:45,买的时候承诺次日达，结果给我走了两天，问客服全**是机器人
2021-05-27 16:32:39,此用户没有填写评论!
2021-09-17 16:20:13,纯属备货，包装日期都好。
2021-09-29 14:18:33,是旧包装十二片
2021-09-01 11:10:16,这买了999感冒冲剂3盒和板蓝根3包感康买三盒套餐，就是少发了一盒感康让客服查下发货视频一直说没少发，我这边就是少收到一盒，在这买了怎么久的家里常用还是第一次评价网购怎么久第一次遇到少发而不了的。
2021-10-01 23:17:11,还不错，发货挺快的，很实惠的价格。
2021-09-17 18:46:39,去年六月的生产日期
2021-09-26 16:31:18,还没吃不知道怎么样先好评
2021-09-14 16:57:12,不好使，没我在实体药店买的好使。
2021-09-27 10:28:51,价格比实体店贵，保质期不是最新的
2021-06-04 11:19:05,家中常备 就是吃了会犯困
2021-05-31 13:14:42,活动囤一盒，感冒药家庭常备，就是这次物流慢了点
2021-09-20 11:29:25,感冒药还没有用，现备着，
2021-06-05 14:07:57,四块多少买的，到期日期还挺远的，不错
2021-09-30 12:26:52,家啊麻烦你发那你发
2021-09-28 02:00:52,吃了没用上火
2021-09-20 09:39:55,有副作用
2021-10-01 23:20:42,好吃惨了
2021-09-05 10:52:58,收到了，药的日期新鲜，包装很差，药盒子都扁了，开了，还好药没掉，希望以后可以注意
2021-09-14 00:13:30,生产日期挺好的，买之前担心短期内过期，但收货后就放心了。有活动就多囤了点。
2021-08-30 21:57:08,受疫情影响，药店买不多，只能网上买了，价格比之前贵点，还能接受
2021-09-16 23:14:46,物流很快，包装完好。
2021-09-22 18:17:06,爱了爱了，物流超快
2021-09-13 09:46:33,买来就是预防的，今天到了一看日期有点近，这点不是很满意，其他还好
2021-05-26 15:01:01,比药店便宜多了，而且物流特别迅速，包装也很好，以后如果还有买药的需求会在回购的。
2021-09-05 20:11:25,效果好，吃两次就好了
2021-05-29 15:20:15,阿里健康大药房东东值得信赖，经济实惠。
2021-05-30 01:12:24,做活动买的，特别划算，放着家里备用
2021-08-28 23:07:50,因为疫情感冒买不到药，所以在这买的，可惜银翘片不是贵州百灵的，也没图事先也看不到。
2021-05-30 18:02:19,活动优惠，祝生意兴隆！
2021-05-30 18:04:43,下次再来，没有优惠活动了
2021-05-27 13:43:33,囤着备用，当然我希望用不到它，健康健康健康
2021-09-14 20:01:16,疫情期间买来备着，药店不卖，很头疼
2021-05-27 16:55:49,挺好用的，用过的最好用的复方氨酚烷胺
2021-05-30 19:26:34,质量很好，而且还是正品！包装高大上。
2021-05-30 20:07:21,阿里药房值得信赖，东西不错，性价比合适
2021-05-27 16:26:30,日期还好
2021-05-27 21:14:11,多次在阿里药店购买，实惠方便。大品牌值得信赖。
2021-05-28 21:23:45,家里备预防感冒药，比药房实惠，药效暂不知，先给好评。
2021-05-29 00:37:08,支持，价格便宜实惠希望多支持咯，哈哈
2021-05-25 18:03:03,是真品，比药店便宜多了
2021-09-03 21:59:29,疫情一直存在，必须要备着点   普通的头疼脑热都得去医院   麻烦啊
2021-05-25 19:03:57,物流很快，第二天就到了，常备的感冒药，三盒装可以吃很久了，很有效
2021-05-30 01:13:45,做活动购买的，买了好几盒，特别划算，家里常备
2021-05-27 09:28:54,很划算     买一盒备用
2021-05-28 20:17:38,可以可以，便宜，囤着，以备不时之需
2021-05-29 23:40:21,哈哈包装太帅了，赶上优惠4块钱一盒，大家参考一下
2021-08-06 18:35:43,此用户没有填写评论!
2021-05-29 12:37:31,非常好，正品，而且很便宜，下次还会买
2021-09-11 20:47:53,包装盒内有一股丑味，快递也被压扁了。差评！
2021-05-30 23:22:33,买来备用，比实体店优惠，非常满意！
2021-05-29 19:09:16,发货快，包装严实，日期可以，家里常备。
2021-05-30 21:26:16,活动划算，欢迎光临
2021-05-29 21:59:19,好，日期很新鲜。
2021-05-30 08:47:26,包装仔细发货快，5分好评！
2021-05-29 18:01:55,价钱很划算，就喜欢阿里健康
2021-05-30 23:12:05,好效果，价格更好
2021-05-29 21:39:39,包装完好，正品！值得购买！棒棒哒
2021-05-29 11:08:27,跟药店的一样  便宜很多很多
2021-05-26 07:18:47,正品，比药店便宜多了
2021-09-06 20:04:08,发货很快，是正品。
2021-05-28 12:32:50,感冒来一粒，效果杠杠的
2021-05-27 13:50:00,便宜划算
2021-05-26 09:34:10,有券便宜
2021-05-28 12:47:19,包装挺好的 没有损坏 吃过了再说
2021-05-28 12:35:29,价格比药店便宜很多
2021-05-27 17:46:36,和药店一样的
2021-05-28 20:58:44,效果还好吧
2021-05-26 12:35:36,比较小盒，放在家里备用挺不错的。
2021-05-26 20:11:54,和药店买的一样，物超所值！
2021-05-25 22:29:14,大品牌值得信赖和购买？
2021-05-26 18:27:52,还是感康好使，感冒药家中常备
2021-05-25 18:30:55,到货快 活动价很便宜 囤货中
2021-05-29 18:02:17,价钱很划算
2021-05-27 11:04:24,老牌子好药，家中常备。
2021-05-25 23:48:35,发货迅速，药品和药店开的一样
2021-05-27 22:17:42,价格便宜
2021-05-30 20:20:30,挺实惠的，放在家里备用，
2021-05-29 23:48:55,很棒，加上红包花了几毛钱
2021-05-26 09:54:18,好便宜，囤着有用的
2021-05-30 23:08:26,非常方便，药也好。
2021-05-25 09:29:47,很好快递很快药吃了两颗感冒就好了
2021-05-28 16:04:04,很好，很划算
2021-09-07 00:37:05,还没有吃，希望有效果
2021-05-27 17:27:57,药效可以
2021-05-30 23:08:46,品牌就是好。
2021-05-25 20:04:26,不错，包装精致，感冒吃了了三粒就好了，就是吃了太容易困了
2021-05-30 23:07:58,药好，价更好。
2021-05-25 08:26:30,感觉不错
2021-05-27 08:21:28,物流发货速度快，东西不错
2021-05-26 15:33:58,很好，推荐，非常好！
2021-05-29 07:56:49,挺好的，价格便宜
2021-05-26 06:05:18,送货很快，很好，推荐购买&hellip;。
2021-08-15 12:16:57,送货速度挺快的，其中出现了一点小插曲，快递员记错了单元，把药送到隔壁单元去了，好巧不巧名字又神似，然后就然后了，快递员走后然收货人感觉没对才仔细看了一下收货人，打电话让我去取，老大，我买的药呢，你都能给送到别家去，真的人才哦！????
2021-05-27 20:03:14,多次购买备用。好评
2021-08-31 10:41:58,感康复方氨酚烷胺片感冒药12片缓解普通感冒咽喉肿痛发热头痛鼻塞
2021-05-29 23:33:12,挺好的，发货速度快，阿里大药房值得信赖
2021-09-12 14:05:31,服务非常差，刚收到货降价也不补差价，然后各种理由推脱
2021-05-26 22:08:02,超便宜，四块多爱了爱了
2021-05-30 23:07:30,药好，服务更好。
2021-09-11 15:21:07,感冒吃了三天，还是照样流鼻涕瞌睡精神不振
2021-09-11 22:02:44,药是挺好的，就是派送太慢了，光派送就两三天
2021-09-13 08:40:57,这个药吃完了，没啥作用，没有以前得好了
2021-05-28 22:21:57,挺好用的，性价比高，好评
2021-05-25 09:07:22,家里的药品几乎都是在这买的，很信任
2021-05-28 12:23:47,夏天，多备点挺好的
2021-05-29 13:59:51,很方便，快递很快！
2021-08-29 12:12:32,不知道是人不行还是药不行，吃了没反应??
2021-05-27 08:31:27,掌柜态度很专业热情，有问必答，回复也很快，我问了不少问题，他都不觉得烦，都会认真回答我，这点我向掌柜表示由衷的敬意，这样的好掌柜可不多。再说宝贝，正是我需要的，收到的时候包装完整，打开后让我惊喜的是，宝贝比我想象中的还要好！不得不得竖起大拇指。
2021-09-02 18:10:09,买来预防的??????????
2021-09-07 10:53:11,正品，买多次了。
2021-05-28 11:11:33,包装不错
2021-09-10 16:01:13,此用户没有填写评论!
2021-09-12 01:12:00,O(&cap;_&cap;)O 。。。
2021-09-05 13:33:20,没喝呢，不知道怎么样
2021-08-29 14:30:37,还可以，速度挺快
2021-09-10 23:39:23,非要中通，无语
2021-05-28 10:43:02,药物肯定是正品，现在特殊时期，各位注意身体。注意千万不要感冒发烧！疫情防控需要大家共同努力！！
2021-09-04 01:58:41,好，物流也挺快的
2021-09-02 03:41:55,害 我的常备药了
2021-09-01 11:07:46,干就完了
2021-09-13 16:41:54,不错不错，物流很快！
2021-05-27 01:03:11,收到蛮多天了才想起来评价一下，质量啥的各方面总体不错的，包装严实。再说商家服务：点赞啦。最后点评快递：发货很快，希望店家多出优惠
2021-05-27 12:02:27,终于收到我需要的宝贝了，东西很好，价美物廉，谢谢掌柜的！说实在，这是我淘宝购物来让我最满意的一次购物。无论是掌柜的态度还是对物品，我都非常满意的。掌柜态度很专业热情，有问必答，回复也很快，我问了不少问题，他都不觉得烦，都会认真回答我，这点我向掌柜表示由衷的敬意，这样的好掌柜可不多。再说宝贝，正是我需要的，收到的时候包装完整，打开后让我惊喜的是，宝贝比我想象中的还要好！不得不得竖起大拇指。下次需要的时候我还会再来的，到时候麻烦掌柜给个优惠哦！
2021-09-02 16:51:20,服务好，物流快！
2021-09-13 14:23:07,正品，物流也很快
2021-08-25 20:11:40,还可以挺快就收到了，到处不卖药，买来备用
2021-08-17 21:48:33,就是骗子药店，我7号买的到17号都没有收到货，因为疫情原因送不到了，就反馈退款，反馈了好几次说后边与我联系也没有回应，现在没有收到货，交易也终止了，也没有退钱，一定会投诉你们这家药店，太可恶了，欺骗消费者！！！！！
2021-05-25 18:10:17,感觉药效没以前好了
2021-08-13 13:28:54,比药店便宜多了。
2021-08-14 05:35:34,暂时还没有使用，不知道什么情况！
2021-08-12 09:45:43,日期是去年11月份的，留着备用
2021-08-27 10:46:58,当时图片明明写的次日达，而且快递每天变一次，始终显示次日达，但是最后三四天才到，病都要好了！
2021-08-19 18:27:25,药已经收到，评价晚了。不查信息根本不知道货到，不打电话，也不发短信
2021-08-19 13:13:42,价格实惠 不知道效果怎样
2021-08-25 16:20:51,凑单买的，家中常备的药物，过期了一批来补一下。
2021-08-26 10:57:52,还没吃给你好评
2021-08-09 19:34:46,货物按规定的时间收到了，，就是日期看了不太舒服，，20年一月份的，，本来买来就是备用的&hellip;日期还这么久&hellip;
2021-08-18 09:29:32,第一次从网上买药，信任阿里药房
2021-08-13 01:22:22,平时还是要买点药备着，日期也还可以。
2021-08-26 09:49:11,管用，吃了一颗，症状立刻改善了。
2021-08-24 16:39:40,还行吧，备用药，和以前买的一样
2021-08-19 12:08:30,拿到手药盒都坏了，变形了.包装差评
2021-08-11 20:16:13,拿快递被收取件费，不要管收多少，你会什么心情
2021-08-21 16:52:59,给家里囤点，疫情期间，药店感冒药不好买
2021-08-20 10:49:40,日期不太好。
2021-08-25 15:49:58,感冒吃啥都不行，就吃这个好的快
2021-08-15 18:50:59,药壳都变形了，还没有用。差评
2021-08-18 18:06:13,又贵还少 就这？
2021-08-14 21:10:42,没用，备着
2021-08-08 20:23:05,药品很好，本来就是囤货的，不知道包装问题还是快递问题，盒子来是开的，给我时候很完整，到家发现胶带粘一半，一共也没用几次中通，用几次包装都是坏的，真是差劲*了
2021-08-11 16:57:28,很不错，效果好。。。。。
2021-08-19 12:53:03,还行，快递快！
2021-08-05 18:49:23,买了三盒999，外包装啥问题没有，二次封装痕迹也是你们自己仓库的标识胶带，仓库发货出现失误，去怪物流，一个小问题沟通处理花了半个多月，这么大的店，我买了那么多次东西，客服好几个**听不懂问题，故意推脱责任，只是没想到我会给快递出无责任证明吧，小问题，态度好点立马就处理了，别损坏一家声誉
2021-08-22 11:16:36,不错，就是快递有点慢
2021-08-12 10:13:36,吃了会困的吧
2021-08-23 11:55:28,物流很快，包装完好
2021-08-14 20:40:57,东西都收到了，物流很快
2021-08-04 22:42:47,一次不比一次，平时很快就到达了，之前购买的都会有特定的阿里大药房包装盒，这次货物到达普通的纸箱，加上外形破损，没有
2021-08-07 19:47:32,并不是说药不好，让我气愤的是，我买了四种药，竟然给我发了三个包裹，分了两家快递，让我南北两头的取快递。。。。发货之前就告知客服给我发在一个包裹了，。。。。结果到底还是分开发了。
2021-08-03 09:49:17,宝贝收到了，物流超快，买来备用的，给个赞
2021-08-01 18:28:41,我经常买
2021-08-04 20:10:31,终于收到了，感冒很难受，大家多注意身体！
2021-07-28 17:37:35,我们这边药店买不上，网上还行，发货还挺快！
2021-08-02 09:40:35,感康好产品，留着备用，日期还可以，金牌
2021-08-02 17:06:57,物流差评！次日8点之前就到站点了，到第二天才派送，而且到晚上才送到！
2021-08-09 00:24:38,感觉像假药一样吃了一点作用都没有，都不知道这些药店是想卖药治病还是卖药赚**钱的
2021-07-27 23:02:17,感冒常备药，
2021-08-06 20:14:46,现在菜鸟驿站真无语，几天也不送非要自己去拿。
2021-08-09 20:41:23,买来备着的 我并不想因试药发个烧
2021-08-06 13:42:04,买给男朋友的
2021-08-02 14:44:42,买给男朋友的 怕他买不方便
2021-08-04 08:25:26,吃三盒了，不顶用，价格还贵
2021-08-07 20:28:37,快递给办，产品好。
2021-08-08 18:35:46,买来备着攒着
2021-08-08 15:08:09,垃圾圆通，快递都被压瘪了，里面药盒都变形了
2021-08-05 15:55:55,很好，谢谢你们啦！我不会发图片！
2021-07-28 13:11:28,此用户没有填写评论!
2021-02-18 21:39:07,此用户没有填写评论!
2021-08-10 02:01:46,复制品，有副作用态度恶劣人都不讲理爱答不理态度僵硬
2021-08-04 08:26:44,吃完饭，感冒不好
2021-08-06 17:51:45,还没吃留的备用的不知道咋样
2021-07-29 19:26:30,买来备用，物流挺快的
2021-08-09 10:30:24,家中常备药。
2021-05-01 23:03:43,此用户没有填写评论!
2021-07-24 14:31:40,物流不更新
2021-08-06 13:57:42,还没吃呢
2021-07-28 21:18:47,物美价廉，物流给力，
2021-07-18 21:28:53,虽然买的药箱被压坏了，和卖家沟通，顺利重发了一个。
2021-07-06 23:43:13,和在药店买的包装盒不一样
2021-07-15 15:19:40,很多次这里买了，还是好评
2021-07-22 15:15:20,吃了一半了，最近总感冒，好烦，是水土不服的原因吗？想家了&hellip;
2021-04-21 19:36:28,此用户没有填写评论!
2021-07-11 18:51:41,物流慢点
2021-07-11 22:29:33,商品以收到，物流很快，店家服务态度也很好！
2021-06-28 18:04:26,****，少了个货一个个说帮我查帮我跟进，从六月十五开始反馈，结果是这样子的，申请退款也没同意，你们可真牛拜。
2021-06-18 21:05:39,常备药品，物流给力
2021-06-06 16:50:58,在没感冒的情况下预备的，药品的价格一直居高不下
2021-05-30 19:02:18,快递慢的要*，我躺在床上*等救命的??，等到??的时候我已经去世了。
2021-06-04 22:08:52,大品牌值得信赖......
2021-05-19 13:59:41,此用户没有填写评论!
2021-05-30 19:16:25,买的感冒药和退烧药，只发了退烧药，这样的药店再也不会第二次购买。
2021-06-14 19:40:32,涨价了，还不卖一盒了
2021-05-30 09:15:20,盒子都烂了
2021-06-04 11:38:02,买着备用 老是感冒
2021-05-29 17:17:44,此用户没有填写评论!
2021-06-06 11:18:05,买来预防的没有吃，
2021-05-31 10:17:58,看见像那回事
2021-06-07 09:14:36,发货很快。
2021-05-29 21:42:23,挺好的，还没有拆，备用，上次使用这个药挺好使的，买点没错。就一盒还包邮送来了。
2021-05-30 01:15:04,做活动购买的，给家里也寄了几盒，家里多备几盒总归没坏处
2021-05-26 16:06:05,购买体验一般吧，快递到了显示0点签收，第二天也没打电话，又显示第二天22点签收，第三天也没打电话，不知道什么时候放商店里的。
2021-05-26 21:28:11,正品，正品，正品，买了药老公正好病了，本来就是备着他吃的，一到换季他就感冒。。。。。
2021-05-26 18:45:58,还没用，等我感冒，呸，可能不会用了。
2021-05-28 22:12:16,治疗感冒，不愿出屋网购很方便
2021-05-27 17:40:33,买来看家
2021-05-24 17:21:11,此用户没有填写评论!
2021-05-28 15:09:10,收到快递很暴力 客服赔偿了两元
2021-05-28 12:36:48,物流太慢了，我感冒都好了，他才到
2021-05-28 21:06:51,买来囤着的，
2021-05-26 22:33:55,外边药店至少15块钱 这个很不服拉
2021-05-27 11:54:14,网上价格比较实惠，物流很快。
2021-05-28 22:20:55,头疼吃这个最好用了。
2021-05-30 00:09:09,正品，感冒药。
2021-05-29 21:21:50,感冒药不错，日常备货一点，物流很快。
2021-05-25 17:24:30,没感冒，就是屯着
2021-05-25 14:15:39,暂时囤着。。
2021-05-29 08:54:04,物流五天
2021-05-29 05:11:24,宝贝收到了，物流很给力，客服态度好。
2021-05-28 23:07:10,物流很快，还没吃
2021-05-24 18:07:03,搞活动的时候买的&hellip;希望以后多多搞活动&hellip;物美价廉&hellip;物超所值&hellip;！
2021-05-24 12:32:01,和药店一样，价格实惠
2021-05-24 10:24:01,收到东东了包装很好价廉物美很好好好。
2021-05-24 14:34:36,是正品，比药店便宜好多！！！！
2021-05-24 23:59:15,阿里大药房质量放心，虽然便宜，但是正品。
2021-05-24 21:27:16,还没用，家里备着
2021-05-24 18:26:21,好评，物流发货速度快
2021-05-24 14:17:18,真品，还实体药店里面买的一样样的
2021-05-24 07:52:37,一直都爱你
2021-05-19 19:40:13,此用户没有填写评论!
2021-05-24 14:23:52,药是真药，希望大家都不要有机会吃，但是生病了也别扛着
2021-05-24 09:24:44,发货挺快的。就是包装太简陋。
2021-11-22 07:54:49,非常好，非常好非常好
2021-11-22 08:24:56,这个效果蛮好的 也是囤货
2021-11-22 08:30:25,材质结实，手感好，很得劲，物流也快，性价比很高，值得购买
2021-11-22 08:58:43,满意
2021-11-22 09:31:36,阿里药房买药放心，价格优惠
2021-11-22 11:09:52,不错
2021-11-22 11:17:10,可以
2021-11-22 11:40:03,拆分了很多包裹，收件麻烦，备注送货上门还是放在菜鸟驿站和快递柜，差评
2021-11-22 11:50:03,宝贝真心不错，与图片相符，没有任何差异，真的是物超所值，物美价廉啊。质量很好，下次还会再关顾!快递很给力，好评！发货快性价比高，给满分好评！
2021-11-22 11:50:41,正品
2021-11-22 12:32:56,好评，方便快捷。
2021-11-22 12:50:18,是正品
2021-11-22 12:56:01,好。
2021-11-22 13:34:56,很好
2021-11-22 13:39:38,可靠信赖
2021-11-22 14:12:00,包装很高大上  一直在他家买药 便宜还好用
2021-11-22 14:43:16,不良反应有点大
2021-11-22 14:49:41,服用后第二天咳嗽就减轻了。
2021-11-22 14:52:59,好评
2021-11-22 14:55:45,很好
2021-11-22 14:58:12,疫情期间，多次回购，比药店便宜，品牌有保障。
2021-11-22 15:32:28,货真价实，发货又快，值得推荐！
2021-11-22 16:09:43,还可以。
2021-11-22 17:16:24,好
2021-11-22 18:21:19,天冷了，又因为疫情，买不到药，网上屯点，店家很贴心还送了两盒蓝苓颗粒（消炎的好像是）
2021-11-22 18:33:21,买来家里备用，收到药的时候还有一个追溯码，让我挺惊艳的。整体来说比线下买药便宜。点赞
2021-11-22 18:39:28,高大上
2021-11-22 20:04:32,时间总能证明我们的相遇是对的，是值得的。不早不晚，恰是适时遇见的时候。于是我驻足不前，等待着这个宝贝给你的期待，时间不会辜负等待。这个世界，拥有爱的唯一方法是以真心换真心。那些甜言蜜语，名利财富以及虚无的承诺，都敌不过一份深刻肯定。简单而平凡话语足以温暖一整个冬天。我现在一定是嘴角上扬，深深的小酒窝浮在脸颊上。那么美好的笑容，一定是收到这个宝贝让我不自觉的油然而生的。已收藏店铺哦~愿看见这条评价的亲天天开心，好事相随~
2021-11-22 20:13:52,一次很好的购物体验，服务周到，物流快速，配送也很周到，态度也很好，好评！
2021-11-22 20:34:43,实惠
2021-11-22 20:38:00,还没有机会吃，室友推荐的感康，觉得是正品，药回来了，感冒也好了就没有用上。应该很有效果吧，毕竟室友强烈推荐。
2021-11-22 21:02:29,商家发货也快，配送速度也很快
2021-11-13 23:20:54,冬天到了，降温容易感冒，屯些感康备用，保质期挺长，到2023年了。阿里大药房真方便。
2021-11-12 15:16:10,保质期到2023年
2021-10-22 09:49:37,啧啧啧，冬天必备啊，感冒见效快日期到2023年的
2021-10-19 16:07:28,10月18号晚上下单的，隔天就到了，物流很快 看了一下生产日期是去年12月，但是还行，可以用到2023年11月
2021-11-15 12:23:11,生产日期是2020年11月的，不太满意
2021-11-08 08:44:42,虽然没有过期，但是2020年生产的，过去一年多了感觉就是不舒服。
2021-10-21 19:43:33,生产日期比较旧，其他还可以，物流特别快，就是现在都2011年10月了，发的药品却是2020年11月份的，下次买进嘴巴的东西一定要问下生产日期，本来就是备用药，有点糟心！
2021-10-27 14:57:57,和此卖家交流，自觉七经八脉为之一畅，我在淘宝买了这么多年，所谓看过&quot;****无数，但与卖家您交流，我只想说，老板你实在是太好了。你的高尚情*太让人感动了。本人对此卖家之仰慕如滔滔江水连绵不绝，海枯石烂，天崩地裂，永不变心。交易成功后，我的心情竟是久久不能平静。自古英雄出少年，卖家年纪轻轻，就有经天纬地之才，定国安邦之智，而今，天佑我大中华，沧海桑田5000年，神州平地一声雷，飞沙走石，大雾迷天，朦胧中，只见顶天立地一金甲天神立于天地间，花见花开，人见人爱，这人英雄手持双斧，二目如电，一斧下去，混沌初开，二斧下去，女娲造人，三斧下去，小生倾倒。得此大英雄，实乃国之幸也，民之福，人之初也，怎不叫人喜极而泣 .......看着交易成功，我竟产生出一种无以名之的悲痛感&mdash;&mdash;啊，这么好的卖家，如果将来我再也遇不到了，那我该怎么办？直到我毫不犹豫地把卖家的店收藏了，我内心的那种激动才逐渐平静下来。可是我立刻想到，这么好的卖家，倘若别人看不到，那么不是浪费心血吗？经过痛苦的思想斗争，我终于下定决心，牺牲小我，奉献大我。我要以此评价奉献给世人赏阅，我要给好评&hellip;&hellip;
2021-08-17 22:18:53,药品包装和数量都对，但是生产日期是去年2020年11月份的，虽然有效期是2023年10月。要是生产日期是今年的就更好了。网上买药就是无法确定生产日期。
2021-08-10 18:13:51,买来备用的，日期是到2023年3月份这样子
2021-07-27 23:56:38,这个很好用 就是吃完会很困111111111111
2021-10-10 12:41:22,药的时间有点长啊，2020年的，一年多了
2021-09-28 20:32:13,日期久了点，2020年的！
2021-09-27 20:25:48,2020年的日期，有点就了！
2021-09-06 21:23:52,就是贵，比本地药房贵3元一盒。
2021-06-21 16:31:18,日期不新鲜，是2020年11月的
2021-06-05 18:30:31,确实是收到1盒感冒药12粒装和2盒消炎药3袋装，这两盒消炎药有点离谱，至少要8元多一袋消炎药，这些都不是重点，重点是我刚收到货，进入页面一看，价格从64元直降59元，不带这样坑人嘛
2021-05-29 20:58:22,就是生产日期还是去年的，不过保质期到2023年
2021-05-24 15:42:52,搞活动买的，5块钱很划算
2021-09-26 18:09:48,嗯啊考虑考虑啊啊啊啊。，考虑考虑啊啊啊啊啦咔咔考虑考虑
2021-09-19 16:48:25,买些备着，是正品
2021-05-24 13:22:10,感康大品牌值得信赖，活动价格美丽
2021-06-01 19:22:26,给我妈妈买的   六安疫情原因 买不到感冒药  就从网上买了  第二天就到了  很快  方便快捷
2021-05-24 16:29:43,阿里健康大药房，次日达??这款感冒药见效快！包装也有小创意哦！
2021-10-13 22:30:26,药片包装很有新意，就是物流态度有问题，快递员送货的时候，直接把盒子扔到门口
2021-10-04 13:32:01,不错的选择。考虑考虑啊啊啊啊啦咔咔考虑考虑啊啊啊啊，
2021-10-14 16:29:55,感冒药就感觉这个牌子好使，最近又有流行感冒了。买一盒备着，希望效果依旧强悍。
2021-10-26 17:54:25,到货快，get，感觉吃了想睡觉????
2021-11-13 13:38:06,一直在天猫买家常备用药！
2021-11-09 08:17:32,药来得很及时，冬天想多屯一些药在家里常备。
2021-08-18 18:25:02,最放心。也便捷。
2021-05-24 22:45:26,还行，比药店便宜
2021-07-27 16:43:54,质量还可以
2021-09-23 19:53:31,正的 不错
2021-10-29 09:06:24,感谢阿里健康，谢谢??
2021-11-16 18:12:50,大家注意都是生产日期长的2020年生产的，不建议购买
2021-10-07 15:15:41,和药店买的一模一样，可以放心购买。而且店铺是官方店铺，值得信赖，客服也特别好，还有免费问诊，非常棒，特别适合没时间社恐人士。家里买来常备。没有时间去药店买，基本上都是从阿里健康大药房购买药品，以前都是男朋友买。是正品，而且很方便，快递物流速度也很快。
2021-08-20 18:41:09,朋友推荐的  很有用，就是喝完好困
2021-11-06 18:08:11,是正品，物美价廉
2021-07-15 20:42:11,每次都在阿里大药房买，药品齐全，品质保障，非常满意
2021-11-06 17:14:23,囤货备用
2021-10-14 22:26:34,秋冬换季节，买一点有备无患。
2021-10-12 18:11:20,很方便快捷，好评！
2021-08-10 09:06:07,有效期长，发货速度很快，买下都下午快晚上了，然后俩小时后已经出库了，发货速度非常快，点个赞
2021-11-12 18:22:14,树是生活，埋的是我。看花就好。别看我落魄
2021-10-15 00:59:53,日期还剩不到一年过期了  无语
2021-10-11 20:13:53,挺好哒 放家里备着
2021-05-28 19:38:10,不太管用，
2021-10-26 11:00:09,收到东西了，东西质量好，很不错，非常满意，
2021-08-05 00:25:23,很管用的药，吃过之后感冒立马缓解很多。第二次购买了，发货很快，到的很及时。价格也划算
2021-05-24 12:46:11,商品符合描述，主要是活动便宜，能省很多钱
2021-06-01 09:02:20,速度很快，就近发货第二天就到了，正品药，价格要比实体药店实惠的多
2021-10-13 22:25:31,日期不满意，去年的
2021-10-18 20:23:27,买了放家里备用的。感冒咳嗽的药，家中常备。
2021-05-24 19:50:40,太方便了，网上购药。
2021-05-26 15:25:35,新的过的大品牌，是正品，以后还会再来
2021-10-26 07:25:29,非常好，很满意的一次购物。谢谢店家的贴心服务！
2021-08-20 20:33:56,方便的很，而且比药房便宜
2021-11-04 18:25:52,经济实惠，药不错
2021-10-18 09:20:17,没想到买的是这个新款  很稀奇  哈哈哈
2021-10-28 19:52:01,到货很快 ，包装也好
2021-10-15 20:45:04,包装压扁了，药盒子都没法用了，拉不开，好在药没有破损，
2021-10-06 15:35:36,挺好的，家里备货
2021-11-12 14:01:42,比药店便宜，可追溯查询。
2021-10-18 23:55:28,应该药店买的一样的吧，买了就是当常备药备用的物流挺快的。
2021-05-31 14:02:46,不错噢噢噢噢噢噢噢噢噢噢噢噢噢噢噢噢噢噢噢噢噢噢噢噢噢噢噢噢噢噢噢噢噢噢噢噢噢噢噢
2021-09-02 12:30:39,疫情期间，药店买感冒药不方便，在网上买给家里老人的，经常在阿里买药，赶上有活动还便宜，有需要还会继续回购哈哈哈哈哈哈哈哈哈哈哈哈哈哈哈哈哈哈哈哈哈哈哈哈哈哈哈哈哈哈哈哈哈哈哈哈哈哈哈哈哈哈哈哈哈哈哈哈哈哈哈哈哈哈哈哈哈哈哈哈哈哈哈哈哈哈哈哈哈哈哈哈哈哈哈哈哈哈哈哈哈哈哈哈哈哈哈哈哈哈哈哈哈哈哈哈哈哈哈哈哈哈哈哈哈哈哈哈哈哈哈哈哈哈哈哈哈哈哈哈哈哈哈哈哈哈哈哈哈
2021-05-27 12:07:27,好????????????????????????????????????????????????????????????????????????????????????????????????????????????????????????????????????????????????????????????????????????????????????????????????????????????????????????????????????????????????????????????????????????????????????????????????????????????????????????????????????????????????????????????????????????????????????????????????????????????????????
2021-08-21 16:43:32,好好好好好好好好好好好好好好好好好好好好好好好好好好好好好好好好好好好好好好好好好好好好好好好好好好好好好好好好好好好好好好好好好好好好好好好好好好好好好好好好好好好好好好好好好好好好好好好好好好好好好好好好好好好好好好好好好好好好好好好好好好好好好好好好好好好好好好好好好好好好好好好好好好好好好好好好好好好好好好好好好好好好好好好好好好
2021-05-31 20:49:03,东西还不错下次还来买东西还不错下次还来买
2021-11-18 08:00:45,挺好挺好挺好挺好挺好挺好挺好挺好挺好挺好挺好挺好
2021-10-29 13:12:53,此用户没有填写评论!
2021-07-01 10:09:47,此用户没有填写评论!
2021-08-06 20:04:16,??????????
2021-10-09 19:23:44,男男女女男男女女男男女女男男女女男男女女男男女女男男女女
2021-11-05 08:20:56,很好很好很好很好很好很好很好很好
2021-10-02 23:43:16,哈哈哈哈哈哈哈哈好
2021-11-07 07:46:49,不错不错不错不错不错不错不错不错
2021-08-23 14:10:20,可以可以可以可以可以可以可以可以
2021-08-04 00:19:21,可以可以可以可以可以
2021-08-19 22:31:26,非常好很喜欢很开心非常好很喜欢很开心非常好很喜欢很开心非常好很喜欢很开心非常好很喜欢很开心
2021-11-03 19:16:03,满意满意满意满意满意满意满意
2021-08-08 16:02:42,健健康康健健康康健健康康健健康康健健康康KK姐
2021-05-24 19:48:17,商品符合描述，主要是活动便宜，能省很多钱商品符合描述，主要是活动便宜，能省很多钱商品符合描述，主要是活动便宜，能省很多钱商品符合描述，主要是活动便宜，能省很多钱商品符合描述，主要是活动便宜，能省很多钱
2021-09-15 12:54:31,????????????????????????
2021-06-02 12:25:29,东西很好东西很好东西很好东西很好东西很好东西很好东西很好东西很好东西很好东西很好东西很好东西很好东西很好东西很好东西很好东西很好东西很好东西很好东西很好东西很好东西很好东西很好东西很好东西很好东西很好
2021-08-08 19:35:46,挺好的，质量也不错，双面的，快递很快，发货很快，挺好的，质量也不错，双面的，快递很快，发货很快，挺好的，质量也不错，双面的，快递很快，发货很快，挺好的，质量也不错，双面的，快递很快，发货很快，
2021-06-03 14:21:41,很好很好很好很好很好很好很好很好很好很好很好很好很好很好很好。
2021-09-25 18:46:50,好评好评好评好评好评好评好评好评
2021-05-28 20:55:34,好评好评好评好评好评好评
2021-10-23 14:28:28,好好好好好好好好好好好好好好好好好好好好好好好
2021-10-20 09:47:38,哈哈哈哈哈哈哈哈哈哈哈哈哈哈哈哈
2021-10-07 14:22:36,男男女女男男女女男男女女男男女女男男女女男男女女
2021-09-08 18:47:44,。。。。。。。。
2021-11-03 12:35:38,满意满意满意满意满意满意
2021-10-20 15:17:39,好好好好好好好好好好好好好好
2021-08-11 20:33:50,物流很快，东西很好，活动购买，足够优惠，全是正品，无限推荐，闭眼入。物流很快，东西很好，活动购买，足够优惠，全是正品，无限推荐，闭眼入。好多年没吃过了，但是，这次想换换，家中常备药物首选
2021-11-08 21:44:30,比药店便宜比药店便宜比药店便宜比药店便宜比药店便宜比药店便宜比药店便宜比药店便宜比药店便宜比药店便宜比药店便宜比药店便宜比药店便宜比药店便宜比药店便宜比药店便宜比药店便宜比药店便宜比药店便宜比药店便宜比药店便宜比药店便宜比药店便宜比药店便宜
2021-08-25 22:03:49,好好好好好好好好好好
2021-10-23 22:49:49,很好呀，一点问题都没有，快递也很快到货了！很好呀，一点问题都没有，快递也很快到货了！很好呀，一点问题都没有，快递也很快到货了！很好呀，一点问题都没有，快递也很快到货了！很好呀，一点问题都没有，快递也很快到货了！
2021-08-13 17:00:16,阿里药房买药挺放心的，跟实体店买的一样。来过很多次了，发货速度挺快的。阿里药房买药挺放心的，跟实体店买的一样。来过很多次了，发货速度挺快的。
2021-09-29 10:50:07,好好好好好好好好好好好好好
2021-06-03 11:37:31,习惯好评习惯好评习惯好评习惯好评习惯好评习惯好评习惯好评习惯好评习惯好评
2021-09-03 15:41:59,，，，，，，
2021-06-03 19:38:31,很好很好很好
2021-05-29 09:40:34,好的备货
2021-08-05 08:08:21,不错呢
2021-10-21 16:12:57,很好哦
2021-08-07 16:08:48,??
2021-08-16 22:12:48,喜欢
2021-10-24 19:26:22,爱了
2021-10-07 11:31:45,快递很快
2021-11-02 16:20:10,挺好哒
2021-11-20 08:20:31,好使
2021-11-05 10:30:03,挺管用的
2021-10-09 08:46:10,??
2021-09-19 20:51:42,超级棒
2021-05-28 10:42:52,备用，
2021-11-15 15:47:45,很好??
2021-10-10 14:59:51,不错，
2021-08-23 19:13:27,又快又好
2021-05-25 18:49:34,划算
2021-10-26 19:11:21,好评！??????
2021-08-21 14:29:34,好
2021-11-20 11:10:35,挺好！
2021-09-21 16:56:35,好药
2021-07-26 13:19:09,有效果。
2021-09-12 11:51:22,新包装
2021-08-29 06:07:15,很好很好用，
2021-11-01 16:23:58,超好用
2021-11-01 19:32:53,好方便
2021-11-08 15:30:32,牛啊牛啊
2021-08-04 08:25:46,不顶用，
2021-08-25 15:56:20,好药。
2021-07-28 16:20:47,好，
2021-11-02 12:37:52,不错!
2021-11-07 19:25:34,&hellip;&hellip;
2021-11-08 21:39:43,好评吧
2021-10-12 18:51:54,真实
2021-11-10 12:10:39,是正品。
2021-10-29 10:26:39,很及时
2021-09-08 11:17:11,还不错哦
2021-09-08 18:18:38,很好吃
2021-08-07 11:37:07,嗯嗯
2021-08-16 20:23:32,好评。
2021-11-15 10:26:21,嗯哼
2021-10-25 12:29:51,顾得
2021-11-01 11:20:14,还阔以
2021-11-19 18:17:33,好好好！
2021-10-20 16:12:10,很快  ！
2021-10-05 11:23:59,复购的
2021-10-20 18:13:41,可以。
2021-11-03 10:31:05,??
2021-10-26 19:12:42,阔以阔以
2021-10-20 09:19:16,挺好挺好
2021-05-30 12:24:47,好 很好
2021-08-17 21:11:41,。。。。。
2021-10-13 23:54:15,已收到
2021-09-29 19:13:52,好??
2021-05-27 05:34:25,66666
2021-08-20 15:38:45,顶呱呱
2021-11-04 18:19:31,蛮好的。。。。。。
2021-11-03 14:35:36,不假
2021-11-03 14:35:36,不假
2021-05-20 21:43:46,此用户没有填写评论!
2021-08-11 01:29:52,good。
2021-11-11 10:51:58,还行！！！！！
2021-11-12 16:24:28,蛮快的
2021-11-03 20:33:52,哈哈哈哈哈哈哈哈哈哈嘻嘻嘻嘻嘻嘻哈哈哈哈哈
2021-11-08 19:03:37,阔以
2021-10-02 00:03:43,很快，很赞
2021-10-31 16:36:39,药不错！！！
2021-09-27 20:36:23,嗯嗯挺好
2021-07-22 19:33:57,好好
2021-10-29 20:35:50,真的好
2021-06-05 01:52:57,好评好评好评
2021-10-23 16:58:36,挺不错
2021-08-26 13:27:23,还好吧
2021-11-18 10:00:26,还行吧！
2021-10-22 08:31:53,很好
2021-09-02 12:08:54,好的很
2021-10-15 05:37:43,很不错的
2021-07-18 15:29:22,中
2021-09-10 22:38:47,垃圾
2021-11-05 18:58:44,好??
2021-11-06 09:40:32,很好，好评！
2021-10-14 13:54:41,挺好使
2021-11-07 10:38:25,好，方便！！
2021-11-05 21:24:57,速率快
2021-10-09 17:38:48,挺不错的
2021-09-19 06:52:26,快递好快
2021-05-31 23:16:58,就是
2021-08-20 12:25:47,有效果
2021-08-04 22:43:00,非常好，
2021-11-05 14:52:59,太慢了
2021-11-19 18:54:25,物流慢
2021-11-12 18:35:32,大赞
2021-11-15 12:18:18,挺满意的
2021-11-05 10:39:59,还可以啊
2021-11-16 20:13:29,是真的
2021-09-30 21:22:29,送货快
2021-08-01 17:10:27,Good
2021-11-03 19:28:19,挺快
