2021-11-19 20:21:48,这里的东西谁买谁知道，希望以后越来越全，已经很多次购买了，实惠，方便，包装还好
2021-11-19 16:50:49,正品，日期较近，家中常备药
2021-11-15 18:29:32,挺好的。发货很快。我昨天晚上下单的，今天就收到了。
2021-11-16 16:53:51,双十一活动买的，很优惠。
2021-11-09 10:57:33,东西真的不错清热解毒颗粒的效果特别好吃了都说好吃了也不太疼不疼人也舒服了
2021-11-14 19:48:10,物流超快，正品满意，包装完好，这个牌子一直买的，不错不错
2021-11-09 00:27:03,便宜，正品咯，比药店便宜了差不多一倍，网购它不香吗？
2021-11-15 19:14:23,划算 平时喝点预防感冒
2021-11-19 22:40:35,价格很优惠，相信阿里健康大药房
2021-11-16 08:10:01,比在实体店买的便宜
2021-11-18 18:25:01,比药店实惠
2021-11-14 21:36:16,比药店便宜
2021-11-17 08:26:54,家里一直备用着，孩子有点感冒流鼻涕，喉咙不舒服吃一天就能缓解，泡起来方便，味甜孩子不抵触吃，家居必备神器
2021-11-16 22:23:47,发货速度快包装好，快递员很负责任
2021-11-14 15:32:22,速度快，东西棒！
2021-11-12 12:21:03,一样的质量，比实体药店便宜
2021-11-16 16:39:47,很好，比药店便宜多了
2021-11-18 10:11:15,不错的宝贝
2021-11-11 02:15:58,一直在用这个牌子的产品，真的是同价位里性价比非常高的了
2021-11-16 19:27:52,正品！高效！
2021-11-17 17:15:15,回头客了，家中常备
2021-11-16 12:19:53,可以的，之前药店买28
2021-11-14 19:50:30,是正品有条码追溯码，包装完好无挤压发货迅速物流特快，咋天下午下单第二天下午就收到了。
2021-11-18 13:07:21,希望有效果！！
2021-11-17 10:04:58,囤货，留着备用
2021-11-08 15:38:26,复方板蓝根颗粒收到，大品牌，好用。
2021-11-15 15:23:48,用过待评
2021-11-16 14:51:08,比实体店要便宜很多，很好，物流也很快！
2021-11-18 20:55:02,家庭必备品，好评
2021-11-13 15:00:05,阿里健康大药房，还是值得信赖的，货真价实，方便快捷。
2021-11-14 17:59:38,发货超快！包装好！快递快！赞??
2021-11-17 20:18:15,好，值得购买。
2021-11-10 08:33:38,和实体药店一样
2021-11-16 19:01:36,日常屯吧，比如现在，我感觉我就感冒了
2021-11-02 10:09:09,跟实体店没有区别，还便宜，喜欢！
2021-11-08 21:31:00,价格公道，正品！
2021-11-18 20:06:20,好评，物流超快
2021-11-13 17:12:20,一直都在拍这款，预防感冒绝佳。
2021-11-13 12:08:00,天冷了，家庭药箱备点感冒药
2021-11-09 07:53:42,增强免疫力！
2021-11-16 20:02:43,物流很快
2021-11-13 21:50:37,日期新鲜
2021-11-13 19:51:36,家中常备药
2021-11-13 22:02:44,家庭常备！
2021-10-23 17:22:22,此用户没有填写评论!
2021-11-04 19:42:47,好用 好用
2021-11-02 07:21:19,东西很不错看到后特别喜欢包装也很硬值得购买的东西
2021-11-08 09:57:01,换季的时候，家庭必备药品。抗疫神药。 换季的时候，家庭必备药品。别人抢粮食，我抢药。
2021-11-02 11:24:26,不错 便宜实惠
2021-11-07 09:38:21,性价比很高，比线下划算
2021-10-12 00:29:54,此用户没有填写评论!
2021-11-06 14:05:26,还是挺划算的，买了2大包在家里囤着。
2021-11-02 11:24:40,不错，便宜实惠
2021-10-22 20:20:24,很好很棒很不错，适合秋冬换季，预防感冒，感觉作用非常大，生活中离不开，非常实用，很喜欢，复方的感觉效果会更好一点
2021-11-04 12:57:13,效果很好，非常好用!
2021-11-18 08:52:14,板蓝根还是白云山
2021-11-07 23:20:33,朋友推荐，预防感冒
2021-11-07 00:21:07,味道还行
2021-11-06 19:54:40,是正品，价格还优惠
2021-11-06 18:41:17,跟实体药店买的一样，双11价格优惠点。
2021-11-06 20:26:08,第二次购买，效果好
2021-11-07 17:04:37,快递很快！味道也和其他牌子的一样！好评
2021-11-04 20:08:27,快递神速，应该是正品。
2021-10-27 18:36:49,有备无患，很好用，价格实惠，值得购买！
2021-10-22 20:16:06,包装很好，继续加油，继续努力。
2021-11-13 19:38:10,发货速度，物流很快，包装完好，卖家服务很好，有需要的话还会回购的！
2021-10-27 13:10:19,很好喝呢
2021-11-03 21:37:30,很好，发货很快
2021-10-21 14:45:10,整体来说，还是很好的，非常值得再次回购
2021-10-24 23:18:54,东西收到以后马上查看，发现与图片描述一致，超级喜欢，卖家发货速度很快，，服务也很到位，给老板点个赞，下次还会来购买.......
2021-10-29 11:38:17,复方的喝起来味道比普通的要厚重一些，而且效果也更好
2021-10-21 21:40:46,很好，价格实惠，物流也快，隔天就到，味道跟以前买的一样
2021-11-17 01:25:11,日期新鲜，多次买了。
2021-10-26 19:51:00,还是袋数多吃了好几包下次还来买
2021-10-26 17:23:17,很便宜，家里常备点，第二天就收到了！
2021-10-21 14:50:23,存货来着，很好，效果也很好。
2021-11-01 15:21:12,价格便宜，是正品
2021-10-27 17:01:03,很优惠，正品。
2021-10-21 20:24:18,板蓝根清热解毒....
2021-10-29 12:47:34,很好，特别是凉了之后，当糖水喝
2021-10-21 19:32:33,很好  很实惠
2021-10-28 19:04:13,感冒神器
2021-10-27 17:17:27,隔日达哦，很快，是正品
2021-10-24 17:32:01,快递超快，客服也超好。东西也不错哦
2021-10-24 14:41:46,秋冬常备，预防感冒。
2021-10-23 11:27:07,送到家好评
2021-10-31 10:23:37,全DG都禁售感冒药，好在还有阿里，很好，只是没有以前优惠了，是因为没竞争了吗
2021-10-31 13:00:58,预防感冒
2021-10-24 19:33:18,感冒已经喝完了
2021-10-22 20:42:53,快递速度很快，感冒药也是正品。
2021-10-25 17:41:08,日期非最近日期。
2021-10-21 21:42:40,物流超快，好评
2021-10-05 12:09:08,物流非常快，质量不错。我特别喜欢。好评！
2021-10-22 09:48:51,就是买来家庭防备的 平常偶尔上火冲来喝喝的
2021-10-20 17:20:56,物流挺快，价格比药店便宜，很满意
2021-11-01 09:07:06,买来备着
2021-10-04 07:59:19,经济实惠，值得拥有，好！
2021-10-20 17:26:15,挺好的。价格便宜物流块，省事多了
2021-10-12 21:39:57,买来备用
2021-10-17 10:43:49,板蓝根很划算，每次需要都来这里买
2021-10-20 18:49:05,好评，不错不错不错
2021-10-15 19:59:06,和药店的一样，价格便宜一些
2021-10-19 21:54:40,正品，比药店优惠很多，很满意。
2021-10-04 10:38:18,实惠，家庭必备
2021-10-29 00:11:22,冬天到了，这天气忽冷忽热的容易感冒，买点药备着。
2021-10-27 13:24:49,没有收到b6，商家给退款了，好评
2021-10-20 22:12:28,挺好    便宜
2021-10-05 12:17:10,这次的快递特别迅速，板蓝根也很好，家里常备好药
2021-10-10 23:30:02,物美价廉，用红包买的挺划算的
2021-10-12 12:50:15,买的第二天就到了，神速??
2021-10-10 10:21:12,此用户没有填写评论!
2021-10-10 04:36:32,大品牌值得信赖！
2021-10-06 04:15:09,服务好发货快点??
2021-10-16 18:52:16,正品，包装很好，赞！
2021-10-13 00:01:30,药已收到，货真价实，很不错，这个药店也不错！
2021-10-11 21:56:30,还没用，到货快
2021-10-16 20:41:59,买来预防感冒的，板蓝根有点微甜的味道不错。
2021-10-11 18:15:50,又到了流感季节，必须要备着了
2021-10-06 12:57:41,家中常备好药
2021-10-18 12:02:52,速度快，又好
2021-10-11 17:48:23,绝对是最开心的一次购物，店家服务态度很好，售后也是
2021-10-08 17:31:00,愿天下无病
2021-10-12 07:24:50,第二天就到了，2月的货，很满意
2021-10-07 09:37:03,到货挺快的
2021-10-08 21:49:26,希望好用
2021-10-10 17:56:14,不错的选择！
2021-10-15 13:29:44,发货速度，和在药店买的一样，价格上优惠多了
2021-10-20 12:08:07,还不错   发货挺快
2021-10-08 19:01:04,快递很快，喝完好多了
2021-09-30 09:05:30,板蓝根收到了，阿里大药房的东西可以放心购买，包装和规格什么的都跟在小区旁边的药店买的一样，而且比实体药店要便宜，好评
2021-10-14 20:21:02,快递相当给力
2021-11-11 03:03:44,白云山 复方板蓝根 买买买
2021-10-12 19:30:15,大品牌，值得信赖~
2021-10-09 21:28:14,家里长备
2021-10-11 10:01:37,速度好快，不错，5分
2021-10-20 21:37:19,很实惠，快递也给力
2021-10-17 15:09:14,发货很快，挺好的
2021-09-29 17:27:13,疫情期间，常备药品，买了两种功能的，清热解毒，，非常非常非常满意，发货迅速，以后会常来光顾
2021-11-10 15:23:23,给男朋友买滴 希望他不要生病啦
2021-09-11 17:12:04,正品没问题，一直在这里买
2021-09-27 14:02:02,依然很好 很满意 包装也很赞
2021-11-15 11:42:21,囤货一堆
2021-09-13 17:35:15,价格实惠，到货快
2021-10-01 09:58:10,每一次都很满意，这次选的宝贝更加满意，以后还会一如既往地买下去
2021-11-01 17:24:43,方便，比我们这实体店贵了点，因为实体店现在买这些药太麻烦了，所以为了方便，网购了
2021-09-11 17:04:02,阿里药房应该值得信赖吧，两包复方板蓝根优惠下来比药店买便宜很多
2021-11-15 14:09:45,很好。发货也快。
2021-09-14 19:28:00,正品，比药店便宜多了，安家必备良药??
2021-10-31 23:38:04,这玩意就是有点甜，糖应该加了不少
2021-09-20 02:50:29,好评。
2021-11-14 22:05:34,物流很快，相当值得点赞。东西嘛，一般般吧。
2021-09-14 16:17:43,昨晚九点下的单，今天中午就收到了，速度杠杠的，现在疫情期间，还是囤点清热解毒的药品好。
2021-09-19 15:08:04,忘记了，是正品的，喝了两袋立马见效
2021-11-06 10:07:36,自从有了网上药店，就开始在这家买了，这已是第N次购买了。可这次就是没用上，病就好了。
2021-11-13 17:15:12,秋冬季常备药了，一换季就容易感冒??，唉
2021-10-06 11:00:02,东西收到了很好。
2021-09-24 14:33:11,非常好，晚上11点买的，第二天上午就到了
2021-09-17 18:43:58,我们这边药房买不到，还是阿里大药房给力
2021-09-09 16:40:26,领导好用
2021-09-29 10:26:58,东西收到了很好发货也快
2021-09-10 22:54:29,家庭常用药品备用，值得。
2021-09-29 21:55:21,购药认准白云山品牌
2021-09-18 05:20:50,非常不错，家中常备药
2021-09-22 10:11:44,一如既往的好，方便
2021-11-14 10:54:12,多次购买，
2021-09-26 10:42:13,与描述一致
2021-09-21 14:25:27,清热解毒 挺好的
2021-09-10 21:57:03,非常满意非常不错非常
2021-09-22 12:58:07,宝贝已收到，喝起来不错
2021-11-11 11:11:30,囤药，还是在网上买方便
2021-09-16 19:04:35,挺好的，最新日期，正品保证
2021-11-04 14:03:27,本来还很担心东西不好，拿到手发现完全多虑了，五星好评
2021-10-02 15:30:21,东西收到了，很好！！！
2021-09-13 18:07:26,到货迅速，满意。
2021-11-05 18:07:21,跟药店一样，还可以，包装没有烂，价钱比药店便宜一两块
2021-09-11 20:15:13,挺好的，挺划算的，而且白云山的板蓝根味道不错，不会怪怪的。
2021-11-06 22:30:12,现在是特殊时期，昨天刚看完医生，那药店里买个药，结果买不了药，去医院，烦啊，幸好网上能买，十分感谢！
2021-11-02 13:42:43,此用户没有填写评论!
2021-09-22 10:15:26,不错！满意！
2021-11-11 11:12:06,买过很多次   轻微感冒  咽痛很管用。。
2021-11-12 19:04:04,好是好，现在这些什么凉茶什么东西都涨价了。
2021-11-01 14:01:00,每年秋冬都买点备用。
2021-11-09 10:11:45,正品，还没使用，备用！
2021-09-23 19:54:25,不错！正品！
2021-11-07 14:38:26,中国咖啡
2021-11-09 23:54:35,比别人卖的贵
2021-11-09 10:22:39,方便快捷，常备药。
2021-08-24 13:00:42,药品是正品，大家放心购买。我需要来预防感冒的。
2021-08-23 23:51:06,以备不时之需  不错活动的时候优惠。
2021-08-28 09:48:18,家中常备。只吃了两小包，感冒就好啦，谢谢
2021-10-16 17:11:22,此用户没有填写评论!
2021-08-20 17:01:53,东西不错，卖家也很风趣。下次还来～
2021-10-31 10:19:26,买着备用，要入冬了，板蓝根这东西应该不会是假的。
2021-10-30 17:28:18,还可以吧，比外面便宜点
2021-08-20 12:32:27,很好，快递很快，买点囤着备用
2021-08-10 17:46:04,快递挺快的，昨天下单，今天可到了
2021-08-24 14:00:05,复方效果就是好一些，活动很给力。
2021-08-20 15:01:38,应该是正品，已多次购买过！
2021-08-31 11:11:05,阿里大药房，方便，值得信任。
2021-08-13 18:49:16,效果很好，非常满意。
2021-11-03 00:05:39,还没用，买来备用的，看着挺好。
2021-08-11 12:24:29,非常好，就是比药店贵
2021-08-24 06:23:03,可以家庭必备品
2021-09-07 22:42:10,挺好的，和在药店买的一样
2021-08-26 08:14:29,家中常备药，很方便
2021-08-30 13:27:34,正好感冒用上了，日期新的。，一直用的牌子，没时间去药店，正好网上买了价格也优惠一些。
2021-08-23 01:27:07,货真价实物美价廉
2021-08-21 07:05:19,买来备用的，有备无患
2021-08-31 10:27:46,正品，效果好
2021-08-18 15:00:00,不错 很及时
2021-08-18 21:16:36,好喝  也有用
2021-08-25 13:15:56,家庭必备药
2021-03-20 14:00:49,此用户没有填写评论!
2021-08-15 20:36:25,感觉还可以
2021-11-01 18:15:13,希望用不上
2021-09-02 18:12:29,不错喜欢
2021-08-20 12:14:34,又快又放心
2021-08-23 08:23:13,非常不错非常不错
2021-08-17 07:37:55,物流和产品都不错，性价比高，赞赞赞??????
2021-08-11 15:21:41,备货的，小时候经常喝的备货的
2021-11-06 08:38:47,??11月了???? ?? ?????????????????????? ˙?˙
2021-08-14 21:44:42,很好，多次购买。
2021-09-01 11:22:56,三日达，闪电速度
2021-11-05 13:30:26,可以的，没过期
2021-11-04 17:30:30,不知道 感觉蛮好
2021-08-16 14:28:40,看着还可以，家里一直备着板蓝根，宝宝很容易上火，每天喝点不上火
2021-08-22 07:58:29,顺丰到家，满意，两天到货，赞??
2021-08-28 22:05:57,收到了，很棒棒
2021-09-08 21:28:58,药已经收到了，效果不错，物流也很快，服务态度也很好。
2021-09-03 14:53:36,好评，备用
2021-10-31 17:47:49,习惯好评收
2021-08-23 09:23:33,物流很快，很方便
2021-10-26 02:18:06,也不知道贵不贵，反正合适就买了，都是常用药，备着
2021-10-09 16:37:45,该商品只能说一般，日期21年2月？快一年了！原价溢价过剩！ 淘宝APP大促甚至非大促晚上系统都经常无法提交订单，导致大量用户红包过期！！高度怀疑恶意为之。 反馈小蜜各种找借口不承认，连问题本身都搞不清楚，等浪费用户很长时间后直接一句&ldquo;以活动页面为准，该方案为最终方案不会再变更&rdquo;?? 这就是路人眼中亲亲tb，蒙在鼓里被sha熟还能说官方好～
2021-10-22 18:40:22,隔天就到了，挺快的，还是挺不错的。
2021-08-29 12:22:24,感觉应该是正品，味道呢，也没有太大的出入
2021-04-14 14:11:59,此用户没有填写评论!
2021-10-25 09:47:56,很好，正版，就是发货太慢了，快递员服务态度很好，点赞！
2021-10-19 18:20:14,还好不错！！！！！！
2021-10-27 15:31:55,买来备用的
2021-10-19 12:06:38,快递太烦打几次电话都不知道地址在哪里真是很烦人
2021-10-20 23:13:29,防大数据习惯中评
2021-08-28 07:28:15,收到，挺好。
2021-08-02 18:57:53,家中常备
2021-10-26 12:54:43,物流太慢了，沉诺第二天到的，结果第二天才发货！
2021-10-25 16:32:12,看着还行，还没试
2021-07-28 08:56:03,包装很好，颜值不错，质量也没有问题
2021-10-26 12:52:18,太甜了点。
2021-08-07 13:09:39,好，全五分好评，祝生意兴隆，吉祥如意
2021-08-05 17:24:29,家居常备
2021-08-08 13:11:28,态度特别好，耐心解答我的问题，非常感谢
2021-08-06 22:44:53,关键是方便
2021-07-05 11:51:23,家里常备好药
2021-08-08 14:03:14,不错不错，买来备用
2021-08-02 17:01:26,疫情突变，买点再加以防万一
2021-08-05 19:16:03,全五分好评
2021-07-08 10:18:11,不错很好
2021-07-20 17:28:16,很好，网上买方便
2021-08-09 19:37:34,正品，值得信赖
2021-07-22 10:17:27,值得信赖
2021-10-07 18:42:41,板蓝根没什么好评价了吧
2021-10-11 22:58:48,冲着白云山的牌子买的
2021-09-23 16:13:10,没有发这么多货给我，我买了7件14包，到货只有11包
2021-09-25 18:25:52,拍了两袋复方板蓝根，发了一袋复方，一袋板蓝根，包装和明细没有了就这么留下了，希望发货能细心一点。
2021-06-23 15:37:09,比实体店优惠，正品，发货快
2021-10-11 20:54:40,生产日期不新鲜
2021-10-10 08:33:33,不错，正品。
2021-09-18 14:30:30,板蓝根请认准白云山复方
2021-10-09 18:41:06,物流很快，包装很好，客服态度好
2021-06-03 15:54:29,买来屯着的，日期不理想20年11月生产的有效期到22年10月。
2021-05-30 22:24:54,正品好货 日期最新 包装精美送到家 超开心(&cap;_&cap;) 闪电发货
2021-10-08 18:37:43,包装严实，物流很快
2021-06-04 18:44:02,非常方便，很好。
2021-06-05 10:49:02,不错，小孩子感冒喝个几天就好了，送的杯子也很喜欢
2021-06-11 21:38:44,挺好的，查一下是正品。日常备注药。
2021-06-22 23:11:00,如实描述 正品保障
2021-06-24 19:36:35,实惠好货
2021-06-30 19:48:36,好评，哈哈，是正品，还是白云山的板蓝根好一些
2021-06-17 20:59:33,很实惠的两大包
2021-05-31 21:54:34,和店里一样
2021-06-20 16:47:32,阿里的东西值得信赖，家里的药一直从阿里买
2021-09-15 14:04:21,虽然有点小贵，但是包装无可挑剔，还不错
2021-06-07 23:22:30,祛火，预防感冒必备品。
2021-06-21 00:04:35,家家常用，必须必备的药品
2021-05-30 20:26:33,好好好好好，主要懒得写评价。
2021-06-24 20:20:01,发货超级快
2021-06-18 10:32:59,绝对正品，值得信赖
2021-06-12 17:27:16,宝贝收到了，物流挺快的，有需要还会再来的
2021-06-02 12:48:06,不错，很快
2021-06-12 18:48:33,板蓝根颗粒好，服务和快递较女子。
2021-09-15 17:40:03,第一个差评！第一时间确认了改地址，最后没改，发错地址，只会一直叫我联系快递拒收！
2021-06-26 13:26:55,多次购买
2021-07-03 11:51:28,第二次购买
2021-09-22 20:34:53,没有999复方好。
2021-09-15 21:41:17,板蓝根还可以。
2021-05-28 11:05:44,信赖的品牌，购物体验非常好，方便快捷。
2021-08-31 19:14:20,疫情期间不敢有半点闪失。有点不舒服就赶紧吃点药顶回去。
2021-05-29 19:37:05,有条件的买点冬虫夏草，没条件的来点板蓝根。棒！
2021-09-06 22:26:17,日期是2月份的，不开心。
2021-08-28 09:24:59,卖家差评
2021-09-09 21:59:03,挺好的物流很快。
2021-08-24 17:34:43,还不错就是太贵了
2021-08-24 00:31:23,感冒的时候用得着，不错可以。。。
2021-08-21 19:38:30,还没有打开吃
2021-08-22 17:51:27,如图
2021-08-12 08:32:23,这个有点贵了，还好是凑单，能好点儿。
2021-08-18 09:11:14,物流从9号开始发货，到郑州到17号，物流有点慢！
2021-08-17 20:49:19,收到了，还没试。
2021-08-18 20:15:34,发货很快。
2021-04-03 15:22:04,此用户没有填写评论!
2021-08-01 20:13:20,买了很多次了。
2021-07-09 11:31:52,咽部不适，上火，喝点管用，复方的比普通的好用
2021-06-29 15:52:26,6.18活动日买的，价格优惠，就多买了一些囤着。
2021-06-23 10:16:20,日期不新鲜。
2021-06-23 10:16:21,日期太远了
2021-04-25 13:09:14,此用户没有填写评论!
2021-07-03 15:28:04,还没吃，看包装不错。
2021-06-27 21:33:22,物流太慢了  垃圾丹鸟
2021-05-19 19:40:13,此用户没有填写评论!
2021-11-21 07:37:52,挺好的，家庭必备
2021-11-21 10:44:29,实惠，便宜
2021-11-21 11:00:02,好
2021-11-21 16:11:55,不错
2021-11-15 13:29:26,比我以前买贵点，囤货，包装严实，物流给力，2021年3月生产的
2021-11-19 09:46:35,双十一买贵了，23一袋，，现在是16.8元，有优惠券，，还不让退货，，价格挺贵的，
2021-10-25 11:58:17,板蓝根2021年1月生产的，2022年12月到期，是不是有点过分了，时间已经过了一半了。
2021-10-22 22:30:49,16.8一包到手价
2021-06-22 07:21:13,东西是2021年2月份生产的！东西很不错！
2021-06-29 15:45:45,6.18活动日前一天买的，因为有看到赠品白云山专属水杯和水杯套。购买前还特意询问了它们家客服：这个赠品有没有，他们家客服说有的，我才下的订单然后付款。但在我付款后，客服立马给我发信息说没有这个赠品水杯的活动了。还好在我下单前后都拍了订单上显示的赠品信息内容的照片。但是发给客服他们也是不太理会，来回甩皮球，让我等等。一直没有做出准确答复。只能去12315对他们进行了投诉。之后他们家客服就主动来联系我说这个活动是有的，可以补发赠品的水杯了。耽误了1周左右才收到。虚假宣传真的很恶劣。做不起活动就不要做，做了活动还不履行义务就太恶心了
2021-09-29 17:52:24,趁着活动买的，比在药店里买要便宜点，换季时候必备的
2021-08-25 16:54:05,速度快，可信赖
2021-11-08 10:55:25,价格很实惠了，
2021-08-07 17:35:17,家中常备，非常奈斯。
2021-11-18 18:24:32,习惯好评，习惯好评，习惯好评，习惯好评
2021-09-24 13:56:18,屯了很多药，我觉得药是救命的，必须背着以防止。屯了很多药，我觉得药是救命的，必须背着以防止。
2020-05-16 07:52:57,常备家庭用药。爸妈小孩都需要。
2020-01-13 23:12:44,很好
2020-02-09 10:14:07,配送很快
2020-03-16 16:20:30,挺好的。
2020-03-02 18:27:06,好评，哈哈，是正品，还是白云山的板蓝根好一些
2020-02-28 16:55:54,下单至到货用时20天，疫情期间这快递速度也无敌了；都是日常用药，囤着有备无患！
2020-01-12 00:19:01,好
2019-12-01 14:39:18,不错，药的日期很新鲜，还送了一盒花茶
2020-03-12 12:55:56,可以
2020-01-05 17:32:16,大品牌值得信赖
2020-03-02 11:38:00,零星收到了，非常时期点赞，谢谢！
2020-02-22 14:50:09,试试再说吧
2020-04-03 15:16:20,价廉物美
2020-02-15 21:40:56,1月29号就发货、2月14日物流才动、2月15日送到，中间时间太长 并且也查不到物流信息，从重庆发货太慢，春运期间没有其它物流有效率，快递送货态度好！
2020-06-24 08:44:38,不错，正品
2020-02-16 20:28:36,宝贝很好，卖家服务很好，积极备货，特殊时期发货很快，有事随时通知联系，很感谢，有需要再来
2020-02-28 17:52:58,满意！
2020-02-28 08:50:55,收到货时间太长了
2019-12-28 16:23:19,很好
2020-02-26 21:51:11,很好，满意&hellip;特殊时期买点备用
2020-03-02 07:47:15,挺是方便的
2020-03-01 08:28:51,严实包装，方便，快捷
2020-02-24 12:33:36,好评。
2020-02-22 20:37:18,物流太慢了，
2020-01-13 19:27:08,又快又好！
2020-02-17 13:08:46,还是家里的那种味道  甜的  这边的药味比较重
2020-02-06 11:46:43,非常时期！备些预防感冒的良药！在阿里这买过多次药了，不用出门挺方便的！有需要再来！
2019-12-16 18:11:47,挺好的
2020-01-19 12:39:11,不错，信赖白云山
2020-02-13 17:31:29,谢谢及时送达，正好备货
2020-03-18 14:24:44,家中常备药，价格不贵，挺方便！
2020-03-06 10:52:04,可以的
2020-03-08 20:49:55,很好，发货非常快
2020-04-28 00:08:36,很好，赞赞赞赞赞赞赞赞
2020-04-17 06:23:50,hao
2019-11-29 13:40:43,复方板蓝根颗粒收到，清热解毒，好喝。
2019-12-01 17:56:07,不错，实惠，方便！
2020-03-10 18:17:40,绝对的正品，完全跟描述相符，价格比实体药店便宜，发货快，好评！
2020-03-13 21:13:54,正品药，在这个非常时期，送货上门的药太赞了！小药店都关了，又不敢去人多的大药店，所以网购药就解决了我的急需，全5分！
2020-03-12 19:34:58,买药方便 还会再来
2020-01-24 13:35:16,防流感备用。
2020-12-25 19:17:34,好吧。。。。。。。。。。。。。。。。。。。。。。。。。。。。。。。。&apos;。。。。。。。。。。。
2020-03-07 11:30:51,一天一包身体好
2020-05-17 20:08:39,好评五分感谢老板！
2020-08-05 11:27:16,终于收到我需要的宝贝了，东西很好，价美物廉 谢谢掌柜的！说实在，这是我淘宝购物来让我最满 意的一次购物。无论是掌柜的态度还是对物品，我 都非常满意的。掌柜态度很专业热情，有问必答， 回复也很快，我问了不少问题，他都不觉得烦，都会认真回答我，这点我向掌柜表示由衷的敬意，这 样的好掌柜可不多。再说宝贝，正是我需要的，收 到的时候包装完整，打开后让我惊喜的是，宝贝比 我想象中的还要好！不得不得竖起大拇指。下次需 要的时候我还会再来的，到时候麻烦掌柜给个优惠 哦
2020-04-09 17:17:52,可以。
2020-02-17 17:07:40,比药店实惠很多，还送货到家，相信阿里品质
2019-12-10 14:09:20,可以不错的
2020-03-18 06:50:59,疫情期间发货快，质量有保证，以后就在这里买了
2020-02-28 16:21:32,方便快捷，满意。
2020-03-26 14:06:47,物美价廉，确实可以的，好评值得拥有～买吧物美价廉，确实可以的，好评值得拥有～买吧物美价廉，确实可以的，好评值得拥有～买吧
2020-03-14 14:42:23,，？。！，？。！，？。！，！，
2020-03-12 17:35:07,地址送错，有点慢
2020-03-25 20:30:45,1。新冠肺炎具有高传染性和高病亡率；  2。无症状的携带病毒者也具有传染性；  3。在发病早期病人具有更高的传染性，因此需格外注意输入的病毒感染者；
2020-02-12 19:00:52,收到了。
2020-03-04 16:58:10,比药店便宜，不错
2019-12-13 10:22:54,一直在阿里买
2020-02-15 09:37:49,因为春节和疫情的关系，物流运输的时间长了很多，好在有惊无险地收到了。
2019-11-28 11:47:55,挺好的
2020-02-20 12:04:42,好评
2020-03-18 08:14:58,"不错吧。在网上购物时,能自己解决的问题都不找卖家咨询,尺寸大小色差自己研究页面搞定,买到东西后发现不合适通常直接申请七天无理由退货,系统自动处理，主要是觉得沟通太麻烦，除非东西有质量问题，或是发错货。从不理会店家的好评返现小纸条,买东西从来都是到期自动确认,基本不写评价,因为买的东西太多，成了评价困难户，每周都买一堆。衣柜已经塞不下了，看到喜欢的还会继续买，每次依然总是觉得还缺一件衣服穿，这是病态吗？要治吗？还是考虑换更大的房子拿一个房间当衣柜？哈哈哈哈哈??"
2019-12-28 09:56:25,不错。
2020-04-10 15:42:05,好，满意～
2020-03-05 12:18:53,好评，速度挺快的送货，a
2020-03-01 17:42:48,好
2019-12-01 13:08:35,必备必备
2020-01-17 13:12:21,发货很快挺好的需要再来买，多次购买了
2019-12-16 22:19:35,不错
2020-06-01 07:48:58,好评
2020-01-20 18:28:32,还可以
2020-02-24 09:21:07,备着吧，中式咖啡
2020-06-15 18:32:47,板蓝根家里一直常备药，效果明显！
2020-02-29 11:05:36,物流超快，弟二天就到了
2020-01-10 22:38:37,还没有打开，信任阿里药店
2020-02-27 19:28:56,备了两盒，不用去药店购买，比较方便
2020-06-22 15:05:20,就是速度有点慢
2020-06-22 15:22:41,阿里药房值得信赖，价格实惠，货真价实，家庭常备药，刚好赶上有优惠
2020-02-18 23:37:56,不得不说板蓝根还是白云山的好，以前在学校只有感冒什么的才会看到，现在放假了又发生疫情，备一些在家，复方的比普通的要甜，更浓，好像是专门针对感冒，所以贵一点可以理解
2020-02-16 13:11:15,很好
2020-03-25 16:24:42,发货很快，效率很高，不错的卖家
2020-03-14 09:47:53,生产批次和日期都很新！价格实惠，家中日常必备！
2019-12-29 10:37:08,已经是多次回购了。
2020-03-01 23:51:21,快递实在实在太慢了&hellip;&hellip;&hellip;&hellip;&hellip;&hellip;
2020-03-11 08:50:29,没有收到货啊
2019-11-23 07:58:08,买了好多次了，喉咙不舒服的来一包，还可以预防风热感冒。
2019-12-23 13:31:24,一直都在用
2020-03-20 15:23:00,便宜，很好。
2020-02-17 18:52:49,发货到收货合计18天
2020-02-23 01:14:25,手可热热尔福德特特福鼎婆婆你弟得瑟
2020-02-17 17:02:38,非常时期有备无患。
2020-06-04 20:56:06,正品，经常在这家店买药，比较靠谱
2020-02-26 22:31:45,百亿补贴买的，抢到了板蓝根颗粒挺开心的，本地药店都缺货了，买了五包还有其他药品，一个订单发了两个快递，最近刚收到很满意！
2020-03-10 19:25:55,白云山的确实比其他牌子好喝
2020-01-10 12:52:56,很好
2020-02-21 12:31:38,还没收到啊 不知道什么时候送货
2020-04-09 09:24:30,好评
2020-03-10 14:37:26,超级好，有阿里根本不用去
2020-05-06 19:57:04,好！好！好！不错！不错！不错！
2020-03-17 17:06:59,真好
2020-03-07 14:38:16,很满意
2020-02-27 16:13:20,很好，喜欢阿里大药房，一直都有购买，省的去药店了
2020-02-16 12:02:57,正品
2020-01-13 20:05:41,你好，阿里巴巴大药房，又优惠以后我都在他那里买。感谢马云。非常满意。
2020-03-22 14:02:52,不错哦
2020-10-01 15:59:25,好
2020-04-20 09:02:30,之前买的有水杯送，，现在木有了。。。
2020-02-26 17:58:40,很好！满意！
2020-02-13 16:58:34,在这非常的日子里，包裹收到了，当时当心东西会丢了，打开一样没少，表扬阿里大药房，谢谢你耐心的回答，还有送货的快递员，及时把货送到，也值得表扬，全五星
2020-03-24 11:36:20,点赞阿里大药房，点赞白云山板蓝根，领券购买更实惠！
2020-02-09 00:40:55,不小心点了签收，真郁闷
2020-03-06 12:55:41,此用户没有填写评论!
2020-03-01 19:13:12,质量非常好，与卖家的完全一致，非常满意真的很喜欢，完全超出期望值，发货速度非常快，包装非常仔细、严实，物流公司服务态度很好
2020-02-29 17:43:10,活动，超划算，合半价到手。
2019-12-19 12:43:17,收到啦！不错
2020-02-22 20:54:12,满意
2020-03-08 03:45:19,一如既往的好
2020-01-09 20:55:20,正品
2020-02-26 15:31:49,蛮好
2020-02-12 12:58:41,还可以
2020-02-26 20:40:12,中通物流，一顶一的慢
2020-07-09 10:16:56,方便快捷，比实体店便宜
2020-03-22 11:59:55,宝贝已经收到，我急不可耐的打开了，包装很好很结实，我费了很长时间才打开，让我眼前一亮，宝贝太漂亮了，和描述的一样，质量很好，颜色很正，样子我超级喜欢，非常满意的一次购物，喜欢喜欢喜欢，想买的亲们可以下手了，这个价格也很实惠，性价比很高，客服服务态度好，快递也很快，服务态度很好，总之非常满意的一次购物
2020-02-25 14:41:53,发货挺快的，包装完好，第一次在网上购买药品，扫码识别二维码，果然没让我失望????????
2020-02-12 22:40:07,实惠
2020-03-09 12:30:21,此用户没有填写评论!
2020-04-02 21:57:45,疫情期间多亏了有阿里药房，不能外出买的，不敢出门的都在这里实现，囤了好多货，希望疫情快点过去，希望不用囤药的日子快点到来
2020-06-04 19:18:48,喝着还可以，当凉茶喝，复方的比普通的要好，后面继续关注
2020-02-16 16:54:00,非常好
2020-06-20 18:35:31,发货很快
2020-02-27 23:29:59,买了很多常用药，都是正品，比药店便宜，疫情严重怕娃儿感冒什么的，，去医院不放心，自己备着好一点
2020-07-02 14:30:19,还行 不错 可以 挺好的 还行 不错 可以 挺好的
2020-03-08 17:02:19,好的好的好的好的好的好的好的好的好的好的好的好的好的好的好的好的好的好的好的好的好的
2020-03-17 10:29:40,此用户没有填写评论!
2020-10-24 19:55:26,宝贝很不错！
2020-09-13 11:57:45,此用户没有填写评论!
2020-01-08 07:50:05,好
2020-03-22 20:03:16,棒棒哒！
2020-02-25 20:11:41,阿里太给力了 关键时期也能买到这些
2020-01-05 20:15:18,家里常备药，发货速度很快
2020-03-18 21:35:43,买完第二天就到了，相当快啊，不用出门还不担心不是正品，很棒。价格也和比药店便宜一些，还不用被药店狂轰滥炸的推销，想买什么药就买什么，很好。买完第二天就到了，相当快啊，不用出门还不担心不是正品，很棒。价格也和比药店便宜一些，还不用被药店狂轰滥炸的推销，想买什么药就买什么，很好。
2020-03-04 09:37:10,真垃圾
2020-02-13 20:42:42,疫情期间发货最快的商品，谢谢阿里健康！
2020-09-23 09:28:29,上火很有效
2020-12-13 23:38:31,发货快，而且很划算
2020-02-08 14:39:34,买了好几盒999感冒颗粒和复方板蓝根，在家里预备着，我家楼下所有药房这两种药都售罄了。希望疫情赶快过去，山河无恙，国泰民安。所有的最美逆行者们凯旋而归，加油，我的祖国。
2020-06-06 10:00:48,家庭备货
2020-05-07 18:19:33,习惯好评
2020-03-31 17:49:13,不错的购物体验，网上囤着些家庭必备的药品，确实方便！
2020-05-05 11:13:51,买来备着的，很大一包
2020-03-19 17:05:41,妈妈说要买的
2020-02-29 15:49:20,可以
2020-01-11 18:10:39,好
2020-03-03 20:41:16,做预防用的。
2020-05-08 18:06:13,包装是坏的
2020-03-02 17:27:02,发货速度快  药品日期新 购买放心 发货速度快  药品日期新 购买放心 发货速度快  药品日期新 购买放心 发货速度快  药品日期新 购买放心 发货速度快  药品日期新 购买放心 发货速度快  药品日期新 购买放心发货速度快  药品日期新 购买放心发货速度快  药品日期新 购买放心
2020-03-10 23:44:57,没有收到货，不知道疫情耽搁这么久。已经等不及在药店购买
2020-02-28 18:51:57,非常时期速度这么快值得表扬
2020-02-28 20:53:55,买了好多次，价格优惠，清热解毒好
2020-09-15 10:25:45,不错，还可以！
2020-02-12 18:43:06,因为盒子写着阿里大药房，又大又轻，估计大家都以为是口罩，我拿到的时候盒子已经被拆开过了??也不一定是快递环节，也有可能是门卫&hellip;&hellip;
2020-05-03 00:44:59,一样的药比实体店划算，值得购买
2020-03-13 00:56:52,在疫情特殊时期，阿里药店解决了千家万户的普通感冒就医问题 出去药店买药根本买不到，还各登录App。医院更是不能去了。 给阿里点赞
2020-02-24 19:46:22,可以
2020-03-27 14:16:51,好评
2020-03-20 16:57:27,还不错
2020-02-26 09:31:43,挺好的，爸妈喜欢
2020-03-03 09:24:54,春节疫情期间能以这个价格买到并且正常发货，非常满足了。
2020-02-25 10:27:25,医院前段时间没买着 急得在网上买来备用 家里得时时备点预防感冒的药 毕竟我一个哺乳妈妈真要是感冒了也只能喝板蓝根了哈哈哈哈哈哈哈哈哈哈哈哈哈哈哈哈哈哈哈哈哈哈哈哈哈哈哈哈哈哈哈哈哈哈哈哈哈哈哈哈哈哈哈哈哈哈哈哈哈哈哈哈哈哈哈哈哈哈哈哈哈哈哈哈哈哈哈哈哈哈哈哈哈哈哈哈哈哈哈哈哈哈哈哈哈哈哈哈哈哈哈哈哈哈哈哈哈
2020-03-15 15:36:23,由于疫情没买成 退款成功
2020-03-03 19:31:41,物流快，当茶喝预防吧
2020-09-04 10:49:17,好
2020-02-27 23:22:53,很快
2020-10-26 14:13:12,还好下手快，一直用这个牌子
2020-02-05 11:42:12,感谢及时配送，大爱。
2020-07-09 06:16:02,跟实体店一样的，价格实惠
2020-03-02 19:40:40,好
2020-02-19 15:24:36,被分了2个快递，这个板蓝根是一个的快递，疫情期间快递慢是可以理解的，但是明明可以送到家，另一个快递都送到门了，为什么就你没送到家，我还带了口罩开车出去取，现在口罩多珍贵呀！
2020-05-20 12:50:19,正品，帮同事代购的
2020-03-05 23:04:20,电话姓名自己 广东省深圳市龙华区观澜松元观中路370号易顺达电商物流园KS  破盾地址： ??广?东?省?深?圳?市?龙?华?区??观澜?松?元???观?中???路???3?7?0?号???易?顺?达?电?商?物?流?园?K?S??  ┭廣鯟偗sんのn圳市龍嘩區觀&iota;&alpha;n凇え觀?璐㈢㈦0號易順達電商惣瑬薗KS_/~↘  ɡ&upsilon;аnɡ東省堔圳市嚨澕區觀瀾sōnɡえ觀衶簬з七0號昜sん&upsilon;n達電商惣&zeta;&iota;&upsilon;園ＫS㎏
2020-03-10 14:48:36,此用户没有填写评论!
2020-06-14 09:11:02,阿里健康药房放心。
2020-07-15 09:35:11,发货速度很快，次日就到了。
2020-03-02 16:51:14,邮了一个月，终于收到货了????
2020-03-08 09:05:55,预防感冒用的，希望能起到预防效果，反正吃完了没啥感觉，习惯好评??
2020-04-16 13:23:48,挺好，包装好，原厂。
2020-10-08 08:50:31,很好
2020-03-07 11:33:45,挺好的。
2020-03-13 20:36:42,预防感冒！
2020-09-10 11:37:01,可以可以
2020-05-23 12:06:16,好
2020-11-15 20:37:11,好评
2020-04-24 13:38:21,好评，方便！
2020-03-12 09:53:58,好评
2020-04-24 22:32:50,??
2020-10-12 17:21:22,东西已收到，一直忙着没评价，第一次在网上买药，感觉东西可以是正品，还是信赖阿里大药房的东西毕竟是官方平台靠谱的。药品感觉还是正规店铺宝贝可以别的不敢信啊。很不错的购物体验，会一直支持淘宝的。还有谢谢快递小哥了
2020-03-01 11:59:00,好
2019-12-11 10:05:35,价格实惠，双十一拼单抢购的
2020-07-29 14:23:24,还没用
2020-03-23 18:40:42,已习惯在阿里药店买东西了
2020-03-23 18:53:15,正品，价格合理，比药店好得多，今天刚收到，马上就来好评。
2020-02-23 17:29:01,买了放家里备用的，阿里大药房就是速度快，疫情人心惶惶的，祝卖家生意兴隆！
2020-02-15 09:30:00,好
2020-02-24 10:42:46,满意
2020-02-26 21:22:25,不错
2020-02-15 07:48:17,还不错，便宜量大，这次赶上了疫情，发货有点慢，能理解，就是客服有点呆
2020-03-01 23:12:29,很好
2020-08-11 23:47:13,货收到喝了一杯。味道很甜。像喝竹蔗茅根精一樣甜。價格比香港平宜一半。
2020-05-15 11:24:01,比普通的板蓝根价格高些，但是效果好，一直买这个牌子的
2020-04-07 11:25:19,此用户没有填写评论!
2020-10-27 11:11:37,发货挺快的
2020-03-03 22:10:35,好评！6
2019-11-22 19:24:53,双十一期间也是很快就收到货了，做活动价格买的很优惠，生产日期很新鲜，给个好评！
2020-04-27 18:19:34,多次购买，家居必备。
2020-10-12 08:56:38,成年人最体面的告别方式就是，是我最后一条消息你没有回，而我，也默契的没有再发，于是从此，我们江湖不再相见&hellip;&hellip;
2020-10-10 18:20:43,好吧
2020-05-11 08:37:18,哈哈哈哈哈，宝贝收到了，没想到啊物流超快两天左右就到了，朋友推荐的店铺，拿回来就已经迫不及待拆开。宝贝性价比很高   果然是没有失望简直就是物超所值！客服也很好，很有耐心的讲解，非常客气，下次还会回购的，喜欢的亲亲，赶紧下手吧！真的是诚心推荐，哈哈哈哈哈
2020-03-13 19:31:42,和药店买的不一样，味道也不一样，感觉好可怕。
2020-10-07 18:31:46,快递员不送货！
2020-11-20 20:38:06,习惯好评
2020-02-24 00:12:52,一次性买了不少东西，有一个包裹到的还是快的，另一个就受到疫情影响，今天才收到，而且盒子破了一个大洞，东西应该没少，我们这里今天快递才正常送货，所以也表示理解，东西很好，物美价廉！！！
2020-11-25 13:40:31,此用户没有填写评论!
2020-03-24 12:39:44,货已收到，
2020-05-19 08:52:09,发货迅速，第二天就到了
2020-09-14 22:23:27,很好，今年的新货，比西安本地的生产日期新多了。从网上买很便宜，发货快，下单第三天就寄到了。
2020-12-27 20:11:09,货真价实，满意！再优惠点就好了
2020-08-11 11:28:46,物流很快，买着放家里备着
2020-03-17 12:34:45,此用户没有填写评论!
2020-05-20 07:10:26,可以
2020-12-20 22:58:28,很实惠，比药店便宜多了
2020-12-12 12:53:37,好评好评习惯了好评
2020-03-05 07:46:44,宝贝方便，实惠，可靠，我很喜欢
2020-03-07 22:59:49,很好哦，和老妈买的那个一样，现在特殊情况药店里都没有了，这里可以买到。防感冒用的。
2020-04-26 12:25:03,好
2020-10-10 12:42:39,跟药店里买的是一样的，网购会便宜一点，品质放心，还会光顾！.^?^.
2020-03-22 18:46:21,一如既往的正品，而且也不贵
2020-01-30 09:46:17,东西收到了，快递比较快，包裹没有破损，好评。
2020-11-19 20:49:09,信赖阿里大药房
2020-02-17 08:58:24,OK！
2020-12-07 09:54:22,好！
2020-01-06 21:50:27,全5分
2019-12-17 15:28:28,还行吧，比店里的稍微便宜一点
2020-07-25 00:40:08,这个宝贝是备用的  主要是夏天吗老容易上火感冒   这个去火感冒都可以用买来备着
2020-09-24 16:54:10,好评
2020-02-23 02:13:02,看门口的
2021-01-04 10:18:58,物美价廉，物有所值
2020-10-12 20:11:48,回购好多回了，正品，价格便宜，比实体店优惠很多，包装很好，还会回购，推荐购买。
2020-12-30 17:32:29,收到了，卖家发货挺快的，是正品，价钱实惠，快递给力，值得购买
2020-02-05 13:35:11,辛苦快递小哥哥特殊时期还给快速送货了，感谢药师们细心耐心的解答
2020-11-21 20:46:27,挺好的
2020-10-08 14:20:03,感谢店家的生日祝福 希望店家越来越好
2020-02-14 15:39:22,物流慢慢，非常时期，理解万岁！
2020-06-07 12:10:04,买过好几次了还不错吧，比药店里优惠
2020-03-18 21:06:49,不错，满意。
2021-01-12 15:25:44,此用户没有填写评论!
2020-03-04 15:58:24,好评好评！
2020-02-18 14:58:16,好
2020-11-16 08:09:57,好
2021-01-06 20:47:02,好喝
2021-01-05 17:41:37,卖家服务真周到。以后带同事一起来。
2020-10-09 15:23:28,比药店便宜十几块钱
2020-10-12 18:29:40,不错不错，虽然快递一般般。
2020-09-06 21:35:37,还行，就是日期不是很近。
2020-12-10 12:19:15,效果和实体店买的一样，就是价钱贵一倍多。物流也很快
2021-01-10 16:31:47,药品齐全，很方便的
2020-02-11 16:28:43,物流好慢。
2020-02-11 22:31:26,店主很不错、按时发了、谢谢店家
2020-08-27 21:47:04,价格优惠，方便快捷，挺好的
2020-11-02 08:24:00,好
2020-02-19 03:16:24,好评(o^^o)！
2020-11-01 21:03:56,五星好评！
2020-12-20 15:57:27,好
2021-02-27 08:33:46,好
2020-12-04 11:00:00,正品
2020-11-04 18:58:26,方便，快捷，比实体店还便宜??????
2020-03-24 08:44:43,好
2020-08-03 08:27:39,OK
2020-11-19 13:06:09,好好好
2020-12-31 21:43:17,下午下的单第二下午就到了，物流很快。客服态度也很好，喜欢。这是正品，看到拼多多才十几块钱不敢买，因为比这便宜一半。还是在阿里健康买放心。喝了四天有效果，喉咙不舒服，有痰，流鼻涕这些症况。想买的可以仅供参考！
2020-11-01 20:06:51,还好
2020-10-16 21:20:57,发货挺快的，第一天买，第二天就收到了。已经来买过很多次了，前两次活动比这次便宜些。
2020-02-24 09:15:17,还可以
2020-01-01 22:22:29,第二次来了 替人买的 很好的
2020-06-29 14:57:35,挺好的
2021-01-27 21:14:25,阿里的货及服务都是一流的。
2020-09-26 19:20:48,此用户没有填写评论!
2020-03-29 21:57:44,疫情期间，足不出户，就可以买到药。 很感谢快递小哥。
2021-04-04 15:12:14,真的很快第二就收到了
2020-12-22 15:37:33,好评
2020-03-04 07:03:03,备用，先给好评
2021-01-07 15:39:31,效果可以
2020-10-13 17:57:27,好(?▽?)
2020-12-19 16:11:23,家庭常备药品，有个头疼脑热的小问题可以及时服务，不耽误事。冬季在疫情期间还是要多注意点
2020-04-02 13:48:35,日期有点久了
2020-12-12 20:42:54,配送极快，是正品????
2020-12-10 09:59:37,买些备在家里预防感冒用，一直喝这个牌子，还不错。
2021-04-10 09:58:05,真的很喜欢，完全超出期望值，发货速度非常快，包装非常仔细、严实，运送速度很快，很满意的一次购物
2020-11-01 17:27:33,出货速度很快
2021-01-05 20:10:59,家庭必备
2020-08-18 12:44:53,包装完好无损，回购囤货中，一直都在阿里健康买药品，质量有保障，价廉物美，物有所值。
2021-01-26 18:32:09,此用户没有填写评论!
2020-03-03 10:51:16,买了很多常用药，都是正品，比药店便宜，疫情严重怕娃儿感冒什么的，，去医院不放心，自己备着好一点
2021-03-17 16:50:38,针不戳
2020-09-11 16:36:07,挺好，我感冒喝这个很有用
2020-01-07 17:20:00,好
2021-01-11 20:39:23,"很好，这个产品无论是外形还是质量肯定都是仙女喜欢的，如果不喜欢仙女收到东西会很生气, 然后这个就是变成仙女喋喋不休的抱怨书， 自然不可能撒下这个好评。这里写下，也给各位网友一个参考，这件商品还是值得购买的。来自一个只爱购物不爱写评语却想换积分的小仙女。"
2020-03-27 16:06:00,挺不错
2020-10-30 16:33:32,一如既往的好。
2021-04-23 14:06:52,公司常备药都在此购买，速度快，种类全。
2020-02-22 03:38:21,屯货备用
2020-05-13 13:43:06,日常下火必备
2020-09-13 19:36:40,此用户没有填写评论!
2021-05-04 12:54:08,囤着
2020-11-24 18:07:00,很好，是正品，发货速度也非常快，喝了效果很好，非常满意，用完了下次还会再来的。
2020-04-24 14:49:24,不错优惠！
2020-12-15 09:51:00,甜甜的味道很好，风热感冒有效果
2020-10-10 23:02:11,不错
2021-01-01 22:25:57,满意
2020-02-20 22:37:51,真的。。。。。我超级无语。物流卡在一个地方超级久。买个东西从寄出到我收到。快半个月。都可以从国外寄回来了。受不了！！！
2021-04-04 20:06:34,非常好，普通感冒初期用复方能止住。
2020-11-09 10:11:23,此用户没有填写评论!
2020-06-17 22:22:04,正品 便宜实惠发货快 好评
2021-05-03 20:41:05,信任   正品
2020-02-13 20:23:05,好
2020-11-09 15:53:55,好，用的放心
2020-08-12 11:27:30,好，方便实惠。
2020-09-26 13:00:57,价格是真的贵，效果是真的好
2020-09-28 16:06:34,第二次买了   棒
2020-12-16 20:11:57,好的
2020-03-09 13:32:52,好
2021-01-21 12:57:47,比较大牌的板蓝根，囤货，备点，以防不时之需，疫情期间，安全第一
2020-12-25 21:30:54,很好，是真的可以码上验真。
2021-04-06 13:26:52,还可以
2020-12-30 11:10:23,好评
2020-11-19 18:21:03,宝贝收到了，质量很不错，包装精致，材质优秀，比想象中好，送礼自用非常合适，下次继续购买
2021-04-26 22:29:09,可以
2021-03-29 08:44:21,正版，很好，就是比药店贵很多！
2020-12-29 11:25:05,掌柜态度很专业热情，有问必答，回复也很快，我问了不少问题，他都不觉得烦，都会认真回答我，这点我向掌柜表示由衷的敬意，这样的好掌柜可不多。再说宝贝，正是我需要的，收到的时候包装完整，打开后让我惊喜的是，宝贝比我想象中的还要好！不得不得竖起大拇指。
2020-10-04 22:00:49,买来备着
2020-07-06 12:26:54,不错??，实惠呀，发货速度快
2021-01-31 15:05:37,此用户没有填写评论!
2020-12-19 10:33:58,有一包袋子开了一个口
2020-10-04 10:58:27,已经回购很多次了
2020-11-06 14:26:27,好
2020-06-04 18:40:17,还不错正品
2021-01-03 07:38:45,很满意
2020-06-18 23:02:31,白云区是老牌子，效果会好很多，平时也可以预防，对身体无害，感冒，下火都可以，家里必备一包
2020-02-27 18:59:50,还行
2020-08-26 12:42:28,大品牌值得信赖
2020-10-28 14:42:49,质量很好
2020-12-25 20:35:18,买了两包，喝了快一包，有效！
2020-08-28 11:20:46,多次购买，发货迅速
2020-04-02 16:50:18,很好价格不错！
2020-10-13 22:04:18,很棒，客服物流都没毛病跟我在实体店买的一模一样！还是一样的好用，开心非常好，宝贝很高大上，质量很好，看上去就给人一种高级感，价格也合适，这次网购很愉快，大赞整体来说还是很不错的，店家服务态度很好，而且质量也很好，没有异味?已经多次购买了，家庭必备，购买价格实惠，送货速度很快，包装也很精美质量非常好，客服态度非常非常赞，有问题及时给解决了每一次都很满意，这次选的宝贝更加满意，以后还会一如既往地买下去正品，买的放心，价钱也公道，满意！收到后打开看了，材质很好，挺厚实，用起来特别用质感东西不错，还有优惠，可以放心省钱购买，不要犹豫了这个是真的好，材料和做工都特别精致，做工真的非常棒，我觉着我可以推荐给我朋友买宝贝物超所值，很喜欢，下次还会来的
2020-06-14 21:24:08,白云山板蓝根颗粒很不错
2020-12-02 20:01:54,要买风湿膏，凑单选了这个，板蓝根夏桑菊都是家庭常备，白云山的牌子也经常买，独立包装很方便，平时时不时冲一冲，下下火。
2020-10-17 16:32:09,屯一包
2021-01-22 11:23:37,味道可，复方的就是不一样。
2021-01-03 22:38:48,太甜了
2020-05-26 16:02:08,还可以，每年这时候都会喝
2020-09-23 14:22:56,挺好
2020-02-22 11:46:35,年前买的，那时候疫情刚爆发，现在疫情都快过去了才寄到，有毛线用啊。明明石家庄发不出来货，还非要给我搞个已发货，然后一直在石家庄仓库出不来，这样别人想退货就退不了了，哈哈，高明。
2021-04-17 14:20:46,阿里药房药品保真，非常满意
2020-04-30 13:45:06,东西收到了，物流也很快，谢谢老板
2020-06-29 11:07:33,阿里健康，挺值得信赖的，基本现在很多药都可以买到，方便又放心
2021-01-27 20:37:03,??是正品，跟商店里买的是一样的，在这网购方便快捷，品质放心，还会光顾！.^?^.我已经扫码溯源了。比实体店便宜棒棒棒棒棒棒棒棒棒棒棒棒棒棒棒
2020-12-21 11:00:38,以前都买普通的板蓝根颗粒，第一次喝被味道惊到，不习惯这个味道，但预防感冒又没办法。
2021-01-26 20:24:32,可以
2020-10-07 05:22:23,记录胡歌后宫吼吼吼嘻嘻冥冥之中婆婆破工作人员破公之于众诉讼时效我这星期
2020-09-13 17:35:24,多次购买了，十分的好，实惠的很哦
2020-12-21 11:27:14,给爸爸妈妈买的，买多了，也不能退
2020-10-14 08:05:00,正品
2021-01-11 18:50:27,不错
2020-08-25 09:33:14,很好
2020-12-15 21:17:29,无病无灾长长久久。擦擦擦啦啦啦啦。
2021-04-08 21:24:02,非常好质量有保证。
2020-03-17 19:36:00,一次把家常备药买了，物流很快，快递小哥也很赞
2020-12-14 19:49:59,好评
2021-03-13 12:19:33,希望有更多的活动优惠。
2021-01-31 22:11:19,大品牌、值得信赖，复方两个字是板蓝根里面的王者。
2020-12-17 08:37:37,次日达，很棒
2020-10-12 11:06:48,好评
2020-11-17 08:26:33,可以可以，物美价廉。
2020-06-27 10:54:16,正品，多次购买
2020-12-14 13:14:35,很优惠。
2021-04-14 22:11:20,很好
2020-12-17 14:15:03,家中常备   回购
2021-01-16 10:34:40,石家庄已经断货了，挺好，线上居然有一下买了不少
2021-04-11 14:40:05,好好好
2020-12-26 17:17:06,非常棒，，，，，，，，非常好
2020-12-23 15:58:06,蛮好的
2021-04-12 21:21:58,好
2020-12-15 21:36:01,很好
2021-01-06 16:27:47,备用
2021-05-12 10:28:46,不错
2021-01-29 17:50:42,因为圆通快递，我只能给你这个评价。
2021-04-07 11:36:13,很好
2020-12-13 00:04:57,好，物美价廉，买。
2021-04-25 22:07:22,价格很实惠，性价比很高，算是平价好物，会回购的
2020-12-13 12:11:20,物美价廉，品质如一
2021-01-20 14:36:36,家中常备
2020-02-22 21:37:24,很赞
2021-01-08 21:13:59,信任
2021-04-21 12:22:45,好，不错
2020-02-14 22:17:50,家庭备用药，降火用，赶上新冠肺炎，药店都没货了，在这购买还更便宜
2021-03-10 13:14:35,上火就喝一包。
2021-10-08 18:31:18,物美价廉，物流给力，值得回购很满意??，做工很好，物流快，客服很棒，点赞
2021-01-08 17:07:14,好评！
2020-12-31 13:21:20,囤货
2021-03-21 10:26:05,好
2020-11-19 13:51:29,OK
2021-05-01 21:27:46,好
2020-12-27 11:08:14,一次买了2包，还不错。习惯给不错。日常必备的。
2021-06-17 19:13:55,居家必备
2021-06-24 13:41:28,品质一级棒，包装也不错，物流很快，而且价格合理，很实惠，很喜欢
2021-08-28 17:48:51,此用户没有填写评论!
2021-10-22 01:01:52,??宝贝收到了，很惊喜?，设计合理，时尚大方，继续关注，以后会回购的???
2021-06-21 23:03:23,几乎所有的药品都是在这里买，药品实在无假货，我之所以这样说，道理是进入阿里健康大药房的几年中，买的药品治愈了很多人包括中年和老年的前列腺和贫血病，轻微感冒就不说了，总之在这里买到实在，买到开心，买到好药！
2020-12-28 12:44:32,不错哈
2021-10-30 18:18:54,物流很快，不错
2021-11-09 13:42:01,趁着活动入手划算，发货快，包装得好，非常不错，全新体验，赞赞赞！
2021-10-20 12:02:57,此用户没有填写评论!
2021-10-06 12:36:10,此用户没有填写评论!
2021-05-22 21:18:51,"质量非常好，与卖家描述的完全一致，非常满意,真的很喜欢，完全超出期望值，发货速度非常快，包装非常仔细、严实，物流公司服务态度很好，运送速度很快，很满意的一次购物"
2021-10-22 01:02:39,在这里选购安全方便快捷??，快递小哥态度非常好，这个价格非常给力??，十分推荐，会继续回购
2021-01-10 22:15:52,不错，价格实惠，正品吧
2021-10-09 11:28:30,是正品很好用，价格便宜了很多，性价比超高，真的特别划算，包装也很高端大气上档次，值得购买
2020-01-05 18:38:09,一箱药，屯着。希望过期也用不上
2021-09-08 17:14:30,物流很快，??产品很快就收到了，比想象中还好，不错不错！希望能耐用
2020-02-28 20:06:20,可以
2021-09-20 08:55:50,是正品，信赖商家，宝贝质感很好，价格也适中，无限回购！
2021-09-05 09:00:54,质量很好，收到货第一时间打开看了，很不错，很满意
2021-09-16 17:21:43,价格实惠
2021-10-07 10:03:34,一到换季，就抵抗力就变弱，有备无患，挺好的，是正品，做工精美，物超所值，美美哒。完美！
2021-09-15 18:18:22,此用户没有填写评论!
2021-11-17 10:27:55,价格实惠
2019-12-28 21:06:24,好。
2020-02-22 03:24:30,很好??
2020-05-09 10:32:26,阿里健康，挺值得信赖的，基本现在很多药都可以买到，方便又放心，还能咨询病症状然后提供药，很不错。、
2021-09-26 15:42:10,家里常备药品了，大品牌值得信赖。
2020-01-16 18:43:16,不错不错！
2020-02-29 12:05:20,好
2020-02-24 19:17:31,发图给他
2020-02-22 11:31:01,非常好！
2020-03-15 00:12:13,"药效挺好的,品牌产品,服用放心,物流服务好,挺满意的"
2019-12-14 18:53:20,近期都很少见快递派件了，全都一声不坑就往菜鸟驿站里放，只有驿站发的取件通知。双12快递挤一块了，单圆通就两件一起也不派件，大箱小箱搬起来很郁闷，今天圆通还好意思发短信说送到&ldquo;府邸&rdquo;要5星好评！去年有个大件圆通的死活不派件，拖了十几天最后给了20块才肯送。
2020-03-08 10:09:38,好评
2020-02-12 17:23:30,物流快质量不错服务好
2020-03-19 19:19:26,收到了
2020-03-08 20:43:35,比药店便宜
2020-03-14 12:19:23,可以的，药店很贵
2021-11-17 20:55:30,此用户没有填写评论!
2021-10-23 23:15:01,质量很好，收到货第一时间打开看了，很不错，很满意
2020-01-11 10:07:28,还没有用，以防万一
2020-03-16 14:08:59,已收到，不错不错。
2019-12-18 14:55:05,好好好好好好好好好好好好好好好
2020-01-13 07:57:39,很好，本来是买来备用的，但是刚收到货没两天，娃就感冒了，刚好派上用场，真的是及时雨呀，经常在她们家买各种药??，价格也不贵，遇上搞活动就更加的便宜，阿里健康～～～值得信赖的
2020-08-25 20:42:34,快递很赞
2020-03-27 18:12:41,云南白药牙膏牙刷头像你在家办公桌了啊啊啊啊啊啊啊
2020-03-02 18:00:20,非常好
2020-03-08 21:37:29,发货速度挺快的，在这个非常时期，真是不易，谢谢店家
2020-02-28 00:35:41,速度很快，非常方便
2020-03-08 18:44:17,好
2020-04-26 20:53:08,在四川，就靠这个支撑，整个夏季了
2020-02-14 13:50:28,很好
2020-06-03 13:17:28,多次购买了，值得信赖！
2020-02-25 20:22:37,药店断货了 收到跟店里一样，日期是19.6的，还算可以吧，一年四季家庭常备药
2019-11-26 10:52:35,很好
2019-11-27 12:06:43,快递快，网上买药也是那么的方便。相信阿里。
2021-08-19 20:20:05,好
2020-01-25 17:14:50,东西不错，就是 19年6月的 买来预防
2020-02-12 13:45:46,备用的
2020-02-08 15:02:53,这确实好，我喉咙有点痛，然后冲了两包喝就好了，确实不错哦，挺好的哦，好甜，就是太甜了
2020-03-17 12:37:30,复方的在药店都是20多一包，这里买都可以买到两包，真心方便又实惠，发货快，感谢。
2020-05-18 19:47:45,好评
2019-12-28 10:47:50,好评
2020-04-15 20:09:03,物流超级快，中山，昨天买今天下午四点过就到了，从来没有快递这么快
2020-07-24 07:23:26,可以
2020-01-14 09:47:10,药效不错
2020-02-03 18:16:05,很好，是正品，可以验货，发货物流都很快。
2020-03-24 12:12:59,好 嗓子有点咳  喝了一天就好了
2020-03-26 11:17:24,疫情期间很及时！
2020-03-04 14:54:50,疫情期间，备用。
2020-03-01 12:28:11,实际收到的货是分厂亳州生产的，建议慎拍，不知道药效有没有用
2021-04-05 19:49:13,很好
2020-02-25 14:56:18,正品，家庭常备用药。
2020-07-11 10:32:07,好评！
2020-09-04 11:37:20,挺好，相信白云山这个牌子。
2020-03-25 22:34:51,不错不错不错不错不错不错不错不错不错不错不错不错不错不错不错不错不错不错不错不错不错不错不错不错不错不错不错不错不错不错不错不错不错不错不错不错不错不错不错不错不错不错不错不错不错不错不错不错不错不错不错不错不错不错不错不错不错不错不错不错不错不错不错不错不错不错不错不错不错不错不错不错不错不错不错不错不错不错不错不错不错不错不错不错不错不错不错不错不错不错不错不错不错不错不错不错不错不错不错不错不错不错不错不错不错不错不错不错不错不错不错不错不错不错不错不错不错不错不错不错不错不错不错不错不错不错不错不错不错不错不错不错不错不错不错不错不错不错不错不错不错不错不错不错不错不错不错不错不错不错不错不错不错不错不错不错不错不错不错不错不错不错不错不错不错不错不错不错不错不错不错不错不错不错不错不错不错不错不错不错不错不错不错不错不错不错不错不错不错不错不错不错不错不错不错不错不错不错不错不错不错不错不错不错不错不错不错不错不错不错不错不错不错不错不错不错
2020-03-25 01:09:10,非常时期需要备一些，很方便。
2019-12-31 14:57:23,已经是第二次买了，发货非常快，第一天买的，第二天早上就收到了，而且还是物廉价美的，会继续关注的。
2020-01-21 20:17:59,和药店买的一样
2020-01-23 20:08:28,太甜了
2020-03-16 12:52:33,不错
2020-10-05 12:09:05,挺好
2020-06-06 07:50:20,不错
2021-09-18 21:23:39,挺好，挺满意的，发货速度快，价格实惠，值得购买。
2020-05-19 13:34:20,家里常备药都在这里买，方便。
2020-09-13 13:02:53,好评
2020-04-23 11:24:03,大品牌，疗效好，囤货。
2020-11-03 09:40:31,很好
2020-02-25 14:56:46,没想法这么快就收到货了，满意，一直在阿里家买药，价格便宜，快递速度快，买药方便。
2020-08-15 14:21:13,有备无患。
2020-07-30 09:28:34,非常好！！！！！！！！！！！！！
2020-03-03 19:49:57,很便宜，应该是正品，第一次网上买药
2019-12-06 16:56:32,感冒了，喝这玩意真的舒服??
2020-03-12 16:48:56,和医院，药房买的一样，价格还优惠。
2020-02-14 15:39:22,物流慢慢，非常时期，理解万岁！
2020-03-07 00:36:20,看错了！也买错了！算了留着了！
2020-06-06 07:12:47,正品
2020-12-16 08:29:20,1
2020-02-14 08:55:07,好
2021-01-04 17:44:21,很好
2020-05-24 17:14:07,很好
2020-02-18 12:55:32,好
2020-02-19 08:53:27,总于到了，不容易。
2020-03-01 11:06:36,不错哦！赞
2020-03-27 10:50:01,好评
2020-07-13 11:54:31,发货快
2020-04-06 01:05:53,速度快 方便
2020-10-22 20:29:14,以前感冒都吃泰诺，副作用挺大。第一次吃这个，没想到见效还是比较快的。所以一包吃完了再买的。
2020-03-12 17:52:22,好评。
2020-03-07 08:31:43,不错，老妈要的，她说不管什么都要喝板蓝根，东西跟实体店买的一样
2020-12-29 19:37:26,真的很好，好实惠
2020-05-20 10:12:15,经常在阿里健康购买，值得信赖
2020-11-22 22:21:27,买点先屯着，有备无患
2021-04-05 23:10:07,快递很快，效果不错
2020-03-01 11:06:11,不错
2020-06-06 14:05:55,发货速度很快，不错
2019-12-06 07:28:11,还行
2020-03-21 21:11:10,好评
2020-05-12 10:56:17,家中常备
2020-01-08 10:34:39,还可以
2020-04-25 17:59:54,好快的 应该是正品  好 快递很负责的
2020-12-11 14:14:04,在家备着
2020-03-13 03:31:59,现实买不到，网上很方便，备起来
2019-12-07 21:11:05,上海买药太贵了，还是在网上买方便，便宜还快。要很好，以后还会买
2020-12-31 15:33:57,备货
2020-05-26 16:51:21,特殊时期，只好在网上买了，是正品，现在已经好了，好评
2020-02-28 13:19:51,还不错
2020-03-09 16:53:13,买些药备着，疫情期间送货很快
2020-04-26 00:25:01,非常好。
2019-12-07 09:48:35,实惠
2020-02-29 15:14:06,不错很便宜哈哈哈还好还好哈哈哈哈哈哈哈哈哈哈哈哈哈哈哈哈哈哈哈哈哈哈哈哈哈哈哈哈哈(?&omega;?)hiahiahia
2020-03-29 05:36:01,无数次购买  一样健康无忧
2020-01-06 21:33:03,好评
2021-01-04 13:09:33,好、是正品
2019-11-30 12:10:08,板蓝根包装破损，洒了两袋，整个箱子里都是板蓝根
2019-12-15 20:10:35,快递很快，很方便；吃的，住的，生活用的，都在这里购买了。还有价格公道，对比很多店铺，只有这质量很好。
2020-02-19 12:16:07,疫情期间去药店买麻烦，还是阿里买要快一点
2020-01-11 17:11:08,最近流感病毒，所以还是买点放家里备着，把包装都拆了放箱子里好放
2020-12-04 11:23:33,好
2020-06-14 00:14:08,多次购买了，一如既往的好
2020-09-04 07:45:29,好
2020-03-25 11:06:19,药品已收到，都还可以，物流比较快，家中备药还没吃
2021-04-18 00:05:43,这是常备药来的，看起来不错。
2020-12-13 09:03:01,主页上的广州生产的，货到了确实安徽生产的，
2020-02-26 23:40:48,挺好的，和在药店买的一样
2020-02-13 22:07:08,疫情期间，快递捣蛋，下单发货，目的平山，商家发货，显示石开（石开发区），后又转到，古城邯郸，绕一大圈，才到平山，时间延长，理解满满，拐弯绕圈，闹懵人兰。
2020-02-28 14:51:27,商品明显不符，挂羊头卖狗肉，打广州总公司牌子卖安徽的产品，愧对阿里品牌
2020-03-19 17:28:48,好评
2020-04-28 07:37:51,值得信赖
2020-03-13 15:46:26,是正品，嘴巴起泡喝两天就好了
2020-03-16 14:02:06,药店里都没货了，还是这里齐全，家里常备，用完再来买！
2020-12-19 16:54:57,家中常备药品，回购，满意
2020-03-17 20:03:24,阿里大药房值得信赖，东西好，家人吃的放心，发货速度快，客服服务也很不错哦，节假日优惠多点买买买，交易愉快！！！平时多点优惠券，减免等等之类的更好了，嘻嘻
2021-02-13 06:48:03,新年常备药，正品店铺，放心购买，下次还会再来
2020-03-26 02:42:15,第一次在天猫买，希望是正品
2020-05-07 18:49:00,阿里旗舰店发货速度很快，服务也一如既往的好，便宜方便质量很好～搞活动性价比很高，东西都是正品，都送货到家，都不用去逛超市了，网购真是好，很满意的一次购物，大家囤货屯起来，省时省力，棒棒哒～
2020-02-07 21:43:47,好
2020-10-26 09:26:27,药品与描述相符，每包能扫码追述到生产厂家，日期，物流很快，头天下单第二天就收到了，下次还会运择
2020-01-06 21:53:03,\产品正品
2020-01-01 11:21:40,很好
2020-10-02 22:25:27,好评
2020-11-20 18:58:01,还可以
2020-03-26 19:16:33,备用药，还没用，发货很快，当天买，当天发出
2020-06-24 12:39:06,很好
2020-02-05 07:48:56,好
2020-05-10 19:20:44,好评
2020-02-27 11:58:41,非常满意
2020-03-04 13:58:42,物流很快，货也好，很满意！
2020-03-27 23:51:14,好
2020-05-27 10:39:48,刚刚好好好好
2020-12-17 19:11:20,换季必备
2020-03-23 19:05:59,品牌的
2020-02-08 16:23:20,非常满意
2020-03-22 16:41:04,很好，很棒，不错
2020-03-07 17:50:24,很好
2020-02-20 14:04:58,应该是正品，比在药店买要便宜一些
2020-11-29 10:39:07,东西挺好的
2020-05-01 16:03:42,好
2020-03-10 15:06:59,质量很好
2020-03-11 12:26:10,可以
2020-02-11 19:13:04,好评！
2021-01-11 11:51:52,。。。。。。。。。。。。。。。。。。。。。。。。。
2020-04-19 22:09:01,信赖这家的药品
2020-02-16 11:38:12,多次购买，好评
2020-03-04 15:28:35,很满意
2020-02-04 20:41:17,今天收到货了，很快下单，两天就到，我已经是第2次买了 在药店买的是一样的，没有冒牌。
2020-11-28 05:00:29,五分好评
2020-01-23 15:37:49,买的板蓝根是备用的，听说武汉的冠状病毒感染了好多人，趁着有货赶紧下单，早早做好预防，现在好多快递放假了，还好圆通快递离家不远，走路十几分钟就到，快递点有人值班，年前拿到放心，给予5星好评
2020-12-26 23:46:24,宝贝不错，会继续回购
2020-11-26 19:08:44,正品
2020-04-24 13:39:03,不错
2020-08-12 13:39:26,很好，就是说好的免运费的，折腾了半天也没给改上
2020-03-01 15:30:07,买药都在阿里，质量有保障，发货也快。板蓝根还是白云山的好，复方的比普通的要甜，更浓，好像是专门针对感冒，所以贵一点可以理解
2020-03-02 12:40:05,经常购买，价格实惠，快递给力？
2020-04-21 18:54:27,非常非常非常好
2020-05-19 18:18:42,买了一袋板蓝根，还没拆开。物流挺快的。先好评吧！
2021-01-16 18:26:13,还行。
2020-03-12 22:34:35,一样的好
2020-02-14 11:53:42,很好很满意
2020-01-04 12:07:23,价格不错 比药店便宜
2020-12-23 18:52:00,不错
2020-12-23 00:06:15,收到
2020-09-26 19:59:25,不错
2020-06-24 23:02:45,不错
2020-04-05 08:37:43,好的购物体验，物流给力
2020-03-11 10:07:32,是正品的很好价格很合算
2020-04-01 11:09:38,正品，价格合理，比药店好得多
2020-02-24 13:19:25,不错的
2021-03-10 13:27:08,很好
2021-01-26 21:12:34,好评
2020-06-18 16:01:17,很不错，看着。
2020-12-03 12:14:27,正品o and it would have the a**lity for *ore to get to work on、不能再见。在一起真*很好*??????????，我也是很喜欢*是一直。在一起了*感觉真*很好*??????????，我＂*要去做自己想*那样*事情都没有；不会吧
2020-04-24 22:12:20,先给个好评吧，都还没开始用
2020-10-12 12:42:52,常备药
2020-03-02 17:53:26,可以
2020-03-03 19:23:49,优惠方便不错不错
2020-04-14 10:33:23,灰灰灰灰灰灰灰灰灰灰灰灰灰灰灰灰灰灰灰灰灰灰灰灰灰灰灰灰灰灰灰灰灰灰灰灰灰灰灰灰灰灰灰灰灰灰灰灰灰灰灰灰灰灰灰灰灰灰灰灰灰灰灰灰灰灰灰灰灰灰灰灰灰灰灰灰灰灰灰灰灰灰灰灰灰灰灰灰灰灰灰灰灰灰灰灰灰灰灰灰灰灰灰灰灰灰灰灰灰灰灰灰灰灰灰灰灰灰灰灰灰灰灰灰灰灰灰灰灰灰灰灰灰灰灰灰灰灰灰灰灰灰灰灰灰灰灰灰灰灰灰灰灰灰灰灰灰灰灰灰灰灰灰灰灰灰灰灰灰灰灰灰灰灰灰灰灰灰灰灰灰灰灰灰灰灰灰灰灰灰灰灰灰灰灰灰灰灰灰灰灰灰灰灰灰灰灰灰灰灰灰灰灰灰灰灰灰灰灰灰灰灰灰灰灰灰灰灰灰灰灰灰灰灰灰灰灰灰灰灰灰灰灰灰灰灰灰灰灰灰灰灰灰灰灰灰灰灰灰灰灰灰灰灰灰灰常满意，有需要还会再来的！
2020-01-03 08:07:26,好
2020-08-20 16:52:37,好
2020-03-08 22:01:24,宝贝质量不错，价格实惠，发货很快，包装严密，期待继续合作！
2020-03-20 14:25:53,值得信赖，满意
2020-01-02 15:10:09,发货速度快，买着备用，比药店的便宜。
2020-01-04 12:03:20,很好
2019-12-11 11:27:10,在这里买还是挺放心的，很快就收到了，挺满意的
2020-09-27 09:55:49,此用户没有填写评论!
2020-10-25 20:14:27,很好，是正品
2020-07-09 23:45:48,good.
2020-03-06 22:53:29,收到了 没有磨损 很好
2020-03-08 11:59:40,质量好
2020-12-24 13:40:20,物流快，就是有点太甜了，蔗糖是不是放多了呢
2020-03-01 18:36:15,很好
2020-01-10 22:52:24,还可以了，比药店便宜
2020-06-05 16:09:26,有点贵啊，药房里板蓝根才十几块钱一包
2020-09-02 19:28:47,一直买白云山的
2020-01-06 21:49:10,是正品
2020-06-24 14:56:40,还行
2020-06-11 18:55:10,好
2020-05-25 07:37:14,挺好的
2020-01-16 19:40:01,复方的更好用
2020-01-11 08:13:22,便宜、实惠，关键是方便，非常满意！
2020-01-11 00:15:56,常备药
2021-05-06 00:07:32,实惠
2020-03-05 19:05:23,不错
2020-02-26 17:52:08,非常期间，物流超快，必须点赞
2020-02-29 19:18:26,好
2021-06-25 00:23:19,方便快捷
2021-02-03 09:07:58,囤一点
2020-02-17 23:13:37,家里必备的，也能预防，都挺好的
2020-03-09 17:16:23,好评好怦好评好怦好评好怦
2020-12-26 21:46:56,不错挺好的
2020-03-14 20:52:26,非常好，大赞
2020-11-24 17:31:41,是白云山复方板蓝根。
2020-11-19 10:24:55,此用户没有填写评论!
2020-04-15 21:59:12,好评！
2021-03-16 23:07:06,很好
2020-03-26 20:38:01,很划算
2020-02-24 20:58:33,这个是买了n次的。
2020-09-07 21:45:06,此用户没有填写评论!
2020-02-11 18:05:26,包装很好
2020-11-22 01:55:14,发货挺快的，家里备着用！
2020-10-14 12:18:27,还行
2020-06-09 18:02:35,多年老客户，特别喜欢，比药店便宜多了，喜欢，推荐一下
2020-02-26 15:29:24,家常备用是不错的。
2021-01-12 12:18:06,很好
2020-10-07 20:37:24,预防感冒??，很好哟
2020-02-18 16:57:08,挺方便的，服务挺的，快递也挺好，
2020-04-25 20:40:31,好评
2020-10-26 09:35:19,很好
2020-03-09 19:06:27,物流很快。
2020-12-26 13:44:54,此用户没有填写评论!
2020-02-19 08:03:49,发货快，家里备着，好评！
2020-12-27 23:33:28,东西好，货真价实，还有扫码验证，让人放心。服务好，及时周到，好评！
2020-03-05 21:01:29,速度是非常的快，绝对正品
2020-02-19 20:37:23,"两包复方板蓝根颗粒,有一包是普通的板蓝根，找客服，没人处理。"
2020-02-26 21:41:05,发货速度快，当然好评
2021-09-25 07:12:27,"东西质量非常好，与卖家描述的完全一致，非常满意,真的很喜欢，完全超出期望值，发货速度非常快，包装非常仔细、严实，物流公司服务态度很好，运送速度很快，很满意的一次购物。"
2021-03-27 07:56:42,还好
2020-03-05 13:57:35,发货速度快，和药店买的一样。
2020-02-09 14:31:40,在这个疫情，还不错！在这个疫情，还不错！
2020-02-15 10:04:15,买了板蓝根来囤着，有需要就喝一喝，特殊时期，物流不畅，不过也能理解，能送到就不错了，据说有的地方物流都停了。
2020-12-29 14:09:31,挺好的 用了感觉非常好 能够增加抵抗力 能够非常好的保持身材
2020-12-19 14:31:16,物超所值，话不多说，这四个字已经说明了一切
2020-02-02 21:23:06,疫情期间发货迅速，快递小哥也送货迅速，给你们点赞??
2020-09-10 07:43:35,家居必备
2020-07-19 20:16:46,好评
2020-02-15 18:34:38,"东西收到后就马上查看啦！质量非常好，与卖家描述的、图片都完全一致，非常满意,真的很喜欢，完全超出期望值，卖家发货速度非常快，包装非常仔细、严实，物流公司服务态度也很好，运送速度很快，很满意的一次购物！祝生意兴隆！"
2020-09-14 19:08:13,很好，还会再买的。
2020-02-19 12:48:39,真品
2020-05-18 19:14:25,不错，价格便宜，正品
2021-01-22 16:49:58,居家防疫的日子里，多个平台都没货，也有发不出来的，感谢阿里！快，准，保时效！给阿里点赞给EMS点赞！
2021-01-22 07:35:32,今年疫情还很严重，买来囤着备用。
2021-01-01 20:30:55,包装好，物流快，全五分好评！
2020-03-01 12:31:58,页面上的是广州产的，实际收到的是安徽亳州生产的，综合客服1995说他们家没问题，
2020-10-14 18:09:01,是理想中的产品，质量不错，物流也很快，值得点赞
2020-03-03 07:15:38,可以，以前也买过。
2020-07-28 19:20:37,好
2020-10-15 10:46:39,是正品
2020-01-01 18:17:07,价格比线下药店便宜很多，真的是物美价廉的
2020-11-23 17:36:04,买回家的，物流不错，应该是正品吧&hellip;心虚
2020-10-07 11:28:44,很管用，比线下买要便宜很多
2020-02-28 11:39:37,物流给力 然后就是价格实惠 天气热起来了 买点板蓝根在家 有时喝一下是一个不错的选择 然后就是 阿里健康值得信赖！
2021-05-15 20:53:06,习惯好评！习惯好评！习惯好评！习惯好评！习惯好评！习惯好评！习惯好评！习惯好评！习惯好评！习惯好评！习惯好评！习惯好评！习惯好评！习惯好评！习惯好评！
2021-10-12 19:19:28,物流很快，不错
2021-03-10 07:59:24,喉咙干痛，发炎，用得挺有效，喉咙干痛，发炎，用得挺有效，
2020-02-14 21:07:26,正品，物流快，阿里大药房值得信赖????
2020-02-14 11:17:02,便宜
2020-03-07 12:27:36,一个多月了才收到
2021-01-10 08:21:09,宝贝收到了，天冷预防感冒，囤货的。
2020-09-02 08:42:46,搞活动买的非常划算，一如既往的支持阿里健大药房，希望多搞活动!
2020-03-24 15:39:34,此用户没有填写评论!
2020-12-08 19:26:25,物流太慢
2021-05-20 17:26:26,收到，认准复方的
2020-03-10 17:04:05,此用户没有填写评论!
2019-11-28 10:47:20,&ldquo;真正的放弃永远是悄无声息的。 某年某月某一天某一个时刻。我模糊而清晰地发觉，我不喜欢你了。而很久很久以前，我以为这样的发觉会让我欣喜。然而事实是此时此刻我打下这段文字，我的内心是悲凉的。我最害怕的事情，原来不是我无法放弃你。而是有那样一天，我突然不喜欢你了。&rdquo;
2020-07-12 16:51:52,风热感冒初期服用效果最好，家中必须常备用。
2019-11-25 22:21:43,ok
2021-01-16 01:08:29,卖给男朋友滴
2020-02-21 14:28:53,历经十多天终于收到，疫情时期能理解。能如数完好无损地收到已经很好了。
2020-03-28 08:33:24,产品规格参数很标准，服务态度也很好。 产品规格参数很标准，服务态度也很好。
2020-05-14 11:59:28,家中常备
2020-03-04 10:07:38,物流还挺快的，第一次买。
2020-12-23 17:50:24,好评
2020-11-17 17:50:46,很好
2020-11-17 21:40:57,快递巨快次日达，药是用来屯着以防万一，信赖阿里
2020-12-17 11:07:52,在大药房买过有多次了，一直都很好
2020-02-23 12:52:42,好！
2020-10-10 13:54:19,家庭常备药，白云山品牌值得信赖，好评。
2020-02-02 05:55:18,质量没有问题 但是物流安排太差了 同一个订单分成两个快递 一个走的顺丰 一个走韵达 结果是：1月20日下单 这个板蓝根颗粒等到2月1日才收到 我也是醉了 直接去药房买一样有货&hellip;&hellip;
2021-04-25 16:55:49,价格很便宜！分量足！
2021-03-11 12:00:06,还不错
2020-02-03 16:54:46,好～～～
2020-06-29 11:10:01,嗯，不错
2021-02-03 21:36:02,还行吧。价格有点高
2020-12-18 13:54:10,特别特别特别好，没有任何破损的地方，好评！
2020-02-24 10:48:59,淘宝生涯的第一个差评！在这种疫难当头的时候，打广告说要买两瓶辅舒良才能送5个口罩，也正因为买不到口罩才会如此热烈的盼望着。在拍货前反复强调我买了两盒辅舒良，反复强调送5个口罩并备注了。结果还是只发了2个，若在平时也就算了，现在却是一罩难求。反馈问题，客服一个推一个，打的一手好太极，不解决问题，还不让退货，这样欺骗消费者，这种国难财也发，原来你是这样的阿里大药房，无耻！寒心！
2020-12-20 17:07:57,东西很满意哦，美观时尚大气，客服超级有耐心，服务细致贴心，大品牌就是不一样
2020-03-10 11:22:50,好
2021-04-14 18:32:50,宝贝已收到。
2020-12-14 19:32:31,买回来备用，预防感冒的
2021-08-08 21:07:45,此用户没有填写评论!
2021-05-01 22:56:41,很好，效果非常棒！
2021-01-11 20:54:00,阔以??宝贝收到了，颜色很好看，质感也很好，样子简单！??是我想要的！！下次还会再来！
2020-09-19 12:39:08,是真品，很满意
2020-01-07 17:06:22,好
2021-04-13 11:14:40,日期新鲜
2020-02-17 13:43:14,很不错，感谢工作人员
2020-12-14 15:49:09,给幺零零买的一样
2020-03-20 16:10:49,好评！
2020-12-13 00:55:03,老牌子，值得信赖！
2020-06-04 12:08:32,≧&nabla;≦
2020-03-22 20:19:05,买来预防感冒的，老牌子，值得信赖，就是刚买完就降价了。
2020-06-18 15:30:02,一如既往的放心！n次回购！
2020-03-08 09:38:27,凉茶天热是最佳的，真的是太实用了！
2020-02-27 11:45:07,武汉加油，中国必胜，感谢武汉人，感谢所有人!
2021-01-27 08:44:42,经常要上火，居家必备
2020-01-11 10:38:08,东西到的挺快的，包装也很好，相信阿里药房
2020-02-03 19:31:10,好
2020-02-10 13:51:08,感谢快递小哥，快递刚恢复就派送了
2020-08-11 19:01:21,宝贝已收到，东西很好，物美价廉！本次购物让我非常满意。宝贝正是我需要的，收到的时候包装完整，打开后让我惊喜的是，宝贝比我想象中的还要好。价格实惠美丽，下次活动的时候我还会再来！
2021-06-29 17:13:44,价格很实惠，性价比很高，算是平价好物，会回购的
2020-12-15 03:42:36,包装好，物流快，价格实惠，比超市便宜多了跟实体店没有区别，还便宜，喜欢！大小合适，做工精良，出口品质，最满意的一次淘货，很喜欢，下次会再来！简直太好用了，只能用完美来形容！强烈推荐！??发货很快，两三天就到了，这个颜色我很喜欢，性价比很高，非常正品店铺，放心购买，客服态度也很OK，整个购物过程非常顺利！下次还会再来的！赞！
2021-04-14 22:27:51,家庭必备
2020-09-25 21:42:52,正品
2020-01-07 20:12:20,速度快，货品好
2020-12-31 15:47:02,包装一般，价格比较贵
2020-09-27 18:30:12,发货速度快
2021-03-08 11:28:15,应该是正品，有点贵哦
2019-12-05 17:36:31,很好，满分！
2021-08-17 11:15:14,真的很喜欢，完全超出期望值，发货速度非常快，包装非常仔细、严实，运送速度很快，很满意的一次购物
2020-07-19 14:12:52,东西倒是对数，但收到货包装破损，货物都掉的出来了，东西的包装也都压扁了，希望药品是正品吧！
2020-07-26 22:00:13,已经喝完一大袋了，好评！
2020-12-13 20:26:37,好。
2020-08-25 19:47:29,囤一波免得哪天断货了
2020-10-31 13:48:33,到货非常快??值得信赖价格实惠??我已经是老用户了以后还是会继续支持希望可以一直这么好下去药很快就收到了，??阿里健康大药房的应该是正品，??秘换季的时候鼻炎容易发作，????而且容易感冒，????买一盒备着挺好的，????好评好评
2021-01-22 07:35:32,发货太慢，本来当时喉咙痛不舒服，买了想早点收到货。结果广州地址却从河南仓库发货，快递一直没更新，客服说疫情影响了物流，就不知道从广州仓库发。对物流不满！
2021-04-15 14:25:57,发货速度很快，品质保证，很放心，已经多次购买，物有所值，值得信赖。
2021-01-06 19:46:56,日期很新，隔天就到了很方便
2020-12-18 19:02:11,速度非常快！正品，还便宜。好评！
2020-11-04 01:44:00,好
2020-09-16 10:00:45,好
2020-03-02 06:56:25,五星好评！
2020-02-06 11:07:59,好
2020-11-15 21:32:56,收到了，预防流感用的。
2021-08-07 10:00:15,此用户没有填写评论!
2020-12-12 22:44:44,不错
2020-02-28 09:37:41,好评
2020-12-28 13:56:16,目测是正品
2020-04-28 22:48:55,价格很高，很合适
2020-12-13 17:45:50,好评
2020-12-04 23:40:50,是正品，非常好非常感谢！
2019-12-28 18:32:28,又快又好，全5分！！！
2021-01-09 08:35:29,非常差  虚假发货 写着广州发货  实际发货是河北  药品的日期也快到期了 垃圾
2020-02-07 19:16:27,不错，便宜。
2019-12-30 19:38:39,不忘初心牢记使命，全心全意为人民服务!一如既往的好评！不忘初心牢记使命，全心全意为人民服务!一如既往的好评！不忘初心牢记使命，全心全意为人民服务!一如既往的好评！不忘初心牢记使命，全心全意为人民服务!一如既往的好评！不忘初心牢记使命，全心全意为人民服务!一如既往的好评！不忘初心牢记使命，全心全意为人民服务!一如既往的好评！不忘初心牢记使命，全心全意为人民服务!一如既往的好评！不忘初心牢记使命，全心全意为人民服务!一如既往的好评！
2021-03-24 10:17:43,多次购买，预防感冒管用
2020-03-09 12:35:55,收到了，包装完好
2020-10-22 16:12:24,好
2020-12-18 10:09:03,不错
2020-03-20 13:07:11,真好喝！！！！没事多778！
2021-01-08 21:32:45,不错
2020-02-04 13:00:14,好
2020-12-14 21:39:34,清热解毒，效果很好。居家必备，复购很多次了！
2021-03-27 12:13:59,存货备用中
2021-04-01 14:34:13,不错
2020-05-30 09:11:55,很好
2021-10-20 08:19:32,老牌子的产品，质量很好的哦。
2019-12-14 13:11:57,很好
2021-04-26 10:02:08,好评，不错
2021-01-30 12:01:06,很好
2020-02-29 20:21:43,划算
2020-02-20 12:45:00,好
2020-12-21 21:19:07,不错！不错！很好！很好！
2019-11-24 20:12:45,卖家热情好客   服务周到   回复及时    物流业给力   两三天就到了   包转完好   值得称赞    每一份付出绝不是偶然    给你们五颗星星    要一直保持品质   顾客收到包裹  打开的瞬间就是惊喜  喜欢在网上买东西   没有逛街的烦恼   晒不到 刮不着 几乎我的东西都是在网上买的   有贵  有便宜   还有优惠多多
2020-10-04 21:22:48,好。家中常备
2021-01-02 15:59:07,不错不错不错
2020-03-14 20:34:23,啊啊啊啊啊我们对于那些有什么？
2020-03-21 16:25:13,可以
2021-10-22 19:34:42,宝贝心仪很久了，趁活动时候买真的太划算了，喜欢的不要犹豫啊包装非常好，很严实，值这个价格
2020-01-09 14:09:44,比药店买便宜点，也方便，没时间去外面买
2020-04-19 18:13:12,日期很新鲜，留着备孕
2020-02-25 12:06:09,家里常备药
2020-02-22 14:30:43,推荐购买
2019-12-05 22:30:23,发货速度很快
2020-07-15 08:05:54,非常棒
2020-03-02 16:20:18,备用。非常好。
2020-02-04 10:42:16,此用户没有填写评论!
2020-03-02 10:53:31,发货快，质量有保证，还有用药方面的小提示，很满意。
2020-10-28 09:45:38,发货速度快，非常好(??&omega;??)??感冒真难受，受疫情那些谣言影响，家里附近药店都买不到。可真是解决了燃眉之急。
2021-04-21 10:59:33,此用户没有填写评论!
2019-12-31 07:37:07,还行吧
2021-10-10 14:52:01,??宝贝质量很好，收到货第一时间打开看了，很不错??，很满意??，客服也有问必答，感谢??
2020-06-21 10:09:13,还可以
2020-02-28 09:12:54,不错不错  买了好多次 好评
2020-03-24 10:08:56,没效果
2020-03-11 21:30:22,还可以，就是这个蓝芩颗粒有点点苦
2020-03-16 10:21:51,挺好的
2020-06-14 10:22:05,喜欢喝这个复方的 有点热感冒喝了就没事了 不是复方的就只是下火 还会继续回购
2020-12-27 21:43:04,还没用，先好评
2021-11-01 19:42:22,?已经多次购买了，家庭必备，购买价格实惠，送货速度很快，??包装也很精美
2020-02-12 19:07:43,一直都喜欢用白云山这个牌子的板蓝根效果非常好，买着备着。
2020-02-15 13:30:46,春节过后的收到的第一个快递
2021-10-02 17:32:47,一次很好的购物体验，服务周到，物流快速，配送也很周到，态度也很好，物有所值啊，果断好评！
2019-11-23 12:44:08,很好
2020-12-31 08:05:34,还不错，就是感觉太甜了哈哈哈哈
2021-04-18 22:03:08,可以吃下，很好
2020-03-28 11:43:44,家中常备
2020-03-07 19:55:46,同时买两盒，生产日期相差半年！
2020-09-28 01:43:50,备用的，还没有用，相信白云山老牌子
2020-09-11 20:40:54,经常在阿里健康大药房买药了，感觉很放心，价格还优惠不少。好评。
2020-03-18 16:28:53,挺好，
2020-02-19 15:20:54,还没开始服用先好评
2020-02-03 23:49:53,发货快！
2020-03-09 13:39:39,很好、网上购买很方便，值得购买
2020-02-29 21:37:21,不错，搞活动买的，六包也才百十块钱，很划算
2020-03-13 10:18:42,非常满意的，家庭备用！
2020-02-22 15:26:47,物流不如京东，其他就不评论了。也没有在线客服可以解决问题。
2020-01-01 16:54:05,家中常备~
2020-01-31 22:43:47,可以，家里常备药
2020-05-03 07:43:06,还可以，满意
2019-12-02 20:27:09,好评！！！！！！！！！！！！！！
2019-12-19 19:36:40,挺好的！！！！！！！！！
2020-05-18 14:39:21,不错不错不错不错不错不错不错不错不错不错不错不错不错不错不错不错不错不错不错不错不错不错不错不错不错不错不错不错不错不错不错不错不错不错不错不错不错不错不错不错不错不错不错不错不错不错不错不错不错不错不错不错不错不错不错不错不错不错不错不错不错不错不错不错不错不错
2020-02-24 15:03:03,疫情期间物流太慢，收到时病都好了
2020-02-08 22:49:19,发货快，价格比药店优惠，服务好，要可以用医保卡就更好了！
2021-03-01 09:57:03,效果很好，发货也快
2020-01-10 12:36:58,19年9月的，不错
2020-03-13 15:56:05,好
2020-08-31 06:34:38,实惠
2020-02-05 10:55:31,很好，发货也快
2019-11-30 10:07:00,板蓝根，冬日常备！
2020-03-31 22:37:28,不错&hellip;
2020-01-01 00:04:38,挺好
2021-11-07 18:09:03,此用户没有填写评论!
2020-10-30 12:07:45,OK
2020-03-07 13:23:38,发货速度快，质量好，家里备用
2020-08-18 13:33:33,很好
2020-02-02 19:28:48,蛮好的 送货也快
2020-02-13 22:46:58,真不容易呀！小一个月了，中午到货了
2020-12-14 22:08:35,发货很快，一天就收到了
2020-10-25 20:32:29,还好买了2包，第二天就下架！备用！
2019-12-24 21:40:33,好好
2021-09-08 10:41:08,发货很快，包装的很好，价格也特别实惠，还有这么多功效也是不错了，值得购买
2020-02-23 20:05:45,买来放家里屯着。非常时期，不好出门。
2020-03-22 20:14:15,五星
2020-03-08 21:35:24,好评！
2020-03-06 08:56:04,很好(?▽?)
2021-03-24 10:17:44,多次购买，预防感冒管用
2020-03-02 19:59:34,收到货了
2020-01-08 18:46:28,药到病除： 药送到了 病也好了 非常有效
2020-06-12 14:41:13,不错跟外面买的一样，价格也不算太贵，快递第二天就来了，清热解毒，泡来喝很好，还防感冒呢！日期也新鲜&hellip;看图就知了！
2020-03-02 18:37:31,好！好！好！不错！不错！不错！
2019-11-26 13:03:29,好评
2020-12-11 15:23:19,一直买品质一级棒，物流很快，而且价格合理，很实惠
2021-04-10 10:36:02,好
2020-07-07 10:48:12,不错，物流很快
2020-04-29 23:26:45,东西可以，物流很快。
2019-12-06 11:20:33,好，正宗！
2020-03-21 00:29:45,很快送到了，而且價格實惠也有正品保證！
2020-03-20 18:04:38,有效
2020-12-14 22:02:45,正品物流快服务好
2020-03-04 20:07:05,第一次在网上买药，挺全，合适了以后会继续光顾
2020-03-05 14:48:22,白云山牌子的板蓝根，质量靠谱
2020-03-13 09:14:42,可
2020-01-13 09:22:22,很快很好
2020-02-23 11:19:36,"宝贝收到了，,五分好评服务很好，"
2020-03-15 11:57:38,辛苦了
2020-02-18 17:19:24,贵，扫码对不上
2020-02-18 09:42:54,还没喝，等喝了再追
2019-11-22 08:00:24,质量很好，也很划算，卖家服务态度也很好，建议大家可以购买，祝?卖家生意兴隆！
2020-03-15 04:06:47,提前买的，以为阿里效率会高点，谁知道一直在发货地不动，发货超慢，
2021-01-01 11:00:04,挺好的??
2020-09-10 22:30:11,好
2020-12-09 15:22:16,好
2020-03-05 12:45:29,比实体店便宜
2020-03-05 15:10:48,给老人买的，挺好的！
2020-03-02 20:20:12,很好，买了备用。
2020-12-11 13:39:11,买来备用
2021-01-02 20:35:50,不错，正品，多备些，哈哈
2020-03-09 08:45:53,nice
2020-05-14 10:16:47,物流很快，挺适合这个夏天的，清热解毒
2020-02-24 07:04:11,可
2020-08-30 08:51:03,很不错，速度也蛮快的
2020-02-18 13:26:45,物流和客服都非常好，买着备用的，好评
2020-05-13 22:22:07,板蓝根颗粒冲剂已收到了，比在药店买的便宜，份量大超值&hellip;&hellip;&hellip;
2020-03-09 23:26:38,好
2020-08-10 13:10:53,划算
2021-03-16 23:42:32,囤货板蓝根冲剂
2020-08-05 09:04:55,挺好的
2020-10-02 16:16:54,懂自懂
2020-04-17 20:03:35,非常好
2020-09-01 11:11:09,正品
2020-02-27 21:48:38,这次物流太慢
2020-05-05 13:25:02,还是很不错的
2021-03-17 00:24:21,还不错
2020-10-28 19:27:41,好！满意！在天猫药店购物放心。谢谢老板！就老板生意兴隆哦！
2020-02-20 08:33:26,可以
2021-01-10 11:23:28,好
2020-11-19 11:26:18,正品，存着备用的，很不错，包装严实，物流也快
2020-02-03 17:05:17,店家包装非常好！配送非常快。非常时期服务非常好！
2020-05-03 20:56:37,一如既往的好！
2020-06-29 13:04:33,挺好的
2020-11-03 01:52:31,一直搞不懂风热感冒和风寒感冒的区别，这个复方板蓝根颗粒基本上都是断货状态，好不容易有货就买几包吧
2020-08-10 19:48:17,发货很快。
2020-03-23 16:11:53,好
2020-03-26 14:27:49,很大一包，还没吃过。
2020-01-03 21:07:30,好
2020-01-07 20:32:15,家里人多多备点，放家里。
2020-01-03 22:08:23,太甜了 不如39药量多 清热慢 真是一分价钱一分货
2020-11-05 12:56:32,1
2020-02-13 15:45:08,没有见到货，快递员也打不通电话，问店家让找快递员，见了鬼了，自加入淘宝一族没有给过别人差评，这是第一个了。
2020-02-03 14:03:56,好评
2020-02-27 16:48:01,已经喝了两包了，是正品，推荐购买
2020-03-06 17:00:51,很好哦，四季常备
2021-04-22 13:58:01,比药店便宜多了，刚好有点上火喝两包就好了
2020-04-27 20:34:13,宝贝很好！
2020-02-27 15:16:14,买药都在阿里，质量有保障，服务态度也好，嘻嘻
2020-03-21 11:26:29,买来备用
2020-03-20 17:11:09,好。
2020-03-13 21:12:35,正品药，在这个非常时期，送货上门的药太赞了！小药店都关了，又不敢去人多的大药店，所以网购药就解决了我的急需，全5分！
2020-06-24 19:03:12,速度快，不错
2020-03-31 21:02:13,很好
2020-01-03 08:39:35,比药店便宜
2020-01-11 15:22:46,很好
2020-10-27 17:10:49,不知道是不是正品，我们这没这牌子的卖了，好评先
2020-01-22 12:42:07,满意
2020-01-05 20:20:54,好
2020-04-28 01:56:24,性价比高。
2020-10-24 14:09:53,很好，老板买来给我们员工发福利，正品
2020-03-03 17:38:43,发货快，日期新鲜
2021-10-18 18:03:43,发货快，包装严实，商品质量非常好，比专柜便宜很多，客服服务态度也特别好，好评
2020-03-28 14:14:34,是正品，价格实惠，会回购
2020-03-05 13:44:47,挺好
2020-05-01 19:07:29,家中必备！
2020-03-03 11:56:37,垃圾20多天了都没到货，没经过同意就退回了，真是无语！
2019-12-13 00:48:56,白云山的板蓝根还是挺好的&hellip;&hellip;
2020-03-01 11:53:21,正品，不贵
2020-07-28 09:19:24,家里必备药，效果很好。
2020-03-04 11:23:04,好
2020-12-15 08:25:38,很好
2020-04-14 18:27:58,备用
2020-02-16 20:30:57,实惠。
2020-03-01 15:11:46,一直都在这买，板蓝根家庭必备呀！
2019-12-27 11:57:56,挺好的
2020-02-21 19:59:03,非常好，申通物流太慢
2020-08-29 20:56:53,方便价合理
2020-11-22 17:39:57,正品
2020-01-05 16:31:24,好，很好，非常好，这次的物流终于没有让人失望，非常快，其它各方面也值得称赞，非常愿意下次回购
2021-04-13 10:35:43,还没有使用，感觉是正品，好评
2020-10-26 12:31:16,白云山板蓝根家里常备药。外包装袋破了哦。
2021-01-08 19:33:32,好好好好好好好好好好好好好好好好好好好好好好好好好好好好好好好好好好好好好好好好好好好好好好好好好好
2020-08-05 15:58:50,正品，买的放心，价钱也公道，满意！
2020-09-15 17:07:29,家中常备的
2020-03-15 08:14:02,东西还可以，家中常备，物流给力，性价比高，好评
2020-02-05 22:24:50,白云山药厂出品，质量有保障，日期还算新的，包装不错，感冒喝这个效果不错。
2020-02-19 12:36:23,还行吧，疫情期间等了将近1个月。板蓝根是好板蓝根。常备着吧。
2020-12-17 15:23:38,好
2020-03-12 09:53:38,好评
2020-02-08 12:32:25,喜欢??
2020-04-20 09:11:11,买的感冒类的药物，种类多，东西没问题，感谢阿里。啧啧，方便！
2020-11-26 21:31:40,可以 很不错
2021-04-24 18:06:17,好好好
2020-09-19 10:59:58,好加正品
2020-03-01 09:06:48,特殊时期，药店不卖感冒药，去医院，让我先去发热门诊先验血再拍肺片，听的我瑟瑟发抖，问题是感冒的也不是我啊！幸亏淘宝能买，简直救了我，到的还挺快的
2020-02-25 22:30:18,好
2020-02-16 14:55:04,经过20的时间，这包裹终于收到了&hellip;&hellip;一如既往的好，价格实惠！疫情无情，人有情
2020-02-28 17:39:40,不错的。
2020-04-03 19:54:32,买着备用的，还没用呢，不过看起来应该是真品
2020-05-23 09:51:23,价格实惠，有需要再来
2019-12-09 17:02:35,好 比药店便宜
2021-02-25 10:19:03,好
2020-10-16 11:33:52,还没有用
2019-11-22 00:00:58,很好
2020-12-21 08:10:03,是正品
2020-08-08 11:56:37,一如既往的支持阿里健康大药房，希望多搞活动多优惠!
2020-01-07 07:30:16,还行
2020-02-16 10:59:02,好
2020-02-29 16:23:20,好好好好好好
2020-10-01 18:21:37,太好了，解了燃眉之急
2021-02-07 20:42:29,8
2020-03-07 23:40:53,太贵了
2019-12-12 21:16:27,一直在这里买药品~
2020-05-05 10:18:05,商品没有问题，差评给客服
2020-11-03 17:35:01,好评，价格实惠
2020-06-13 11:24:13,创可贴还没用，板蓝根没喝，润喉糖试了下，还可以，还有就是小时候经常吃的消食片。
2020-09-23 20:05:34,天气转凉，提前预防，别人都泡咖啡，我爱喝板蓝根
2021-09-12 20:01:53,好，快，优惠。
2019-12-28 21:06:24,好好
2020-02-20 15:08:18,因为疫情，物流运输花了10天
2021-04-08 08:38:08,发货还是挺快的，包装也结实，挺方便的
2020-03-09 22:53:31,好
2020-11-04 11:50:05,快递速度快，囤货必备
2020-06-12 13:01:15,不错，回购的
2019-12-06 08:51:49,这段时间很多小孩感冒发烧喉咙痛，放在家里备用的
2020-12-20 08:57:50,最近冷了，买来预防重感冒
2020-11-22 07:04:05,老牌子，值得信赖
2020-03-11 15:45:57,常备用药！效果好！放心用！和实体店买的一样！值得信懒的卖家！
2021-05-18 19:44:03,挺好
2020-02-16 13:09:20,已经是天猫大药房的老顾客了，药品价格不贵，发货速度也非常快，非常便捷。
2020-11-04 13:11:43,发货快 可以。
2021-04-02 18:01:21,好好的呢好的好的好的好的好的好的好的好的好的好的好的
2020-12-08 10:37:38,已收到，看着还不错，应该是正品。 尚可
2020-03-30 08:29:06,宝贝收到了，家庭备用。
2020-09-21 12:53:14,很好很好
2020-12-13 09:24:28,1
2020-04-03 13:01:13,很好
2020-12-25 17:30:17,亲的发货速度很快，宝贝已经收到，好评。
2020-03-26 07:29:26,药已收到， 很好，是真品。外面药店都买不到，医院也缺货，在这里买到了还有优惠，太好了。
2021-11-19 23:36:02,物美价廉
2021-01-15 09:44:37,一直在阿里上买药，很放心
2020-12-28 17:34:48,药店一直买不到，断货了，才从网上下单。物流很快，比预计的还早到了，安心
2020-01-01 14:06:53,实惠
2020-07-16 20:28:30,效果好和方便实用的缐上药房！
2020-02-23 16:21:36,还好
2021-04-06 08:38:16,很好
2020-10-30 23:26:53,不错，价格也是比较实惠的
2020-02-04 15:15:17,多次购买了，挺好的需要再来买，
2020-04-18 19:53:14,应该是正品，这家是性价比较好的，推荐。
2020-05-25 09:38:46,挺好的，买的放心，就是快递第二天中午就到了网点，第四天才给我派送
2020-01-11 17:10:00,多次购买了，挺好的需要再来买，
2020-03-08 16:01:51,药是正品
2020-11-17 09:29:22,就喜欢这种板蓝根，买回来大人小孩都可以喝，可以预防一下感冒。
2020-11-23 21:30:04,好好好
2020-01-12 18:08:09,好评
2020-12-21 01:20:29,正品，已经买一千多的药了，挺好的。
2019-12-15 13:38:25,网上买比到实体店里买便宜，好评！
2020-03-08 14:19:17,正品
2020-03-27 13:06:05,不错不错
2020-10-13 09:37:49,家庭必备
2019-12-02 20:27:09,好评！！！！！！！！！！！！！！
2020-03-25 18:42:36,还没感冒呢，御用的
2020-09-28 12:32:19,好
2020-05-13 17:58:27,便宜，正品，没得说
2020-03-26 21:32:44,常备药 快速方便 会继续关注的
2020-05-05 11:52:49,好
2020-06-28 17:28:21,很好，服务不错，快递很快，药品效果很快，大赞！
2020-03-25 11:51:19,可以
2020-05-02 13:24:48,批号新，正品。
2020-05-16 19:07:38,回购的，2020.1月份生产的，价格实惠，比实体店便宜好多，推荐购买。
2021-10-27 14:12:48,阿里的东西还是很放心的，发货快，包装严实，商品质量非常好，比店里便宜很多，客服服务态度也特别好，好评
2020-06-22 09:53:38,不错，比药店便宜一点。好评吧！
2020-04-13 22:29:57,不错   货真价实   快递闪到
2020-11-22 09:26:42,物流和产品都不错，性价比高，赞赞赞??????
2020-12-29 10:42:29,刚好做活动，价格便宜了很多，性价比超高，真的特别划算
2020-12-18 16:17:19,囤货的日期是新的
2020-11-03 08:14:33,好
2021-01-01 22:15:23,能解油腻，感觉还是不错，冬天不吃热量高的冷。就是不能用热水冲，最多是温水，要是能用热水冲就好了，喝起来就暖暖的。还是好评好评好评好评好评好评好评好评好评好评好评好评好评好评好评好评好评好评！
2020-02-20 14:00:52,不错
2020-10-14 13:25:16,不错
2020-02-02 19:19:29,非常好的
2020-08-07 23:23:12,包装好，发货快，物流快。
2021-01-02 14:24:28,包装完整没破损，日期新鲜
2021-05-11 10:24:40,刚买就降价，差价大。
2020-02-25 20:57:17,好评
2020-02-24 11:53:30,此用户没有填写评论!
2020-03-17 08:39:58,不错，绝对正品
2020-03-01 20:14:33,挺好的，经常在这里买
2020-12-17 20:42:30,正品
2020-03-02 11:16:17,非常满意
2020-03-22 23:38:38,板蓝根收到了，商家和快递速度没得说，用好了继续购买的。
2020-01-12 13:52:42,药品很好！
2020-02-23 18:32:54,习惯性好。评习惯性好评。习惯性好评。
2019-12-04 15:20:28,家有孩子提前备好
2020-03-19 09:02:17,还行
2020-02-18 14:22:01,商家发货及时，合作快递服务佳，包装完整无破损。在这疫情下，不算快的快递终于到手，不过快递小哥的服务真的很棒，无接触配送，赞！
2020-12-07 21:01:29,不错不错，比药店便宜
2020-12-08 20:13:28,好
2020-12-26 18:27:06,买些药 家里备用 很好！
2020-10-12 11:51:18,快递小哥放在最近的快递柜中??辛苦了！在阿里药房下单到收到时间不到24小时速度??习惯在这里买保健品还有药品！
2020-09-18 18:08:36,非常好。物美价廉。
2020-03-25 17:20:11,3月28日零时起，恢复办理武汉市17个铁路客站到达业务；自4月8日零时起，恢复办理武汉市17个铁路客站出发业务。 武汉市17个铁路客站分别是武汉、汉口、武昌、南湖东、汤逊湖、庙山、普安、纸坊东、后湖、金银潭、天河机场、天河街、花山南、左岭、乌龙泉南、土地堂东以及山坡东站。
2020-03-11 12:37:38,买过两次了。家中常备药，稍微不舒服就喝点
2020-09-19 14:08:23,换季，秋凉，常备，复方的好看功效会用到，所以就备复方的
2020-03-27 17:33:28,產品質量非常好產品質量非常好產品質量非常好產品質量非常好產品質量非常好產品質量非常產品產品質量非常好非常好產品質量非常好產品質量非常好產品質量非常好產品質量非常好產品質量非常好產品質量非常好產品質量非常好產品質量非常好產品質量非常好產品質量非常好產品質量非常好產品質量非常好產品質量非常好
2020-07-22 21:29:25,东西蛮好的。
2020-11-12 11:14:41,还没喝这个，看着不错！
2020-11-21 18:26:30,价格优惠，东西正宗，信任依旧！
2020-11-02 07:32:47,宝贝收到，物流很快，描述相符，比较满意，好评，推荐
2020-01-04 15:41:05,第二次在阿里买药了，很不错最近流感比较多，正好用上很不错啊值得购买
2020-10-11 10:09:59,天气凉了，买来预防
2020-02-22 19:32:34,好
2020-05-09 13:33:30,好评
2020-02-16 19:47:14,囤货.发货快.
2020-06-18 10:07:37,此用户没有填写评论!
2021-08-02 18:51:31,发货很快
2021-05-18 00:49:02,很好，给父母买来备着的
2020-12-04 22:22:50,效果不错，值得信赖
2020-12-16 15:21:49,预防感冒，买来备用的。
2020-03-09 14:09:10,很好
2020-05-26 14:10:47,不错
2020-12-12 11:27:38,商品很好，发货很快，双十二第一批到货的，商品很好，发货很快，双十二第一批到货的，商品很好，发货很快，双十二第一批到货的，商品很好，发货很快，双十二第一批到货的，商品很好，发货很快，双十二第一批到货的，商品很好，发货很快，双十二第一批到货的，商品很好，发货很快，双十二第一批到货的，商品很好，发货很快，双十二第一批到货的，
2020-12-22 17:40:03,还没喝，买在家备着
2020-03-20 17:11:34,白云山比太极的好喝，就是小时候的那个味道，太极的药味足了点，有点不习惯。
2020-11-03 08:46:22,可以
2020-12-09 15:22:27,好
2020-12-26 23:31:12,很好，很好，很好。很好，很好，很好，很好，很好。。很好，很好，很好。很好，很好，很好。
2020-05-08 17:13:01,阿里健康大药房，真的是好，棒棒的！！！不知从什么时候开始，每次需要买家用常备药，就会想起阿里健康大药房，实惠，不用担心有加药，购买方便，想买的基本都要。最近发现京东也跟阿里有点像，也在搞大药房，但是对比发现，还是阿里健康大药房好，一直支持，始终支持，未来继续支持。
2021-01-11 12:40:26,物流很快就收到了，还不错
2020-02-27 08:51:29,药太贵了
2021-11-01 19:11:09,??心仪已久，果断下手，用过之后感觉很不错，是正品，快递也很给力，果然名副其实??特别满意，好评必须好评便宜又实惠，买了好多，宝贝一如既往的好??，性价比非常高，大品牌值得信赖??
2021-01-07 02:44:41,效果很不好，而切还*贵。
2021-03-17 08:43:21,超出预期，质量很好，做工精细，满意发货速度很快，东西包装的很好，价格优惠，我很满意??，还会回购
2020-03-01 18:50:33,货收到，有备无患。
2021-11-03 17:24:34,发货很快
2020-12-02 09:10:23,这次发货有点慢
2021-01-27 14:37:04,箱子都破了，里面东西差点掉出来，里面有一盒要，外包装纸盒也坏了。。。。。。。
2021-01-08 17:20:18,很甜，很好喝。
2019-11-27 12:00:20,我买了几种板蓝根，这种好。
2020-08-12 15:45:05,家中常备药！网上购物，大平台有保障。买药一直买的阿里药店的。很好！很满意。
2021-01-27 19:50:22,发货速度很快，宝贝是正品，很满意
2020-03-18 08:14:38,"不错吧。在网上购物时,能自己解决的问题都不找卖家咨询,尺寸大小色差自己研究页面搞定,买到东西后发现不合适通常直接申请七天无理由退货,系统自动处理，主要是觉得沟通太麻烦，除非东西有质量问题，或是发错货。从不理会店家的好评返现小纸条,买东西从来都是到期自动确认,基本不写评价,因为买的东西太多，成了评价困难户，每周都买一堆。衣柜已经塞不下了，看到喜欢的还会继续买，每次依然总是觉得还缺一件衣服穿，这是病态吗？要治吗？还是考虑换更大的房子拿一个房间当衣柜？哈哈哈哈哈??"
2020-09-16 10:42:59,除了方便，比药店贵
2020-06-13 17:29:51,方便快捷，家中常备
2020-05-23 11:36:58,买的宝贝今天收到了，店家发货很快，物流很给力，赞一个！宝贝是正品请放心，店家快递包的很结实，服务态度也特别好，非常贴心，总之非常满意的一次网购，下次还会来买的，谢谢店家，不多说，全5星，大大的好评！ 店家发货很快，物流很给力，赞一个！宝贝是正品请放心，店家快递包的很结实，服务态度也特别好，非常贴心，总之非常满意的一次网购，下次还会来买的，谢谢店家，
2020-06-20 08:14:20,买了两包，挺好的。
2020-01-13 10:45:31,超贵的，在药店买才16块。以后也不在这买
2020-02-15 10:54:23,很好
2020-02-22 19:40:02,非常好，非常棒，经济实惠还省事。
2020-04-04 02:16:21,备用备用备用备用备用备用备用备用备用备用备用备用备用备用备用备用。备用
2020-06-16 18:32:43,好评
2020-09-12 10:45:12,物流很快，价格实惠，赶上搞活动，比药店便宜很多！
2019-12-30 19:51:55,好
2021-01-23 10:36:04,此用户没有填写评论!
2020-03-11 15:32:39,还可以吧
2020-02-21 18:37:40,1、没想在阿里健康大药房也属于天猫超市，当时还凑不齐88可免运费，所以加6块钱的运费。2、多一个购买板蓝根途径，现在药房购买，不仅要凭身份证登记才能购买，而且价格比平时提高许多，非常时期绝不错过追求极致利润的机会，相比较而言，网购价格更合理。3、快递终于恢复正常，天猫超市次日可达。
2020-03-07 17:38:18,大牌值得信赖
2021-04-17 22:36:05,备用的！就是售后非常慢！
2020-03-15 10:49:41,很好，好快
2020-02-10 19:00:29,应该是正品，虽然耽误了很多天，可是我们这里快递一开门就发信息说到了，为店家点赞，为快递服务点赞，有需要还会再来的，多买点囤在家里，省的出门不安全
2020-11-18 15:07:50,很好
2020-04-18 15:10:29,宝贝收到了，很好
2020-12-23 20:02:24,速度快，货正宗！
2021-01-07 14:00:03,很好。吉井家~
2020-02-14 16:24:29,感冒已好
2020-03-05 08:12:35,方便实惠值得购买
2020-11-19 09:18:35,还没使用，备着。。。。。。以备不时之需
2019-11-30 10:48:17,原来是山东发货，遇到双11就更久了
2020-11-28 11:36:05,收到：板蓝根颗粒感冒药很不错。
2020-02-18 16:54:01,疫情期间屯点板蓝根哈哈哈
2020-02-20 10:22:56,很好
2021-04-11 16:53:44,当天收不到，物流有点慢，不满意。
2021-08-19 16:18:03,好，快，优惠。
2020-02-01 17:56:25,满意
2020-11-12 21:05:05,不明白复方的有啥区别，反正买着囤货吧。
2020-05-30 10:18:40,好
2020-12-15 22:49:04,这个产品和它价位相比来说，还是很合适的
2020-02-24 14:15:08,不错，很便宜，质量有保证，价格也划算，在疫情期间不涨价，很喜欢这个平台，买药很方便，发货及时，希望能多点口罩，就好了！！！
2020-04-02 15:54:40,满意！！！！！！！！！！！！！
2019-11-23 16:03:28,双11 价格优惠 才买的 很方便
2020-11-30 21:53:05,囤货
2020-03-04 12:42:01,连我奶奶都说白云山的板蓝根好
2021-06-10 21:00:56,??从没想过这么实惠的价格，??能买到这么好的宝贝，??性价比非常高，我很喜欢哦??
2020-03-08 14:21:37,嗯
2020-03-11 10:14:20,可以的
2019-11-28 12:14:48,"质量非常好，与卖家描述的完全一致，非常满意,真的很喜欢，完全超出期望值，发货速度非常快，包装非常仔细、严实，物流公司服务态度很好，运送速度很快，很满意的一次购物？"
2019-12-14 08:24:08,第二次购买！，比药店便宜实惠很多，客服医师比较负责的。购买了好多常备药品，日常的备用。 推荐一下呗?(? ?&bull;??&bull;?? ?)我是人间小美味第二次购买！，比药店便宜实惠很多，客服医师比较负责的。购买了好多常备药品，日常的备用。 推荐一下呗?(? ?&bull;??&bull;?? ?)我是人间小美味
2021-11-01 10:53:54,"质量非常好，与卖家描述的完全一致，非常满意,真的很喜欢，完全超出期望值，发货速度非常快，包装非常仔细、严实，物流公司服务态度很好，运送速度很快，很满意的一次购物"
2020-12-01 00:50:58,囤货
2019-11-28 15:41:03,1.五天才拿到，最慢的一次快递2.袋子上竟然写的风寒感冒不能用，晕！白买了
2020-02-21 16:43:28,很好。
2020-01-02 12:35:57,质量很好，很满意！
2019-12-14 19:48:56,囤了好多，买N次了
2020-12-25 15:29:15,此用户没有填写评论!
2020-12-17 11:10:21,冬天必备药品，如果有无糖的那就更好了。
2020-05-07 17:31:32,物流很快！
2020-03-01 14:32:01,靠谱
2020-12-27 23:40:22,白云山制药东西确实不错
2020-10-27 16:02:44,可以
2021-04-03 22:07:42,好评
2020-02-23 13:01:36,我
2020-03-13 10:06:29,还可以
2020-03-27 21:30:54,很好。量大
2021-07-29 20:00:50,宝贝收到咯????，真的很棒呀！??质量真是没话说，非常满意！??开心开心??
2020-04-14 08:29:46,好
2020-11-29 14:23:41,也是有点贵
2019-12-28 20:40:00,"宝贝收到了，卖家发货很快，物流也非常给力,客服服务态度极好，很有耐心、给人一种亲切感，好喜欢。还有包装精美，高端大气上档次;看得出来商家很用心。宝贝真心不错，与图片相符，没有任何差异，真的是物超所值，物美价廉啊。质量很好，下次还会再关顾!快递很给力，好评！发货快性价比高，给满分好评！我买东西习惯默默拍下，没有太大的问题是不会去询问客服，当然如果产品有问题，我是不会发表这条言论的。在此希望店主越做越好，回头客多多。很不错的购物体验，对比好多家最后选择了这家，果然很安心!客服也很负责，很耐心的给了推荐，即时回答问题!很赞!关键是东东很满意!值得推荐!还在犹豫的朋友们可以下手了"
2020-10-14 20:35:19,一年以来，第三次购买，一次两包
2019-12-12 17:26:54,只能说可以预防感冒吧，已经感冒了再喝就没什么用了，买的时候还有运费，也没看出来
2019-12-13 17:11:37,备用，感冒高发季节
2021-07-28 16:57:32,物美价廉
2019-11-25 10:44:18,正品，
2020-02-18 17:57:52,好
2021-05-04 14:27:23,还行
2020-10-02 22:47:47,非常满意
2020-03-26 09:33:11,很好
2020-04-19 19:35:19,买了很多次，快上火的时候喝一杯，清热解毒，缓解喉咙不适，效果快
2020-03-12 14:58:58,方便快捷
2020-02-21 20:43:40,相对实体店便宜，我喜欢这个牌子的，规格的板蓝根，真的有用。
2020-03-11 23:32:33,不错，一直在买，就是现在没送口罩了，原来送的口罩现在正好用上。
2020-07-19 19:14:13,非常好 感冒一直吃这个！
2020-02-19 23:45:59,好评
2020-02-12 12:44:38,很好
2020-05-24 20:40:44,不错，可以??
2020-12-19 21:40:42,预防感冒病毒挺好的
2019-12-11 22:27:55,正品好药，价格实惠
2020-03-03 22:16:24,很实用。
2020-03-03 16:22:41,好
2020-10-02 08:19:55,正品药，买的放心，服务好！
2019-12-22 09:54:10,满意
2021-01-05 16:42:02,不错
2020-05-05 20:23:32,好
2021-04-18 19:03:55,送货上门，满意。
2020-05-17 11:28:50,货已收到，发货挺快！！！已多次购买，家庭必备药品！！！好评！！！
2020-12-24 13:14:29,好
2020-04-23 11:24:03,大品牌，疗效好，囤货。
2020-02-24 20:05:36,非常好
2020-02-25 16:15:47,很好
2020-03-04 16:11:42,很好了
2020-05-19 21:27:15,送货速度非常快，点赞??????
2020-11-07 13:22:58,好
2020-05-19 18:55:22,怎么说呢！！个人感觉跟在药店里买的不一样，口感和气味都有差别！
2020-12-23 23:16:28,挺好的
2020-03-18 07:40:09,好评，以防备用，留着放心。
2020-12-13 11:44:11,囤货
2020-12-26 16:08:40,正品，日期也是最新的，可以。
2020-11-28 15:00:09,方便
2020-02-04 09:47:01,很好，有热气喝个一两包就好
2021-04-30 02:21:40,正
2020-01-29 14:46:46,大过年的，十万分感谢，谢谢掌柜的，谢谢快递小哥，辛苦了！！！！
2020-06-18 15:08:30,很好，药店贵多了。。感冒喉咙痛用着效果很好。
2020-05-11 09:36:33,可以
2021-11-17 14:12:52,质量非常好，完全超出期望值，发货速度非常快，包装非常仔细、严实，很满意的一次购物
2020-09-28 17:34:04,此用户没有填写评论!
2021-04-11 12:54:02,??
2021-04-12 08:19:30,156464676676494949
2020-06-13 12:25:55,闺女嗓子有点难受，喝了几袋，并没有什么作用，额
2020-01-01 19:36:15,给家里长辈买的，一天就送到了，买起来很方便。跟药店的一样，但省的去药店买了，还可以包邮到家
2020-03-06 08:32:10,效果是刚刚的，非常好地满足清热解毒，还可以当清凉饮料。
2021-05-14 12:08:04,好贵比他家贵了8元
2021-11-01 21:07:31,质量好，价格低，性比价高，物美价廉，物有所值
2020-03-19 19:51:11,发货较快，比较优惠
2020-12-27 08:59:30,可以
2020-08-07 07:56:06,感冒时有备无患
2020-03-05 10:11:15,有点象红糖，好似味道不对。
2020-07-04 13:54:42,可以，喝了没啥区别，信赖阿里
2020-12-22 12:31:14,是正品
2020-03-04 14:51:46,挺好的～就是快递太慢～
2019-11-28 20:17:52,好评
2021-10-20 22:17:36,此用户没有填写评论!
2020-12-14 14:17:57,不错
2020-02-05 17:34:31,价格实惠，下单很快就发货。
2021-11-02 15:33:52,简直太好用了，只能用完美来形容！强烈推荐！简直太好用了，只能用完美来形容！强烈推荐！
2021-01-09 14:04:24,好
2020-03-08 21:13:06,??
2020-02-19 10:18:04,不怎么好
2020-03-12 15:52:34,产品收到了  质量不错  值得购买
2019-12-25 20:41:17,喉咙不舒服，备用药
2020-12-17 13:44:14,一直在阿里买药，便宜又保真，比药店便宜的不是一两点&hellip;会继续买的。
2020-12-14 10:59:44,发货速度很快 板蓝根是正品 非常好
2020-01-07 13:32:06,一直喝白云山的，相信它的质量，蛮好的，阿里的速度也蛮快，不过也是能免运费就好了
2020-10-27 18:34:41,很好，多次购买了
2021-01-01 20:35:41,天冷了，囤着
2021-01-03 20:27:32,好评
2021-01-07 19:55:10,不错
2021-01-30 09:48:16,还好
2020-08-02 00:52:43,多次购买，都是生活所需，预防感冒，以后希望活动多多
2020-06-22 13:12:18,很方便，口感也不错
2020-10-28 12:51:56,确实是真货，扫码验真了，牛比克拉斯，以后就在你们这家买药了，别的骗子有点多。
2020-03-22 12:21:16,不错
2020-11-02 15:33:14,1
2020-10-06 21:53:28,购买方便，价格实惠，好评好评好评好评好评好评
2021-01-30 11:00:07,关键时期，有备无患，，，
2021-11-14 17:29:03,很满意的一次购物，商家服务好，发货神速，物流也很给力，宝贝收到后非常喜欢，买得放心，用得安心
2021-04-09 19:32:43,好评
2020-12-15 11:12:59,此用户没有填写评论!
2021-03-31 17:42:05,蛮好的
2019-12-07 18:11:27,看起来很好啊，物流很快，就是不知道效果怎么样，不清楚啊？！！！
2020-10-15 10:57:15,日期新满意！
2021-01-12 12:12:00,价格合适，方便，我们这边没有卖复方的，所以网购了
2020-03-01 16:49:50,非常时期，感谢商家，客服，快递小哥的优质服务！
2020-08-05 22:07:46,方便
2020-12-23 21:08:18,太甜了
2020-09-30 23:10:26,日期没多久了
2020-10-10 14:24:41,就是有点贵
2020-06-17 16:07:49,非常味道不错感谢
2021-05-21 19:26:11,还没问
2021-01-01 10:52:07,买来预防的，还没用
2019-11-24 12:14:57,用完后再说。
2021-01-29 11:22:39,好！
2021-01-09 14:46:03,买来备用
2020-12-26 18:33:57,东西总体不错，发货挺快，给个好评吧，到货速度挺快的，不错!!!&ensp;不错的卖家，东西好，讲信誉。&ensp;
2020-01-07 20:09:54,很好
2020-03-11 14:29:15,，哦洪杰？我们的记忆犹新？！！！？！？！？这种不过你的时候我想要是想起你的人生才能解禁的记忆犹新？我们都会在一起的确很久了。我们的记忆犹新。我们都会在一起了。我们的记忆犹新。我们都市全球通。我想要求我们案情重演。我们的记忆犹新。我们都会在一起的确很多的话。我们在家呆滞状态了。我们都市全球通。我们在一起了。。。。我们的记忆犹新？！？！！！！？我的时候才可以真正意义是
2020-12-12 15:18:23,好
2020-03-23 00:22:38,在社康买都十多块，没货将就网上买包顶着先
2020-02-03 14:10:48,好
2020-02-28 16:23:45,给孩子喝，快递比较快
2020-09-24 15:37:02,便宜
2020-02-28 14:52:57,非常差，挂羊头卖狗肉，打广州总公司门头卖安徽分公司产品，愧对阿里品牌
2021-09-26 15:42:23,家里常备药品了，大品牌值得信赖。
2020-02-18 09:34:03,买来备用，至于生产日期这些看图片
2020-02-22 20:21:13,价格实惠，品质保证，阿里大药房，值得信赖！五星好评！！！
2021-01-06 16:57:38,很好 非常满意！
2019-12-07 18:19:06,东西不错，和药店一样。
2020-03-12 23:28:11,还不错嘛
2021-01-02 17:20:03,好
2020-05-17 15:44:12,一次性买了很多，都有追溯码，放心??
2020-10-09 11:50:36,多次购买，好评
2020-02-27 00:57:26,是正品&hellip;
2021-02-23 19:46:21,物流很快，给力
2019-12-13 11:16:23,降火首选
2020-02-18 20:34:41,可以啊啊啊啊啊啊啊啊啊啦啊啊啊啊啊啊啊啊啊啊啊啊啊啊啊啊啊啊啊啊啊啊啊啊啊啊啊啊啊啊啊啊啊啊啊啊啊啊啊啊啊啊啊啊啊啊啊啊啊啊啊啊啊啊啊啊啊啊啊啊啊啊啊啊啊啊啊啊啊啊啊啊啊啊啊啊啊啊啊啊啊啊啊啊啊啊啊啊啊啊啊啊啊啊啊啊啊啊啊啊啊啊啊啊啊啊啊啊啊啊啊啊啊啊啊啊啊啊啊啊啊啊啊啊啊啊啊啊啊啊啊啊啊啊啊啊啊啊啊啊啊啊啊啊啊啊啊啊啊啊啊啊啊啊啊啊啊啊啊啊啊啊啊啊啊啊啊啊啊啊啊啊啊啊啊啊啊啊啊啊啊啊啊啊啊啊啊啊啊啊啊啊啊啊啊啊啊啊啊啊啊啊啊啊啊啊啊啊啊啊啊啊啊啊啊啊啊啊啊啊啊啊啊啊啊啊啊啊
2021-01-13 17:18:11,必须赞一下！快递小哥不容易！
2020-05-22 15:33:56,给老公买的，老公咽喉痛，希望喝了能有所改善。
2021-10-18 22:12:44,好
2020-07-09 20:18:19,很好很不错
2021-08-18 18:10:52,此用户没有填写评论!
2020-03-11 03:05:20,好
2020-03-27 09:06:05,不错，价格实惠，家庭必囤
2020-07-10 17:09:30,很好
2020-06-21 17:37:21,老牌中成药，清热解毒，好喝去火。
2020-11-16 16:48:11,行
2020-10-22 10:23:43,板蓝根也好好喝
2020-01-30 11:51:50,快递很及时，谢谢坚持在一线的人们！
2020-09-26 23:37:01,发货很快!
2020-03-08 17:38:58,买家服务很好。
2021-01-04 09:03:22,天冷预防感冒，谢谢啦
2020-10-28 21:19:02,挺好
2021-08-28 14:25:50,居家必备
2020-08-16 12:27:25,??
2020-03-05 08:25:46,好
2020-03-10 17:01:48,性价比非常好，比药店便宜多了，阿里健康，非常好
2020-06-10 21:29:10,哈哈哈哈哈哈哈哈哈哈哈哈哈哈哈哈哈哈哈哈哈好是哈哈哈哈哈哈哈哈哈哈哈哈哈哈哈哈好哈哈哈哈哈哈哈哈哈哈哈哈哈哈哈哈哈哈哈哈哈哈
2020-03-17 15:50:46,好
2020-05-22 22:54:09,复方的比不是复方的好些，就是贵点，查询下还品。
2020-03-17 23:59:26,还可以啦
2020-01-02 10:12:41,好，不压，透气舒适透气性好舒服很好好好好好好好好好好好好好好好好好好
2020-12-12 21:43:30,还可以
2020-07-16 16:35:46,非常满意非常满意非常满意非常满意非常满意非常满意非常满意非常满意非常满意非常满意非常满意非常满意非常满意非常满意非常满意非常满意非常满意非常满意非常满意非常满意非常满意非常满意非常满意非常满意非常满意非常满意非常满意非常满意非常满意非常满意
2021-03-04 07:06:01,很好
2020-12-14 21:21:02,一点药味都没有，像红糖水??
2021-05-17 21:24:22,挺好的
2021-02-02 15:57:23,此用户没有填写评论!
2020-08-24 14:31:02,物流很快，价格比药店便宜，快递服务好，还送到家方便！
2020-08-24 20:05:12,快递很快，包装的很好，没有任何破损，也很优惠
2019-12-25 12:20:44,很好！满意！
2020-03-07 02:20:39,方便方便方便方便方便方便方便方便方便方便方便方便方便方便方便方便方便方便方便方便方便方便方便方便挺好挺好挺好挺好挺好挺好挺好挺好挺好挺好挺好挺好挺好
2020-07-27 13:19:12,网上买药一般都是在阿里
2020-12-15 19:53:58,物美价廉，多次购买，非常满意。先说商品质量：产品总体不错，包装严实。再说商家服务：点赞啦。最后点评快递：发货很快。其他就是感谢店家打折送券活动，毕竟便宜好货更实在。希望店家多多优惠，及时通知老客户，促成回购。祝生意兴隆。
2021-01-05 13:55:03,多次购买，牙疼很管用
2020-02-19 14:39:16,&radic;
2020-10-31 13:57:23,服务态度好，发货快，丰常棒
2021-09-21 13:33:00,可以
2020-03-07 13:27:28,好评
2020-11-02 17:59:46,很好
2020-10-18 16:45:30,好 都没有了
2020-10-26 16:55:31,日期很新，九月份的，发货快，就是物流包装不严实，能不能包装严实一点，还好没有少交
2020-10-30 08:13:37,正品
2020-02-26 07:20:27,物流是真的太垃圾，1月26日买的，到2月26日还没有收到，不要说现在物流还没有恢复正常，那起码一个月也应该躺着到了吧，没有自己物流真的太可怕了，买了两个都没有到货，估计收到货药效??都过期了！！！
2020-03-08 13:34:03,发货挺快
2020-02-26 20:58:25,这个快递是真的快，第二天就到了。五星好评。药也是好药。
2021-05-18 07:17:30,好
2020-03-04 18:30:17,还不错。
2020-11-22 20:03:14,此用户没有填写评论!
2020-10-28 08:23:56,发货速度快
2020-08-21 22:43:00,正品 很好
2020-04-06 16:33:32,有点贵
2021-01-05 12:56:06,很好，发货极速！
2020-12-29 12:48:12,是正品，比外面买的便宜，包邮送货上门，一次愉快的购物。
2020-04-09 19:28:20,东西收到，但一起买的，只能连累一起差评了
2020-03-12 22:32:25,家中常备药，嗓子不舒服就会喝一包！哈哈，价格还可以！
2020-05-01 22:29:08,挺好的，发货也快
2019-12-01 11:34:43,发货非常快，价格也非常实惠，很好
2021-10-11 19:20:18,阔以
2020-06-04 18:18:58,好评
2020-12-17 00:40:00,发货速度
2020-03-05 10:45:08,挺好的
2020-02-15 14:23:50,可以
2020-10-07 16:43:01,很好
2020-03-14 15:39:37,好评
2021-11-19 22:11:37,此用户没有填写评论!
2020-08-01 09:28:05,不错，是正品，客服很有耐心的给介绍。发货也很快。值得购买！
2020-03-06 09:25:00,物流挺快，就是挺贵，还是身体好最好，当然，一些药还是得日常备着。
2020-03-04 11:27:28,虽然物流有点慢等到了时候我感冒都好了一段时间了 那就把这些当备用药吧哈哈哈 宝贝包装都很好 收到还是很满意很开心的
2020-09-11 19:37:32,效果可以！回购的！
2020-12-25 13:31:05,好好好好好好好好
2020-12-11 10:01:40,评价这个已经购买的商品的时候，已经充分说明本人对这件商品不仅确认收货，而且没有申请退货或换货，恰恰正是本人对此商品的质量和品质，都是非常的认同，并没有任何异议，写出这个评论，也是想告知大家真实的想法，实物与商品描述相符，除价格稍贵之外，其他都能欣然接受，也希望卖家能上新更多优质的货品，更多优惠的政策，让客户能参与更多的促销活动，我相信，会有更多买家慕名而来的，好评已给出，请继续努力
2020-01-09 11:48:14,好评！
2020-12-27 09:48:11,可以
2020-03-05 19:07:17,货已收到
2021-05-14 15:41:10,不错，方便，家里常备药
2021-03-28 21:38:39,阿里大药房买的，放心
2020-04-17 13:17:33,good
2020-02-03 10:27:52,优惠价不错
2020-05-09 21:34:37,挺好
2020-02-25 21:48:56,非常时期非常感谢
2020-03-03 20:57:49,很好，这个时候这么快就收到了
2020-09-04 12:16:41,很好
2020-04-19 13:06:20,药以收到款已付好再来
2020-06-11 10:10:18,家里面药店要太贵了，这上面挺划算
2020-06-11 13:49:47,好
2020-05-20 17:05:31,到了夏天要备货
2020-05-30 17:42:55,家庭常备
2021-01-26 12:05:17,断货了很长时间，终于买到了
2020-06-12 07:23:30,暂时喝了没用，宠物喝了也没用，对打喷嚏没效果，但是发货很迅速
2020-12-12 16:56:12,很好很好很好很好很好很好很好很好很好很好很好很好很好很好很好很好很好很好很好很好很好很好很好很好很好很好很好
2021-01-14 16:40:20,备货
2020-03-02 20:10:28,还没喝，是正品
2020-11-16 16:11:37,没毛病，追溯码查过了。价格便宜发挥快。
2021-04-18 06:59:59,正品
2020-10-15 12:27:16,很好
2020-11-24 16:38:45,此用户没有填写评论!
2020-02-27 14:10:00,发货快 阿里药房值得信任，备点常用用药 ，预防感冒
2020-10-26 09:38:26,很不错，信赖品牌，我喜欢白云山品牌的。
2020-12-16 09:28:05,一家人都可以吃，冬天比较容易上火，容易风热感冒，所以备点在家
2020-12-24 09:53:59,药房没有货，到这里买，跟药房一样的，非常好
2019-12-11 17:05:14,买过很多次了，网上价格便宜，还包邮。
2021-10-14 09:31:08,老牌子的产品，质量很好的哦。
2019-12-07 09:00:21,ok
2019-12-16 15:10:24,家中备用，方便经济，坐标上海，从广州发货，路上稍微有点远了，希望下次能从江浙沪发货。
2020-02-25 11:10:07,质量很好很喜欢，全五分！还会再光顾的！质量很好很喜欢，全五分！还会再光顾的！质量很好很喜欢，全五分！还会再光顾的！质量很好很喜欢，全五分！还会再光顾的！质量很好很喜欢，全五分！还会再光顾的！质量很好很喜欢，全五分！还会再光顾的！质量很好很喜欢，全五分！还会再光顾的！质量很好很喜欢，全五分！还会再光顾的！质量很好很喜欢，全五分！还会再光顾的！质量很好很喜欢，全五分！还会再光顾的！质量很好很喜欢，全五分！还会再光顾的！质量很好很喜欢，全五分！还会再光顾的！
2020-02-22 19:51:54,是正品哦，就特殊时期，发货慢，物流受影响，整体可以
2020-11-04 11:41:45,不错！
2020-03-28 04:20:51,此用户没有填写评论!
2020-10-29 08:49:28,满意
2020-10-27 08:40:38,好评！
2019-12-23 19:00:41,包装完好无损，每一季都要在阿里健康囤上一些药品，品质跟药店一样，价格上要更优惠一些，大大小小的买了一堆，很满意。
2021-11-18 15:28:46,收到了，东西很好，为这个冬天预备的，好评，店家发货快，物流也快，
2020-02-19 20:53:10,好评
2021-05-06 22:12:30,哺乳期医生推荐可以喝的板蓝根，不甜，超喜欢
2021-10-22 20:07:39,当时买的时候还在犹豫价格，买来之后一点都不后悔，而且物流还快，可以入手
2020-08-06 17:25:48,好
2020-02-27 18:29:41,都很好
2021-11-14 16:11:16,此用户没有填写评论!
2020-03-12 14:59:15,非常好，多次购买阿里药房的药了，质量很好。
2021-11-06 11:21:21,方便快捷
2021-08-07 22:06:22,品质一级棒，包装也不错，物流很快，而且价格合理，很实惠，很喜欢
2020-12-15 16:28:17,拍单的时候一定要看看买多合适还是卖少合适，因为我就是买四个比买两个还贵的，图片是15天保价，客服跟我说7天保价，关键是我前天才签收，您这就便宜了，以后??写上2保价咯
2020-06-26 10:36:59,好评
2020-03-06 09:40:33,很不错
2020-03-17 15:16:27,圆通快递太慢！到货20多天都不配送！最后申请退款才电话联系我上门去取！差评
2020-03-03 10:06:14,速度好快！
2020-05-01 19:23:44,如果能次日达，就完美了！
2021-01-06 10:12:23,此用户没有填写评论!
2020-03-31 10:22:10,我勒个去，这玩意  真特么贵。。。。。。。。40小袋40块钱，一块钱一包 我晕了。。。。。。。。。。。
2020-02-28 12:03:45,小贵
2020-03-05 21:22:01,物流很快，
2020-03-25 22:48:14,不错不错
2021-07-02 09:53:21,??从没想过这么实惠的价格，??能买到这么好的宝贝，??性价比非常高，我很喜欢哦??
2021-01-29 10:13:14,一个多月了货都收不到评价*啊
2020-06-22 21:07:44,喝过了。是这个味。便宜又好喝。夏天必备
2021-01-03 15:22:25,非常好的
2020-11-24 20:28:49,正品
2020-09-25 15:54:06,包裝實在一般般吧，東西也不算特別便宜，希望能在包裝上加強一點！！收到外包裝紙箱都扁了！！裏面的小藥物東西，盒子也都壓力扁了，東西都跑出來了
2021-11-04 07:47:02,性价比高，我很喜欢，下次还会光临东西不错，还有优惠，可以放心省钱购买，不要犹豫了
2021-11-20 10:11:37,放家里备用
2021-11-20 18:50:02,没问题??
2021-11-20 23:04:37,因为没钱交医保费，所以没有医疗保险，只能花钱买了。
2021-11-20 18:25:52,好评
2021-11-20 10:17:06,很好
2021-11-21 00:12:38,效果不错，老公有点感冒喝了就好了
2021-11-20 09:50:39,外包装裂开口了
2021-11-20 15:42:28,很快就到了，全新正品??，包装很仔细，没有问题
2021-11-20 20:49:37,～～好评哦～～现在在网上买东西就是要对比来对比去，看了很多家类似的东西，觉得他们家东西质量个方面都还不错，所以才下手，收到货后发现选的没错，发货快，包装严实，东西没有损坏，卖家的态度也比较好，会推荐给身边人，值得回购！～～